Id,Name,2026-08-01 07:31:43
64296371,1MORE Q10K,"정품_22,900|해외구매_39,800"
64296410,1MORE Q20K,"정품_24,900"
122687556,1MORE S11,"정품_59,800|"
122687289,1MORE S12,"중고_43,320"
90437822,1MORE S51,"정품_89,000||해외구매_118,830"
22102217,1MORE 네오,"해외구매_27,390"
56153096,1MORE 피스톤 버즈 프로 Q30,"정품_89,000|해외구매_48,630"
54217994,1Mii Ankbit E35,"99,000"
27736436,ADV.Sound 니즈모 3D,"정품_46,900"
27735314,ADV.Sound 니즈모 주니어,"정품_36,120"
14673896,AMVR 오큘러스 퀘스트 2 이어폰,"정품_19,930"
53523125,ANKER Soundcore A20i,"해외구매_45,180"
86740952,ANKER Soundcore K20i A3994,"해외구매_34,000"
15240725,ANKER Soundcore Life P3 A3939,"해외구매_84,990"
18454823,ANKER Soundcore P10 A3850,"해외구매_78,300"
53421806,ANKER Soundcore P20i A3949,"해외구매_40,740"
78176216,ANKER Soundcore P40i A3955,"정품_53,100||해외구매_48,900"
122687553,ANKER Soundcore 에어로핏 2 A3874,"정품_169,900|해외구매_72,900"
122624903,ANKER Soundcore 에어로핏 2 A3874X,"정품_169,900"
5973958,APOINT QC4,"16,330"
28208783,APPLE 에어팟 프로2 맥세이프 USB-C MTJV3KH/A,"정품_227,990|해외구매_361,900"
17941787,APPLE 에어팟 프로2 맥세이프 라이트닝 MQD83KH/A,"정품_338,500|해외구매_463,700"
15099020,ASUS ROG CETRA II CORE,"정품_62,100|해외구매_84,810"
20131415,ASUS ROG CETRA II CORE Moonlight White,"해외구매_147,230"
20131424,ASUS ROG CETRA II USB-C 게이밍 이어폰,"해외구매_110,300"
16904846,ASUS ROG CETRA TRUE WIRELESS,"블랙, 정품_142,680|화이트, 정품_89,000|블랙, 해외구매_157,000|화이트, 해외구매_147,060"
32091956,ASUS ROG CETRA TRUE WIRELESS SPEEDNOVA,"정품_379,000"
6539647,Actto GERP-01 빅토,"16,560"
8044897,Actto GERP-02 배틀,"18,800"
15603419,Actto 러쉬 게이밍 이어폰 GERP-06,"21,900"
10274523,Actto 시저 GERP-03,"22,030"
14771015,Actto 인텐스 게이밍 이어폰 GERP-05,"13,900"
11747957,Actto 트리플 GERP-04,"37,400"
15604337,Actto 트리플 드라이버 게이밍 이어폰 GERP-07,"24,634"
18833957,Angry Miao CYBERBLADE,"해외구매_559,460"
19569521,Axxen SK106,"49,800"
28468379,BOBOJOJO 버즈 711,"정품_23,900"
67512923,BOSE QC 이어버드 2024년형,"정품_152,000|중고_135,200"
100691606,BUTTONS CLIP,"정품_260,000|"
67371431,Britz BZ-GT05,"정품_32,450"
13469678,Britz 브리츠인터내셔널 Acoustic ANC 3,"97,010|"
13794788,Britz 브리츠인터내셔널 AcousticANC1,"77,980"
19618988,Britz 브리츠인터내셔널 AcousticANC20HB,"108,000|"
71505017,Britz 브리츠인터내셔널 AcousticANC7,"정품_48,790"
17145536,Britz 브리츠인터내셔널 AcousticPods,"44,900"
28605899,Britz 브리츠인터내셔널 AcousticSnap5,"29,900"
31465079,Britz 브리츠인터내셔널 BR-E1 Pro,"98,400"
76792343,Britz 브리츠인터내셔널 BZ-AW3,"정품_41,300"
77205101,Britz 브리츠인터내셔널 BZ-D100X,"정품_49,900"
90889994,Britz 브리츠인터내셔널 BZ-DR5 Pro,"정품_49,900|"
73694930,Britz 브리츠인터내셔널 BZ-HJ10,"정품_38,700|중고_33,660"
61545470,Britz 브리츠인터내셔널 BZ-Mode3,"정품_18,240|"
52157786,Britz 브리츠인터내셔널 BZ-OWS7,"49,900"
73890581,Britz 브리츠인터내셔널 BZ-T10ANC,"정품_59,000"
64377458,Britz 브리츠인터내셔널 Fit5Pro,"정품_54,900|중고_42,600"
18279941,Britz 브리츠인터내셔널 HECATE GT4,"99,000|"
122683818,Britz 브리츠인터내셔널 HECATE GX07,"중고_36,350"
5891784,Britz 브리츠인터내셔널 KP590,"정품_24,440|"
7909837,Britz 브리츠인터내셔널 KP790,"39,800|"
31949270,Britz 브리츠인터내셔널 ProPods9 ANC,"39,900"
92357294,Britz 브리츠인터내셔널 Propods5 Plus,"정품_33,900"
91351889,CVJ Shadow Blade,"정품_79,000"
122628253,CVJ VIVIAN Anime Edition,"정품, 마이크_37,000|해외구매, 마이크_45,000|정품, 노마이크_28,570|해외구매, 노마이크_37,100"
122628257,CVJ VIVIAN Anime Edition,"정품, 마이크_37,000|해외구매, 마이크_45,000|정품, 노마이크_28,570|해외구매, 노마이크_37,100"
91351922,CVJ 어쌔신,"정품_74,430||해외구매_62,130"
20656436,Creative Outlier Free,"해외구매_99,980"
20656886,Creative Outlier Free Pro,"정품_143,000|해외구매_203,200"
78848345,Creative Outlier Free Pro Plus,"해외구매_148,110"
66138872,Creative ZEN AIR SXFI,"정품_82,770|해외구매_166,430"
122695616,ENZO 크리스탈 인이어 유선 이어폰,"정품_14,900"
13578926,EPOS 젠하이저 GTW 270 하이브리드,"정품_560,980|해외구매_177,960"
93861260,EPZ G20,"정품_69,000|해외구매_83,160"
17998988,FAE Tech Korea 아이작 G7,"정품_18,900|중고_8,060"
20702756,FIIL CC Pro2,"정품_82,560|해외구매_59,900"
95932712,FiiO FW3,"해외구매_116,740"
92763194,GZ G-Z01,"정품_12,510"
98415824,Google Pixel Buds Pro 2,"해외구매_284,390"
77278529,HAYLOU AirFree,"해외구매_26,790"
91346723,HAYLOU X1 NEO,"2개, 정품_59,100|해외구매_27,900"
94884929,HyperX Cirro Buds Pro,"정품_118,870|해외구매_76,690"
27944486,HyperX Cloud Earbuds II,"정품_47,400|해외구매_39,990"
17618555,HyperX Cloud MIX Buds,"해외구매_216,080"
76463735,HyperX Cloud MIX Buds 2 7D0A4AA,"정품_149,270|해외구매_245,550"
17790365,JBL QUANTUM 50,"정품_50,860|해외구매_20,800"
73693946,JBL QUANTUM 50C,"정품_35,110"
17952506,JBL QUANTUM TWS,"해외구매_198,390"
73693430,JBL QUANTUM TWS AIR,"정품_94,660|해외구매_268,900"
122685990,JLAB EPIC AIR ANC,"중고_17,300"
72114464,JVC Victor HA-FX150T,"해외구매_143,290"
72114614,JVC Victor HA-FX550T,"해외구매_149,940"
91039280,JVC Victor HA-XC72T,"해외구매_113,090"
122673135,KZ AE01,"중고_35,200"
16400516,LG전자 톤프리 TONE-TFP3,"198,890"
17738081,LG전자 톤프리 TONE-UT90Q,"242,360"
102491744,LG전자 톤프리 TONE-UT90Q 이어버드 단품,"화이트, 오른쪽_91,900"
79407632,LifeSync H03,"정품_15,660|"
76791440,MAXTILL GM-8D100,"정품_30,510|"
76791518,MAXTILL GM-AZEL3ENC,"정품_17,760"
54959189,MONKA BE-965,"79,000"
6294045,MSI GH10,"해외구매_135,040"
97109975,Maestraudio MAPro1000 Tekken 8 Edition,"정품_159,000"
79255031,Megio i35,"정품_20,880"
49163018,Nothing CMF Buds,"해외구매_62,910"
88207364,Nothing CMF Buds 2,"정품_64,860|해외구매_54,000"
95203241,Nothing CMF Buds 2a,"정품_49,000|해외구매_64,000"
122686602,Nothing CMF Buds Pro,"중고_39,200"
62161217,Nothing CMF Buds Pro 2,"정품_74,260|해외구매_79,000|중고_67,150"
51549122,Nothing Ear,"정품_247,200|해외구매_110,300"
19504880,Nothing Ear (2),"해외구매_203,400"
99127763,Nothing Ear (3),"정품_219,000|해외구매_215,300"
51548801,Nothing Ear (a),"정품_93,060|중고_84,150|해외구매_90,450"
72472355,Nothing Ear (open),"정품_158,860|해외구매_92,900"
18524708,Nothing Ear (stick),"해외구매_74,000"
29825432,PSI코리아 Nutz 오르골 T200,"정품_39,000|+충전어댑터_50,000|"
62162780,QCY AilyBuds Clear T32,"해외구매_19,820"
78240839,QCY AilyBuds E10 QT35,"해외구매_19,040"
86101646,QCY AilyBuds E20 HT13,"해외구매_19,620"
54963269,QCY AilyBuds Lite QT29,"정품_27,900|해외구매_18,480"
64468826,QCY AilyBuds Pro HT10,"정품_31,500|해외구매_31,500|중고_25,200"
64468982,QCY AilyBuds Pro+ HT10-Hires,"정품_33,500|해외구매_48,330"
17830622,QCY AilyPods T20,"정품_51,300|해외구매_41,600"
28370681,QCY ArcBuds HT07,"정품_78,990|해외구매_43,390"
20640293,QCY ArcBuds Lite T27,"해외구매_40,000"
30257801,QCY C1,"정품_17,900"
20640557,QCY C2,"해외구매_54,000"
91494506,QCY CT01,"정품_99,900"
101069585,QCY CT06,"정품_47,900|"
78241076,QCY Crossky C30S,"해외구매_33,260"
94886207,QCY Crossky C50,"해외구매_37,320"
65910779,QCY Crossky GTR2 T30,"정품_29,100|해외구매_50,000|중고_23,280"
21533051,QCY Crossky Link T22,"정품_22,800|해외구매_39,940"
16809392,QCY G1,"정품_269,440"
106693007,QCY MeloBuds N20,"해외구매_25,500"
92968457,QCY MeloBuds N30 HT16,"정품_21,400|해외구매_29,900"
100190570,QCY MeloBuds N60 HT19,"해외구매_42,120"
95423273,QCY MeloBuds N70 HT18,"해외구매_62,770"
71645780,QCY MeloBuds Pro HT08,"정품_44,500|해외구매_34,820|중고_35,600"
100383947,QCY MeloBuds neo T31,"정품_27,900|해외구매_20,400"
19927838,QCY T13 ANC,"정품_28,200|해외구매_20,600"
52367075,QCY T13 ANC 2,"정품_25,300|해외구매_20,600"
30257405,QCY T13X,"정품_24,300||해외구매_24,300"
16818110,QCY T17,"정품_21,800|해외구매_27,580"
16914116,QCY T18,"정품_275,260"
96258452,QCY T41 AIR,"정품_21,800"
94814210,QCY T43 Buds,"정품_18,900"
18066026,ROCCAT SYN Buds Air,"정품_119,900"
19427309,Razer Hammerhead HyperSpeed PS5 Licensed,"정품_229,000|해외구매_224,360"
19427672,Razer Hammerhead HyperSpeed Xbox Licensed,"정품_537,080|"
20429402,Razer Hammerhead Pro Hyperspeed,"해외구매_211,410"
14227610,Razer Hammerhead True Wireless Pro,"해외구매_203,290"
94934597,Razer Hammerhead V3,"블랙_69,000|화이트_69,000"
122634182,Razer Hammerhead V3 HyperSpeed,"정품_228,990"
122628299,Razer Hammerhead V3 X HyperSpeed,"정품_139,000|해외구매_183,550"
123537759,Razer Hammerhead V3 X HyperSpeed for PlayStation,"정품_147,870"
123537698,Razer Hammerhead V3 X HyperSpeed for Xbox,"정품_147,870"
37825949,SIE 플레이스테이션 PULSE Explore,"정품_288,000|해외구매_248,800|중고_210,510"
79408250,SKY 핏 버즈 S IM-S34,"정품_53,970"
72304982,SKY 핏 버즈 X IM-A26,"정품_19,990"
59085047,SKY 핏 팬텀 S,"17,760"
16810652,SKY 핏 팬텀 SKY-GA-S2X,"24,990"
72304559,SKY 핏 페블 IM-A27,"정품_49,990|중고_12,340"
28775405,SONY INZONE Buds WF-G700N,"정품_206,690|해외구매_192,020|중고_148,810"
97305107,SONY INZONE E9 IER-G900,"정품_154,390||해외구매_159,670"
99739352,SONY INZONE E9 IER-G900,"정품_154,390||해외구매_159,670"
14929901,Saramonic Games Monic SR-BH60,"115,411"
122683760,Smartek STBT-TW1300,"정품_12,900"
96310748,Smartek STBT-TW6500LCD,"정품_22,900"
67680776,Smartek STE-GM1,"16,460|"
27943439,SoundPEATS Air 4 Lite,"해외구매_59,800"
79115312,SoundPEATS Air 5,"해외구매_140,000"
75470195,SoundPEATS Air 5 Lite,"정품_62,000||해외구매_64,740"
91191932,SoundPEATS Air 5 Pro,"정품_81,500"
21440660,SoundPEATS Air3 Deluxe HS,"해외구매_167,520"
77278421,SoundPEATS CC Pearlclip Pro,"정품_46,000|중고_41,400|해외구매_62,100"
122682697,SoundPEATS Capsule 3 Pro,"중고_44,000|해외구매_74,160"
79049171,SoundPEATS Capsule 3 Pro+,"정품_99,000|해외구매_160,920"
93916307,SoundPEATS Chasers,"정품_69,000|중고_55,200"
88206863,SoundPEATS Clear pods,"정품_25,000|"
103749602,SoundPEATS Clip1,"정품_71,100|"
21441473,SoundPEATS Engine 4,"해외구매_154,640"
32106083,SoundPEATS GoFree 2,"해외구매_112,580|중고_30,400"
97357622,SoundPEATS H3,"해외구매_135,690"
79603781,SoundPEATS T3 Pro,"정품_13,900|해외구매_60,450"
21461741,SoundPEATS Wings 2,"해외구매_36,210"
14511092,Sounder X4,"해외구매_68,640"
73696280,TANCHJIM MINO,"해외구매_31,920"
73696388,TANCHJIM MINO Asano,"해외구매_60,270"
96856463,TOZO 오픈라임,"정품_46,900|"
18041753,UGREEN HiTune X5,"해외구매_75,300"
28604567,VFAD Super Air,"해외구매_26,900"
43524137,XDIO XDB-EG1,"24,890"
63139517,XTRA gni-310,"36,190"
20747429,그라바스타 Sirius P5,"크리스탈, 해외구매_180,010|메카, 해외구매_149,000|아머, 해외구매_198,000"
50000789,그린솔루션 펭카 언즈 PO100,"11,970|"
20612951,노키아 Go Earbuds 2 Pro TWS-222,"49,900"
29486825,노키아 Go Earbuds 2 TWS-112,"47,900"
122685567,노키아 클래리티 이어버즈+ TWS-731,"중고_62,100"
27918824,누심비 트리플 드라이버 게이밍 이어폰,"14,560"
43532429,두원통상 디보이스 GE-200BC,"25,380"
101623925,두원통상 디보이스 GE-700,"정품_11,490"
92967485,디알고 ANCEP,"정품_18,530"
14973056,디알고 EP01,"22,500"
14960540,디알고 EP05C,"26,230|"
15044618,디알고 게이밍 RGB 이어폰 GT03,"33,500|"
16815374,디에이치컴퍼니 듀얼홈 듀터스 DH-AE100,"59,000"
91767884,라이트컴 COMS FU145,"정품_25,500"
97775282,라익미 사운드미 LE10,"화이트_12,300|베이지_12,300"
97775270,라익미 사운드미 LE10,"화이트_12,300|베이지_12,300"
104373767,램스혼 터치스크린 WE-1,"정품_20,900"
20242811,레노버 GM2 PRO,"해외구매_11,000"
20338559,레노버 LP6,"해외구매_36,500"
43524818,레노버 Lecoo EW302,"34,900"
43524569,레노버 Lecoo EW303,"54,900"
20344466,레노버 XT92,"해외구매_13,300"
62651033,레노버 씽크플러스 TW60,"해외구매_18,180"
19747940,레노버 씽크플러스 XT80,"해외구매_9,590"
30122966,레노버 씽크플러스 XT83II,"해외구매_14,020"
64271096,로지텍 G333,"해외구매_46,690"
15123737,로지텍 G333 K/DA 게이밍 이어셋,"해외구매_70,290"
74810654,롯데하이마트 하이메이드 X 블라우풍트 블루투스 이어폰 HMTWS-BL01,"정품_14,950"
98484326,리썬즈몰 밥튠 8D,"정품_92,000|중고_73,600"
54324596,마이크로스톤 젤센 ZELPODS PRO,"38,400"
92108039,마이크로스톤 젤센 젤팟 액티브 스윔,"정품_68,500"
96480161,마이크로스톤 젤센 젤팟 액티브 클래식,"정품_87,900|"
92965946,마타스튜디오 에어튠,"정품_32,000"
21702560,맨큐 A13,"정품_35,800|해외구매_25,560"
8489697,메이커스잼 ES-300,"9,350"
122688199,몬스터 OPEN FREE AC100,"중고_12,600|해외구매_24,380"
79038896,몬스터 XKT10 PRO,"정품_51,900||해외구매_41,620"
78990083,몬스터 XKT12,"정품_23,900||해외구매_34,780"
97307663,몬스터이어 쉐도우 X,"정품_84,540|+4.4mm 케이블_122,590"
97307648,몬스터이어 쉐도우 X,"정품_84,540|+4.4mm 케이블_122,590"
91423964,미니소 M98,"정품_40,990||해외구매_39,100"
95989898,미니소 X28,"해외구매_30,590"
59760254,베이스어스 Bowie 35,"36,890"
53421704,베이스어스 Bowie EZ10,"해외구매_19,320"
52157846,베이스어스 Bowie M2s,"정품_28,970|해외구매_30,600"
55455959,베이스어스 Bowie MA10 Pro,"해외구매_65,000"
55384679,베이스어스 Bowie MA10S,"정품_27,290"
17613134,베이스어스 Bowie WM02,"해외구매_20,230"
122694838,베이스어스 bowie M2,"중고_37,460"
96258269,볼티움 아쿠아본X VTU-X900,"정품_128,930|"
20597147,블라우풍트 BLP-BE331,"블랙_28,800||화이트_28,800|레드_48,900|중고_25,050|퍼플_28,800|||"
24709895,블라우풍트 BLP-BE341,"블랙_39,600"
53883353,블라우풍트 BLP-BE352,"43,900|"
67372736,블라우풍트 BLP-BE363,"정품_24,900|"
79028411,블라우풍트 BLP-BE365,"정품_24,170"
100001507,블라우풍트 BLP-OE671,"정품_47,900|"
122689294,블라우풍트 토트넘 홋스퍼 TOT-OE385,"중고_35,500"
28531961,삼성전자 갤럭시 버즈 FE SM-R400,"정품_150,000"
28856237,삼성전자 갤럭시 버즈 FE SM-R400N,"해외구매_150,830"
11915881,삼성전자 갤럭시 버즈 라이브 SM-R180,"정품_499,990|해외구매_554,700"
13010462,삼성전자 갤럭시 버즈 프로 SM-R190,"정품_239,800|해외리퍼비시_148,390"
122656416,삼성전자 갤럭시 버즈 플러스 SM-R175,"중고_42,880|해외구매_386,430"
14986085,삼성전자 갤럭시 버즈2 SM-R177,"정품_230,000|해외구매_128,660"
17641574,삼성전자 갤럭시 버즈2 프로 SM-R510,"정품_229,000|해외구매_191,400"
59541506,삼성전자 갤럭시 버즈3 SM-R530N,"정품_158,990|해외구매_161,000"
122709919,삼성전자 갤럭시 버즈3 SM-R530N + 아몬드브리즈 오리지널 케이스,"정품_200,090"
59537216,삼성전자 갤럭시 버즈3 프로 SM-R630N,"정품_221,280|해외구매_185,794|중고_189,500"
122709988,삼성전자 갤럭시 버즈3 프로 SM-R630N + 아머 케이스 카키,"정품_265,170"
122709970,삼성전자 갤럭시 버즈3 프로 SM-R630N + 아몬드브리즈 케이스,"정품_261,060"
122709925,삼성전자 갤럭시 버즈3 프로 SM-R630N + 카라비너 클립 케이스,"정품_263,030"
106702613,삼성전자 갤럭시 버즈4 SM-R540,"정품_195,560||"
106702589,삼성전자 갤럭시 버즈4 프로 SM-R640,"정품_322,730|해외구매_237,390"
16475345,삼지아이티 피스넷 게이밍 이어폰,"38,900"
72969116,삼지아이티 피스넷 마이크본,"정품_109,900"
64296605,삼지아이티 피스넷 워터본,"99,900"
74417189,상도아이앤티 ANYZONE ANY-E2 ProFit,"정품_19,890"
20299799,샤오미 레드미 버즈 4 라이트 M2231E1,"정품_16,650|해외구매_17,990"
24708662,샤오미 레드미 버즈4 액티브 M2232E1,"해외구매_36,900"
17719820,샤오미 레드미 버즈4 프로 M2132E1,"해외구매_113,900"
86492555,수월우 X 붕괴 스타레일 로빈,"해외구매_126,500"
90648590,수월우 레이스,"해외구매_82,710"
92236130,수월우 블록,"해외구매_36,990"
95058239,수월우 스페이스 트래블 2,"해외구매_40,400"
99323759,수월우 스페이스 트래블 2 울트라,"해외구매_82,160"
27889643,수월우 스페이스 트레블,"해외구매_34,200"
96426449,수월우 필,"해외구매_41,310"
70098014,스틸시리즈 Arctis Gamebuds,"정품_198,550|해외구매_208,200|병행수입_248,130|"
73886861,스틸시리즈 Arctis Gamebuds X,"정품_192,100|해외구매_260,020"
13395971,스틸시리즈 TUSQ,"59,000"
12296723,싸코 BJ,"18,420|"
97227146,아이리버 Go Free Air30,"정품_37,800"
31981469,아이리버 IB-T5011BT,"31,910|"
31981343,아이리버 IB-T5013BT,"25,750|"
28837613,아이리버 IB-TWA9,"46,400"
17128076,아이리버 IBC-AIR9,"정품_63,800|중고_50,940"
72592136,아이리버 IBC-AIR9 PLUS,"정품_95,500|중고_71,370"
41614652,아이리버 IBE-G08,"28,410|"
28027556,아이리버 IBE-G10P,"18,300|"
7998838,아이리버 IGE-101,"14,900"
19564940,아이리버 IGE-202C,"29,900"
40567520,아이리버 IGE-606C,"14,900"
56062097,아이리버 IGE-8D10C,"정품_31,760"
33386075,아이리버 IGE-8D20C,"32,200"
33386003,아이리버 IGE-8D30C,"정품_29,800"
33385949,아이리버 IGE-8D40C,"27,210"
47832563,아이리버 IGE-8D60C,"32,890"
98483681,아이리버 IGE-909C,"정품_12,430|"
18938993,아이리버 IGE-C303,"26,900"
122684722,아이리버 IGE-GE20,"중고_7,960"
18939542,아이리버 IGE-GE30,"26,910"
93320414,아이리버 IGE-M1C,"정품_33,900"
58664093,아이리버 IGE-S2,"블랙_38,080|화이트_23,180"
18134255,아이리버 IGE-V1C,"블랙_63,580"
18581489,아이리버 IGE-V2C,"정품_26,520|"
18265100,아이리버 IGE-V3C,"48,000|"
18991427,아이리버 IGE-V4C,"37,400"
78978971,아이리버 IHBT-TP30,"정품_15,800"
58011269,아이리버 IHT-A03,"24,900"
101721890,아이리버 IOW-L90,"정품_32,340"
28890416,아이리버 IR-TWS100 S4,"블랙_72,710||화이트_62,830|핑크_54,400"
28219163,아이리버 ITW-AE7,"24,900"
24133706,아이리버 i.Shell ITW-A1,"69,000"
91347482,아이리버 마카롱 MC50,"정품_34,900|"
7585840,아이리버 블랭크 IGE-301,"정품_24,900"
37350872,아이리버 오픈핏 에어 IBW-20,"48,000"
79117406,아이리버 오픈핏 에어 IOW-10,"정품_91,080"
122691387,아이엠듀 Flowsonic2,"중고_23,920"
79100483,아이엠듀 게이밍 이어폰,"정품_19,800"
7756912,아이젠 GE-2200,"정품_3,180"
7757314,아이젠 GE-5000,"5,250"
28469633,아즈라 AIM 8,"정품_52,000"
20520302,아즈라 RF2000 리마스터,"정품_297,000"
18829904,아즈라 아레스,"정품_159,000|"
19317128,아즈라 아젤 에디션 G 2세대,"정품_247,610||해외구매_173,400"
78389927,아즈라 아젤 에디션 G 3세대,"정품_99,000|중고_69,680"
28884713,아즈라 에이왁스,"정품_79,000|중고_53,720"
17752685,아즈라 오르타 MK2,"정품_139,000|"
20013272,아즈라 파스칼,"정품_129,000|"
122677658,앤트앤비 B35,"중고_5,150"
19731452,야마하 TW-E3C,"정품_90,000|해외구매_65,310"
18322034,야마하 TW-E7B,"정품_360,050|해외구매_258,490"
56155115,야마하 TW-EF3A,"해외구매_140,990"
18638492,야마하 TW-ES5A,"정품_280,000"
21690641,어썸컨셉 아이언핏 프로,"44,900"
78984941,에디파이어 Comfo C R1,"정품_73,470|중고_58,650|"
78985019,에디파이어 Comfo Flex,"정품_73,470"
122687973,에디파이어 HECATE GM260 Plus,"중고_24,210"
96426566,에디파이어 NeoBuds Planar,"정품_289,000|해외구매_389,900"
96311348,에디파이어 NeoBuds Pro 3,"정품_189,000"
76792865,에디파이어 STAX SPIRIT S10,"정품_371,070|해외구매_202,570"
27761015,에디파이어 W210BT,"해외구매_71,160"
122691620,에이투 GE130,"정품_24,900"
100618403,에이투 GE5,"정품_59,900"
122686593,에이투 더 클래시,"중고_32,430"
95201216,엠지텍 지링크,"정품_96,510"
63141164,오디오테크니카 ATH-CKS30TW+,"정품_129,000|해외구매_109,510"
16430957,오디오테크니카 ATH-CKS50TW,"해외구매_132,940"
15953468,오디오테크니카 ATH-SQ1TW SVN,"해외구매_242,950"
41615006,오디오테크니카 ATH-SQ1TW2,"정품_79,000|해외구매_79,860"
46743992,오디오테크니카 ATH-TWX7,"정품_170,870|중고_151,260|해외구매_205,900"
18634628,오디오테크니카 ATH-TWX9,"정품_319,000|해외구매_253,900"
98547329,오디오테크니카 ATH-TWX9MK2,"정품_327,340|중고_281,930"
16397669,요이치 디아블로 브릭 YS-A420,"7,900"
7160989,웨이코스 씽크웨이 TONE BOB SHOCK 8D 2BA,"92,000"
6399841,웨이코스 씽크웨이 TONE BOB SHOCK BA,"338,410"
14505566,웨이코스 씽크웨이 TONE BOB SHOCK BT 가상 7.1 채널 게이밍 이어폰,"정품_71,250|중고_41,730"
20731976,이어락 G9 MK3,"정품_57,000"
122711390,이어펀 AirPro4,"정품_99,000||해외구매_86,800"
59763383,이어펀 FreePro3,"해외구매_71,720"
122683762,인비오 아이버즈,"중고_6,730"
21483227,인비츠 비트젠 AET-101,"79,790|"
19866440,잇서 배그롤 게이밍 이어폰,"3.5mm_34,900||USB-C_25,650|"
21572177,잇서 배그롤 프로,"USB-C_32,650|3.5mm_26,040|"
79407215,제닉스 TITAN GE3,"정품_39,900"
122686403,제닉스 TITAN GE5,"정품_51,900"
36205724,젠하이저 모멘텀 트루 와이어리스 4 MTW4,"정품_290,290||해외구매_324,000"
57292517,젠하이저 엑센텀 트루 와이어리스 ATW1,"정품_189,000||해외구매_262,760"
93444698,젤리타이거 젤리팟 프로,"정품_19,800"
17276369,조이트론 버즈비트,"24,800"
79553000,조이트론 버즈비트 A3,"정품_39,800"
79552847,조이트론 버즈비트 G24,"정품_74,800|"
43523813,주닉스 GM-007,"15,200"
33334004,청연MnS naVee NV2-OWE1,"26,010"
100736297,청연MnS naVee NV88-NTW1,"정품_35,800|중고_32,980"
97357907,체리스팟 CS-GM3,"정품_12,800"
93446054,카렉스 붐마스터 Airo-04,"정품_14,900"
96256430,캠브리지오디오 Melomania A100,"정품_219,000||해외구매_255,990"
122688191,캠브리지오디오 Melomania M100,"중고_175,200"
40019327,컴길 빌보드 BL-ANC002,"40,120"
15601559,코시 EP2072G,"27,100"
18639767,코시 EP2153BTW,"25,370"
17941004,코시 EP4057BTW,"20,600"
17830121,코시 카오스 EP2106G,"27,900"
122694793,쿠팡 홈플래닛 EP01KN-WH,"중고_3,640"
21520130,쿠팡 홈플래닛 무선 블루투스 5.1 이어폰,"블랙_40,100||"
60244043,키밍 KM1941-70,"13,200"
64297205,킹콩 M62,"정품_22,000"
19170722,터틀비치 RECON Air Chat,"정품_43,900"
18066953,터틀비치 Recon Battle Buds,"블랙, 정품_34,990|화이트, 정품_34,650"
16638656,터틀비치 SCOUT Air,"정품_110,260"
97959233,톰슨 TBE-201,"정품_23,800|중고_19,040"
90579476,트랜스포머 TF-T01,"정품_23,900|해외구매_28,980"
54811430,트랜스포머 TF-T23,"해외구매_27,870"
91497539,트윈션 귀걸이형 이어폰,"정품_20,040"
18460763,티앤에스인터내셔널 NOX Maeve G25,"34,890"
30194294,티앤에스인터내셔널 NOX 헤드서퍼 W-M1,"39,800|"
28609022,파이널 VR2000,"정품_89,600|해외구매_68,530"
13055135,파이널 VR3000,"정품_105,020|해외구매_91,400"
97361837,파이널 VR3000 Wireless,"정품_179,000|해외구매_226,800"
43529903,파이널 VR500,"정품_47,530|해외구매_41,780"
92236343,파이널 ZE3000 SV,"정품_122,930|해외구매_142,240"
7712632,판다인터내셔널 사운드판다 SPE-G9,"34,900|"
15075545,판다인터내셔널 사운드판다 SPE-G9 Light,"정품_23,630||해외구매_16,800"
11475708,판다인터내셔널 사운드판다 SPE-G9 Plus,"정품_58,810|해외구매_56,800|중고_23,290"
30102140,퍼플사운드 퍼플메이트 ED747,"13,540"
95930309,포데모스 POE1B,"정품_95,700"
94814459,포스텍 윙플레이어 WP-101,"정품_20,000"
18169517,프로젝트 리파인 T18R,"28,900|"
95344328,프리라이프 Y-10,"해외구매_16,900"
95344259,프리라이프 미니 수면 이어폰 SK19,"정품_24,900|해외구매_11,780"
15717143,피에스이 벤처스 PENTON 보이스,"정품_68,700|중고_10,250"
73694369,필립스 TAT1109,"정품_19,900|중고_17,220"
108390980,필립스 TAT1139,"정품_19,900|중고_15,840"
90436493,필립스 TAT2739,"해외구매_72,800"
97958360,하나인더스트리 토트넘 홋스퍼 무선 이어폰 TOT-BE371K,"중고_15,920"
31476512,하나인더스트리 파리생제르망 오픈 웨어러블 이어폰 BLP-OE381,"80,100"
28397972,현원 모비블루 BE02,"24,000"
