Id,Name,2026-09-01 09:50:16
97564598,8bitdo Retro R8 유무선 N 에디션,"64,260"
48645131,A4Tech Bloody V8M MAX,"36,490"
8988008,ANYZEN AZ-M5 무소음 유선 마우스,"_블랙_3,790|_화이트_3,790"
74007542,APPLE Magic Mouse MXK53KH/A,"정품_87,318"
74007884,APPLE Magic Mouse MXK63KH/A,"정품_122,800"
122698650,ASUS MD102 무선,"39,890"
106044509,ASUS ROG HARPE ACE EXTREME 유무선 대원씨티에스,"349,000"
75721118,ASUS ROG HARPE ACE MINI 유무선,"_블랙_99,000|_화이트_99,000|중고_73,490"
98084132,ASUS ROG HARPE II ACE 유무선,"_블랙_202,000|_화이트_202,000"
99916541,ASUS ROG HARPE MINI CORE,"39,000"
99287795,ASUS ROG KERIS II ORIGIN 유무선,"_블랙_171,440|_화이트_172,210"
14706728,ASUS ROG SPATHA X,"_정품_356,000|_해외구매_178,000"
42861422,ASUS ROG STRIX IMPACT III 무선,"_블랙_68,480|_화이트_67,780"
3135998,ASUS STRIX CLAW,"87,890"
123605395,ATK A9 AIR ULTIMATE 유무선,"해외구매_61,800"
123605401,ATK A9 AIR ULTIMATE+ 유무선,"해외구매_67,000"
78611138,ATK A9 PLUS 유무선,"해외구매_33,300"
101721344,ATK A9 ULTIMATE 유무선,"_레드_81,000|_블랙_81,000|핑크_81,000|화이트_81,000"
99289535,ATK A9 ULTIMATE 유무선 해외구매,"61,550"
123798627,ATK A9 ULTIMATE+ 저소음,"_블랙_86,000|_화이트_86,000"
93497630,ATK A9 ULTRA 유무선 브라보텍,"_블랙_73,600|핑크_73,600|_화이트_73,600|중고_64,600"
78611159,ATK A9 ULTRA 유무선 해외구매,"66,600"
100697273,ATK Duckbill Ultra 유무선,"블랙_109,000|_화이트_109,000|_메탈릭 퍼플_113,000|중고_92,650"
122682046,ATK F1 V2 Ultimate 유무선,"_메탈릭 퍼플_88,000|_블랙_83,000|펄 블루_83,000|화이트_83,000|중고_74,700"
99289961,ATK F1 V2 Ultimate 유무선 해외구매,"53,290"
99289943,ATK F1 V2 Ultra Max 유무선,"해외구매_47,500"
123762828,ATK F1 V3 Extreme+ 유무선,"해외구매_91,980"
123762816,ATK F1 V3 Ultimate+ 유무선,"해외구매_63,410"
107770952,ATK GHOST Ultimate,"해외구매_88,150"
91771112,ATK VXE MAD R+ 유무선 브라보텍,"블랙_72,400"
31074047,ATK VXE R1,"해외구매_37,900"
74248754,ATK VXE R1 PRO,"35,320"
93567794,ATK VXE R1 PRO MAX 유무선 브라보텍,"라이트핑크_74,390|_블랙_78,400|_화이트_97,800"
31074596,ATK VXE R1 PRO MAX 해외구매,"49,500"
33361157,ATK VXE R1 PRO 해외구매,"37,220"
31073990,ATK VXE R1 SE,"해외구매_31,400"
33361193,ATK VXE R1 SE+,"해외구매_11,900"
96649226,ATK VXE R1 SE+ 유무선 가온인터내셔날,"화이트_25,900"
91770953,ATK VXE R1 SE+ 유무선 브라보텍,"라이트 핑크_28,900|_블랙_28,900|퍼플_28,900|_화이트_25,900|블랙, 저소음_29,800|"
122659108,ATK VXE V3 PRO 유무선,"해외구매_25,750"
122659100,ATK VXE V3 유무선,"해외구매_16,750"
53418992,ATK X1 PRO,"해외구매_62,780"
53419034,ATK X1 PRO MAX 해외구매,"63,900"
91871993,ATK X1 ULTIMATE 유무선,"_블랙_79,000|_화이트_79,000|중고_59,250"
103185221,ATK X1 V2 Ultimate 유무선,"메탈릭 레드_88,000|메탈릭 퍼플_88,000|_블랙_83,000|_화이트_83,000|중고_70,550"
123971674,ATK X1 V2 Ultimate+ 저소음 유무선,"_블랙_82,770|_화이트_82,770"
99288497,ATK Z1 PRO MAX 유무선,"해외구매_72,530"
93804716,ATTACK SHARK G3 PRO 유무선,"해외구매_11,870"
123605137,ATTACK SHARK V3 PRO 유무선,"해외구매_27,200"
123605125,ATTACK SHARK V6 유무선,"해외구매_17,900"
98226569,ATTACK SHARK X1 유무선,"해외구매_27,920"
54102236,ATTACK SHARK X11 유무선,"해외구매_15,900"
36201788,ATTACK SHARK X6 유무선,"해외구매_16,280"
124076219,AULA KUNLUN X5 유무선,"해외구매_98,710"
123799947,AULA SC580 EVO 유무선,"해외구매_23,800"
122692192,AULA SC580 SE 유무선,"해외구매_17,520"
123605154,AULA SC590 유무선,"해외구매_18,500"
86098268,AULA SC620 유무선,"해외구매_15,800"
122693074,AULA SC630 PRO 유무선,"해외구매_21,500"
123972744,AULA SC880 Max 유무선,"해외구매_90,900"
123972749,AULA SC880 Ultra 유무선,"해외구매_99,700"
123972466,AUSDOM G06 고급판,"해외구매_48,000"
123972470,AUSDOM G06 스피드판,"해외구매_27,000"
123972477,AUSDOM G06 프로판,"해외구매_68,000"
18399887,Actto BTM-12 무선 버티컬 마우스,"_블랙_29,000|아이보리_29,000|핑크_34,100|_화이트_35,890"
4596600,Actto GMSC-15 하데스,"13,300"
5703123,Actto MSC-185 핸디 버티컬 마우스,"14,140"
123972687,Alienware AW320M,"해외구매_22,040"
19845422,BenQ ZOWIE EC-CW 무선,"S_258,680"
90115643,BenQ ZOWIE EC-DW 무선,"_S_233,430|M_233,430|_L_233,430|중고_167,960"
17511191,BenQ ZOWIE EC1 화이트 V2,"155,440"
15852782,BenQ ZOWIE EC2-C 유선 마우스,"159,400"
5893132,BenQ ZOWIE FK1 PLUS 스페셜 에디션 화이트,"69,000"
17423147,BenQ ZOWIE FK1+-C,"95,030"
17423195,BenQ ZOWIE FK1-C,"99,000"
17510906,BenQ ZOWIE FK2-B 화이트 V2,"69,000"
17423228,BenQ ZOWIE FK2-C,"138,750"
70255292,BenQ ZOWIE FK2-DW 무선,"194,870"
17511362,BenQ ZOWIE S1 레드 V2,"69,000"
17511305,BenQ ZOWIE S1 화이트 V2,"69,000"
15599720,BenQ ZOWIE S1-C 유선 마우스,"95,900"
71903726,BenQ ZOWIE S2-DW 유무선,"205,300"
35393978,BenQ ZOWIE U2 무선,"186,460"
78983114,BenQ ZOWIE U2-DW 무선,"205,300"
17422913,BenQ ZOWIE ZA11-C,"99,000"
17422955,BenQ ZOWIE ZA12-C,"99,000"
71903774,BenQ ZOWIE ZA13-DW 유무선,"205,300"
99946613,CHERRY XTRFY MW5500 8K 유무선,"_레드_90,090|_블루블랙_94,220|화이트_94,220"
124012612,CHERRY XTRFY MW5500 PRO 유무선,"109,000"
16054460,COMS JD576 무선 마우스,"4,990"
10433283,CORSAIR DARK CORE RGB PRO,"224,280"
20572301,CORSAIR DARKSTAR RGB 무선 게이밍,"161,410"
4636202,CORSAIR HARPOON RGB,"22,990"
7765732,CORSAIR HARPOON RGB PRO,"32,210"
7096894,CORSAIR HARPOON RGB WIRELESS,"58,900"
123694141,CORSAIR HARPOON RGB v2 무선,"75,650"
7003147,CORSAIR IRONCLAW RGB,"64,510"
104625587,CORSAIR IRONCLAW RGB SE 무선,"106,240"
7808275,CORSAIR IRONCLAW RGB WIRELESS,"99,690"
18139547,CORSAIR KATAR ELITE WIRELESS 게이밍 마우스,"정품_89,900"
12408716,CORSAIR KATAR PRO,"24,650"
12408881,CORSAIR KATAR PRO WIRELESS,"_정품_48,450|_해외구매_77,000"
64390766,CORSAIR M55 게이밍,"30,510"
64390661,CORSAIR M55 무선 게이밍,"53,890"
7003276,CORSAIR M65 RGB ELITE,"블랙_87,040"
15315128,CORSAIR M65 RGB ULTRA,"_정품_79,540|_해외구매_92,050"
15315590,CORSAIR M65 RGB ULTRA WIRELESS,"_블랙_99,000|_화이트_172,500|중고_109,060"
28644107,CORSAIR M75 AIR 초경량 유무선 게이밍,"_블랙_99,000|_화이트_99,000"
101542376,CORSAIR M75 RGB 유무선 애플 에디션,"144,410"
39911246,CORSAIR M75 RGB 초경량 게이밍,"76,410"
8176444,CORSAIR NIGHTSWORD RGB,"122,000"
13856150,CORSAIR SABRE RGB PRO,"76,030"
10630401,CORSAIR SCIMITAR RGB ELITE,"100,300"
91039475,CORSAIR SCIMITAR RGB 엘리트 무선 SE,"_건메탈_183,440|_화이트_183,690"
123775232,CORSAIR 나이트소드 v2 무선,"161,410"
103517387,CORSAIR 세이버 v2 PRO CF 무선 게이밍,"246,410"
103517336,CORSAIR 세이버 v2 PRO MG 무선 게이밍,"_블랙_186,140|_화이트_186,140"
97956851,CORSAIR 세이버 v2 PRO 초경량 무선 게이밍,"_블랙_94,910|_화이트_118,910"
27895265,CORSAIR 시미터 RGB 엘리트 무선 게이밍,"118,000"
92966111,COX CEM20 인체공학 FREE 버티컬 무선,"_블랙_26,900|_블루_26,900|옐로우_26,900|핑크_26,900"
102550046,COX CEM30 서포트오피스 FREE 무선,"_그레이_25,900|_블랙_25,900|블루_25,900|핑크_25,900|화이트_25,900"
122645163,COX CEM70 스컬프트 글러브 타입 3모드 인체공학,"_블랙_21,000|핑크_21,000|_화이트_21,000"
106745747,COX CM1000,"_블랙_5,500|핑크_5,500|_화이트_5,500"
13461344,COX CM400 3327 게이밍 마우스,"18,900"
11652884,COX CM500 3360 RGB 게이밍 마우스,"블랙_37,000"
7895518,COX CM90W 유무선 RGB 게이밍 마우스,"39,000"
15580778,COX CM91W 유무선 RGB 게이밍 마우스,"39,900"
122930192,COX CPM10 충전독 유무선,"_블랙_42,000|_화이트_42,000"
14966969,COX CTM100 어고노믹 무선 트랙볼 마우스,"40,900"
12108713,COX CWM200 무선 블루투스 마우스,"14,000"
98779283,COX CWM40 무선,"_블랙_6,900|_화이트_6,900"
99288896,COX Z1 OLED 디스플레이 3모드 게이밍 유무선,"49,000"
122708778,CinemaKiss DHF-5089 무선,"38,790"
11552819,DELL MS3220,"_블랙_23,900|_타이탄그레이_23,900"
15697649,DOXX DX-M1001 Zepar 게이밍 마우스,"블랙_7,000"
17114690,Ducky Feather RGB,"89,000"
122699389,EBUFF EBM-M6 무선,"_블랙_8,890|퍼플_8,890|_핑크_8,800|화이트_8,800"
122699396,EBUFF EBM-M6 무선,"_블랙_8,890|퍼플_8,890|_핑크_8,800|화이트_8,800"
45786581,ENDGAME GEAR OP1 8K,"104,640"
78711038,ENDGAME GEAR XM2w 유무선,"_화이트_134,100|_다크 프로스트_120,000|블랙_134,100|화이트 프로스트_120,000"
98777801,EPOMAKER CarbonX 유무선,"해외구매_42,000"
14572970,EVGA X17 게이밍 마우스,"블랙_27,140"
123681814,EWEADN Q20 무선,"해외구매_22,800"
10998216,FANTECH BLAKE X17 PRO,"29,700"
10998240,FANTECH HIVE UX2,"21,400"
122708755,FURYCUBE G11 유무선,"28,710"
122725110,Fire Silver Fox V16 유무선,"해외구매_19,890"
27225329,GDEVIL G100,"_블랙_14,030|_화이트_14,030"
106695611,GEOMAX GM-BTM1100 무선,"3,900"
37988201,GIGABYTE AORUS M6 유무선,"193,100"
78710333,HITSCAN HYPERLIGHT 유무선,"_블랙_121,500|_화이트_121,500"
122700750,HP 128 LASER,"14,740"
100691573,HP 400 무선,"_메이플_29,900|_블랙_29,900|블루_29,900|퍼플_29,900|핑크_29,900"
122685678,HP 785M 무선,"88,010"
5142929,HP M100 Gaming Mouse,"블랙_5,400"
122717833,HUION KAMVAS 22 Gen3,"790,000"
14571179,HUION RTM-500,"75,000"
123650485,IPI Haze X 유무선,"해외구매_95,690"
20679530,JAVIS JV-M5,"_블랙_7,250|_퍼플_8,130|화이트_8,700"
122724911,Keychron M5 SE 유무선,"블랙_48,500"
95932073,Keychron M5 유무선,"_블랙_109,800|_화이트_112,240"
33989750,Keychron M6 유무선,"69,000"
73761584,LAMZU MAYA X 8K 유무선,"_AIMLABS_152,100|그레이_152,100|_블랙_150,000|퍼플쉐도우_152,100|핑크_150,000||"
91041056,LAMZU PARO AURORA 유무선,"155,000"
123589455,LAMZU THORN V2 유무선,"_블랙 레드_199,000|오렌지_199,000|퍼플_199,000|_화이트_199,000"
74053382,LAMZU 아틀란티스 미니 유무선 챔피언 에디션,"134,100"
123681883,LEOBOG GM5 MAX 유무선,"해외구매_24,000"
123681851,LEOBOG GM5 PRO 유무선,"해외구매_20,360"
123681925,LEOBOG GM5 ULTRA 유무선,"해외구매_32,190"
19507505,LG전자 AFP73948404 무선,"55,860"
19507535,LG전자 AFW72949001 무선,"33,870"
75537542,LG전자 HDNC-SV-C2 무선,"36,160"
5082627,LKG For LG GM-2000,"레드_8,500"
27545426,MAXTILL ALL IN ONE GM-MCU10,"9,560"
18763622,MAXTILL BUFF G10 PRO,"32,840"
15866858,MAXTILL GM-100U 유선 마우스,"_블랙_4,990|_화이트_4,990"
20545757,MAXTILL GM-BUFF G10,"28,900"
94088243,MAXTILL GM-EDB10 무선,"_블랙_21,900|_화이트_21,900"
72062561,MAXTILL GM-MCU30,"_블랙_10,500|_화이트_10,500"
122708750,MAXTILL GM-MCU50,"_블랙_15,900|_화이트_15,900"
16666907,MAXTILL GM-WEM30L 무소음 무선 버티컬 마우스,"_블랙_10,200|_실버_10,180"
3471313,MAXTILL MAXTILL TRON G10 게이밍 마우스,"_Matt black edition_20,040|_White special edition_21,900"
27857624,MAXTILL MO-M202U,"6,210"
9373374,MAXTILL RATIO S10 PMW 3389 게이밍 마우스,"블랙_27,500"
6610822,MAXTILL TRON G10PRO reborn 3330 RGB 게이밍 마우스,"_무광 UV코팅_29,750|러버코팅_32,800|_화이트_32,150"
12553067,MAXTILL TRON G20 PRO PMW 3330 RGB 게이밍 마우스,"블랙_24,710"
29885999,MCHOSE A5 PRO 유무선,"해외구매_43,620"
91346198,MCHOSE G3A 유무선,"_화이트_24,900|_블랙_24,900|블루_24,900"
75988541,MCHOSE G7 유무선,"해외구매_18,900"
123762792,MCHOSE K7 V2 Ultra+ 유무선,"해외구매_69,500"
101956010,MCHOSE L7 Ultra Plus 유무선,"핑크_49,900"
75988724,MCHOSE M7 ULTRA 유무선,"해외구매_42,320"
17976638,MOUNTAIN MAKALU 67,"_블랙_49,000|_화이트_89,000"
70675091,MSI FORGE GM100,"12,130"
70675157,MSI FORGE GM300,"14,950"
75597233,MSI FORGE M200 WIRELESS,"15,900"
12508982,MSI GM08,"12,000"
13448492,MSI GM41 LIGHTWEIGHT,"37,320"
14668340,MSI GM41 LIGHTWEIGHT WIRELESS,"58,980"
20220455,MSI GM51 LIGHTWEIGHT WIRELESS,"59,000"
72419264,MSI VERSA 300 ELITE WIRELESS 유무선,"45,900"
70675223,MSI VERSA 300 WIRELESS 유무선,"_블랙_31,500|_화이트_20,900"
93440810,MSI VERSA PRO WIRELESS 유무선,"100,000"
13926173,MadCatz B.A.T. 6 PLUS,"89,000"
13196105,MadCatz M.O.J.O M1,"41,500"
19671392,MadCatz M.O.J.O M2 무선,"45,000"
10592268,MadCatz R.A.T 2 PLUS,"39,000"
11237262,MadCatz R.A.T AIR,"199,000"
10588968,MadCatz R.A.T PRO X3,"210,840"
15504140,Microsoft Arc Mouse,"_라일락_143,000|바이올렛_135,000|_해외구매_37,300"
12737474,Microsoft Bluetooth Ergonomic Mouse,"피치_72,340"
3592261,Microsoft Bluetooth Mobile Mouse 3600,"블루, 정품_28,615"
2317225,Microsoft Sculpt Ergonomic Mouse,"_병행수입_87,990|_해외구매_50,250"
5703868,Microsoft Surface Arc Mouse,"_정품_121,500|_해외구매_27,330"
5254653,Microsoft Surface Mouse,"130,910"
43527296,NZXT LIFT 2 ERGO,"_Matte Black_79,000|_Matte White_51,990"
43526987,NZXT LIFT 2 SYMM,"_Matte Black_79,000|_Matte White_79,000"
77379386,NZXT Lift Elite 유무선,"_블랙_69,000|_화이트_69,000"
123589632,Pulsar Feinmann F01 무선 Noctua Edition,"229,000"
122726197,Pulsar PRO Series CARPE-X 미디움 무선,"168,000"
122710865,Pulsar PRO Series Jinggg-X 미디움 무선,"164,120"
122698382,Pulsar PRO Series STA-X 미디움 무선,"160,600"
96984611,Pulsar PRO Series Susanto-X 무선,"160,600"
75854975,Pulsar X2 CrazyLight 무선,"Aqua Zest_148,000||Jet Black_149,000|Sunset Haze_148,000|Uyuni White_139,000|_Volt Shadow_148,000|_중고_71,690"
97869779,Pulsar X2 CrazyLight 무선,"Aqua Zest_148,000||Jet Black_149,000|Sunset Haze_148,000|Uyuni White_139,000|_Volt Shadow_148,000|_중고_71,690"
93015722,Pulsar X2 CrazyLight 무선 T1 에디션,"_레드_151,100|_블랙_159,000"
99732452,Pulsar X2 CrazyLight 무선 미디움,"_Forest_149,000|Jet Black_141,600|_Uyuni White_149,000"
122687796,Pulsar X2 CrazyLight 무선 미디움,"_Forest_149,000|Jet Black_141,600|_Uyuni White_149,000"
104591894,Pulsar X2 CrazyLight 블루아카이브 에디션,"노노미_169,000|_시로코_160,600|_호시노_169,000"
71500553,Pulsar X2A 미디움,"_블랙_44,500|_화이트_28,990"
93443069,Pulsar X2F 무선,"169,000"
65302631,Pulsar X2H,"_블랙_43,700|_화이트_29,000"
103878170,Pulsar X2H CrazyLight 미디움 무선,"_Jet Black_141,600|_Uyuni White_149,000|Volcano_149,000"
67678709,Pulsar Xlite 미디움,"_블랙_49,000|_화이트_29,000"
12544568,QSENN AULA F808 LED 게이밍 마우스,"14,570"
12544220,QSENN AULA H508 LED 게이밍 마우스,"15,310"
15055304,QSENN M1000 무선 마우스,"_블랙_5,800|_화이트_8,050"
29806208,QSENN M2800 무선,"블랙_8,900|민트_20,060|_핑크_8,450|_화이트_8,900"
79250882,RAPOO EV250 무선,"19,510"
6470161,RAPOO VPro V22 RGB,"19,000"
7351498,RAPOO VPro VT200 에센셜,"19,800"
122640965,RAPOO VT0 Air MAX 유무선,"_블랙_79,900|_블랙 화이트_79,900|블루_79,900|옐로우_79,900"
122642798,RAPOO VT2K MAX 유무선,"_블랙_79,900|블루_79,900|옐로우_79,900|핑크_79,900|_화이트_79,900"
123775276,RAPOO VT7K Air MAX V2 유무선,"라바 레드_79,900|모닝 미스트 블루_79,900|_블랙_79,900|_블랙 화이트_79,900"
123775271,RAPOO VT7K Air MAX V2 유무선,"라바 레드_79,900|모닝 미스트 블루_79,900|_블랙_79,900|_블랙 화이트_79,900"
17115809,RHINO GEAR RG-EM100 버티컬 마우스,"9,900"
17147306,RHINO GEAR RG-GM100 게이밍 마우스,"8,500"
73074836,RHINO GEAR RG-WM02 무선,"_블랙_3,300|_화이트_4,500"
12616082,ROCCAT BURST PRO,"_블랙_68,400|_화이트_32,660"
15208727,ROCCAT KONE PURE SEL RGB 게이밍 마우스,"블랙_24,800"
10599750,ROCCAT KONE PURE ULTRA i,"블랙_29,900"
17816501,ROCCAT KONE XP AIR,"블랙_204,000"
29884946,ROCCAT PURE AIR 유무선,"_블랙_79,900|_화이트_78,510"
18953585,ROYCHE RX-800V 무선,"26,900"
36834509,ROYCHE RX-900S 무선,"_블랙_54,900|_핑크_54,540|화이트_54,540|중고_47,760"
16847120,ROYCHE 잔망루피 멀티페어링 무선 마우스,"23,900"
92627582,Razer Basilisk Mobile,"118,500"
15252377,Razer Basilisk V3,"_병행수입_60,890|_정품_59,900|해외구매_64,890"
68538380,Razer Basilisk V3 35K (정품),"129,000"
17764835,Razer Basilisk V3 Pro,"_정품_192,470|_해외구매_176,310"
68440448,Razer Basilisk V3 Pro 35K (정품),"_블랙_249,000|_화이트_249,000"
95520071,Razer Basilisk V3 Pro 35K 팬텀 그린,"269,000"
99712766,Razer Basilisk V3 Pro 35K 팬텀 화이트,"269,000"
18453749,Razer Basilisk V3 Pro White Edition,"정품_206,100"
17766878,Razer Basilisk V3 Pro 무선 충전 팩,"_블랙_192,470|_화이트_192,470"
19991372,Razer Basilisk V3 X Hyperspeed 무선 블루투스,"_정품_107,100|_해외구매_58,700"
20810816,Razer Cobra,"_병행수입_47,400|_정품_39,900|해외구매_54,440|중고_31,920"
95341850,Razer Cobra HyperSpeed 유무선,"149,000"
122718873,Razer Cobra HyperSpeed 유무선 무선 충전 팩,"228,000"
80569784,Razer Cobra Minecraft Edition,"62,000"
54484475,Razer Cobra Pro White 유무선,"정품_167,760"
8519739,Razer DeathAdder Essential,"_병행수입_22,080|_해외구매_23,900"
15395066,Razer DeathAdder Essential (정품),"_블랙_22,740|_화이트_22,740"
122663653,Razer DeathAdder Essential + Gigantus V2 Blackpink edition,"블랙_109,000"
122663649,Razer DeathAdder Essential Blackpink edition,"블랙_79,990"
13688864,Razer DeathAdder V2,"병행수입_69,000"
15721307,Razer DeathAdder V2 X HyperSpeed,"_정품_48,900|_해외구매_64,980"
19505813,Razer DeathAdder V3,"정품_92,100"
58007615,Razer DeathAdder V3 HyperSpeed (정품),"129,000"
17673140,Razer DeathAdder V3 Pro,"_병행수입_112,850|_정품_192,990|해외구매_129,900"
17673209,Razer DeathAdder V3 Pro White Edition,"_정품_193,000|해외구매_179,000|_중고_160,200"
94444589,Razer DeathAdder V4 Pro,"_병행수입_274,040|_정품_226,540|해외구매_246,050|중고_188,890"
106757663,Razer DeathAdder V4 Pro Niko Edition,"289,000"
94444616,Razer DeathAdder V4 Pro 화이트,"_정품_210,170|_병행수입_259,000|중고_187,670"
20727998,Razer Naga V2 HyperSpeed 무선 블루투스,"159,000"
123806667,Razer Naga V3 Pro,"279,000"
123845541,Razer Naga V3 Pro + Mouse Dock Pro,"329,000"
14227505,Razer Orochi V2 (정품),"_블랙_56,620|_중고_31,920|쿼츠_67,620|화이트_66,610"
97117274,Razer Orochi V2 Hello kitty Edition,"정품_97,000"
122714761,Razer Orochi V2 Plus (정품),"_블랙_59,900|_쿼츠_59,900|화이트_59,900"
90886259,Razer Pro Click V2,"159,000"
90697697,Razer Pro Click V2 Vertical Edition,"_정품_159,000|_해외구매_156,170"
14187815,Razer Viper,"병행수입_55,560"
33992549,Razer Viper Mini SIGNATURE EDITION,"해외구매_632,000"
98544659,Razer Viper V2 PRO White,"_정품_234,000|_중고_97,960"
28370018,Razer Viper V3 HyperSpeed,"병행수입_127,890|_정품_109,000|_해외구매_102,380"
49995908,Razer Viper V3 Pro (정품),"_블랙_203,220|_화이트_203,220|중고_162,570"
101186960,Razer Viper V3 Pro Counter Strike2 Edition,"279,000"
106728761,Razer Viper V3 Pro EVANGELION Edition,"279,000"
77855519,Razer Viper V3 Pro Faker Edition,"235,500"
104042381,Razer Viper V3 Pro SE,"정품_143,100"
124021003,Razer Viper V3 Pro SE 명조 데니아 에디션,"정품_199,000"
108458390,Razer Viper V4 Pro (정품),"_블랙_249,900|_화이트_249,900"
46643450,Redragon M908,"해외구매_44,770"
70768910,Scyrox V8 8K 유무선 해외구매,"71,010"
12712025,TGIC TGC-M1200 USB,"1,990"
18036611,TGIC TGC-V1000 무선 버티컬 마우스,"11,900"
16947200,TG앤컴퍼니 TG&co TG-MV501A 무선 블루투스 버티컬 마우스,"59,000"
98613662,Teevolution TERRA PRO 유무선,"112,000"
90501092,UGREEN M571 무선,"21,500"
122634179,VARO V1 SUPERLIGHT 미디움 유무선,"99,000"
123590034,VGN Dragonfly 3 PRO,"해외구매_42,000"
123590045,VGN Dragonfly 3 PRO MASTER,"해외구매_57,500"
123590039,VGN Dragonfly 3 PRO MAX,"해외구매_52,000"
123590016,VGN Dragonfly 3 SE,"해외구매_34,000"
28923323,VGN F1 MOBA 유무선,"해외구매_48,900"
28922759,VGN F1 PRO MAX 유무선,"해외구매_49,410"
28441166,VGN F1 PRO 유무선,"해외구매_42,690"
109680266,VGN F2 Master 유무선,"_그린_41,230|블랙_41,230|핑크_41,230|_화이트_41,230"
106688993,VGN F2 Master+ 유무선,"그린_68,890|_블랙_48,230|블랙핑크_68,890|_핑크_48,230|핫핑크_62,450|"
104750396,VGN F2 Pro Max 유무선,"53,880"
96582074,VGN F2 Pro Max 유무선 해외구매,"45,560"
96582092,VGN F2 Ultra+ 유무선 해외구매,"49,500"
93443867,VGN Y2 Pro 유무선 해외구매,"_블랙_51,150|블루_51,150|_화이트_42,890"
92356694,WACOM Cintiq 16 DTK168,"1,139,000"
6061464,WACOM INTUOS CTL-4100,"60,900"
6154568,WACOM INTUOS CTL-4100WL 블루투스,"_블랙_106,400|_그린_109,000|핑크_106,400"
12062834,WACOM INTUOS CTL-6100 (정품),"113,810"
78237476,WACOM INTUOS PRO PTK470,"338,800"
78237560,WACOM INTUOS PRO PTK670,"488,800"
4328424,WACOM LP-190,"WACOM 태블릿 전용_22,000"
101633342,WACOM One 14,"438,970"
12727889,WACOM One용 펜,"38,990"
103128260,WACOM 무빙크 패드 프로 14,"1,230,000"
123695298,WLmouse Beast G Max 유무선,"_블랙_98,000|_중고_88,200"
123695295,WLmouse Beast G Medium 유무선,"_블랙_98,000|화이트_98,000|_중고_83,300"
58007801,WLmouse Beast X Max 유무선,"218,000"
92045192,WLmouse Beast X Medium Pro 유무선,"218,000"
92045156,WLmouse Beast X Mini Pro 유무선,"218,000"
122617649,WLmouse Huan 유무선,"_네코_259,000|블랙_239,000|사쿠라_259,000|_실버_239,000|청백자_259,000|||||"
122617679,WLmouse Huan 유무선 한정판,"레드_259,000"
78309803,XP-PEN ARTIST PRO 19 2세대,"952,000"
122724223,XP-PEN Artist Pro 16 3세대,"497,260"
78309497,XP-PEN Deco 01 V3,"65,550"
17261465,XP-PEN Deco FUN,"_XS_32,450|S_44,000|L_55,000|_해외구매_30,900"
106702355,XP-PEN Deco MINI 7W V2,"72,200"
67690355,XP-PEN Deco Pro MW 2세대,"215,100"
5638355,archon AG60 게이밍 마우스,"블랙_7,900"
74253863,darkFlash FLO-3 무선 블루투스 버티컬,"_오닉스 블랙_20,961|글래스 그린_20,961|라벤더 퍼플_20,961|_실버 미스트_20,961|애저 블루_20,961|"
78614726,darkFlash FLO-5 무선 블루투스 버티컬,"_블랙_38,500|_베이지_38,500"
122724804,ninjutso 소라 V3 무선,"해외구매_162,000"
37932323,강원전자 NETmate NM-MS01,"1,790"
79859687,강원전자 NETmate NM-MS03 무선,"4,400"
4398821,강원전자 NETmate NM-OM01 PS/2 광 마우스,"4,600"
7853500,건평정보통신 IPLEX WM-950 왼손전용 무선 버티컬마우스,"33,440"
2385705,건평정보통신 IPLEX [휴] 休 Ergo VM712,"19,000"
54813053,그라바스타 머큐리 M2 유무선,"스텔스 블랙_108,000"
62163461,글로리어스 MODEL D 2,"_블랙_89,000|_화이트_89,000"
28887968,글로리어스 MODEL D 2 PRO 8KHz 유무선,"_블랙_99,000|_화이트_132,300"
28887899,글로리어스 MODEL D 2 PRO 유무선,"139,000"
62163521,글로리어스 MODEL D 2 유무선,"_블랙_62,550|_화이트_62,550"
20207069,글로리어스 MODEL D PRO 유무선,"_FLAMINGO_169,000|SKYLINE_169,000|_VICE_169,000"
10358034,글로리어스 MODEL D 마우스,"_화이트, 무광_129,000|_블랙, 무광_84,000|블랙, 유광_84,000"
15485018,글로리어스 MODEL D 무선,"무광, 화이트_129,000"
15960746,글로리어스 MODEL D- 무선 마우스,"화이트, 무광_129,000"
12118580,글로리어스 MODEL D- 유선 마우스,"_블랙, 유광_84,000|_화이트_84,000"
27806564,글로리어스 MODEL I 2 유무선,"_화이트_146,000|_블랙_159,000"
19473206,글로리어스 MODEL O 2,"_블랙_99,000|_화이트_65,000"
69864215,글로리어스 MODEL O 2 Mini,"_블랙_65,000|_화이트_65,000"
69867461,글로리어스 MODEL O 2 Mini 유무선,"_블랙_129,270|_화이트_129,270"
28865003,글로리어스 MODEL O 2 PRO 8KHz 유무선,"_블랙_175,770|_화이트_175,770"
28887509,글로리어스 MODEL O 2 PRO 유무선,"125,100"
19474250,글로리어스 MODEL O 2 무선 블루투스,"_블랙_139,000|_화이트_129,270"
94815155,글로리어스 MODEL O Eternal,"_블랙_49,900|_화이트_49,900"
18436802,글로리어스 MODEL O PRO 유무선,"_BLUE LYNX_89,000|_GOLDEN PANDA_84,500|RED FOX_84,500"
8676998,글로리어스 MODEL O 마우스,"_블랙, 무광_55,000|_화이트, 무광_73,470"
13149290,글로리어스 MODEL O 무선,"_블랙_119,970|_화이트_119,970"
9558672,글로리어스 MODEL O- 마우스,"_블랙, 유광_79,000|블랙, 무광_73,470|_화이트, 무광_73,470|화이트, 유광_149,990"
15956783,글로리어스 MODEL O- 무선,"_블랙_49,000|_화이트_89,000"
74545331,글로리어스 SERIES 2 PRO 유무선,"_블랙_129,650|_화이트_132,300"
15177551,나비 NV12-MUS10 무선 마우스,"_블랙_6,900|핑크_6,900|_화이트_6,720"
20677814,넥스원 왼손전용 무선,"13,750"
73948502,다얼유 A950 AIR 유무선,"59,000"
79407008,다얼유 A950 WING 유무선,"_블랙_64,990|_화이트_64,990"
32493575,다얼유 A950G 1K 유무선,"레트로 베이지_42,890|민트_42,890|_블랙_42,890|_아이스 블루_34,500|화이트_42,000"
101724830,다얼유 A950G 1K 유무선 저소음,"_레트로 베이지_42,890|블랙_42,890|_화이트_42,890"
109599479,다얼유 A950GD CONSUMER 유무선,"마젠타_49,000|메카블루_49,000|_블랙_49,000|체리블라썸_49,000|_화이트_45,320"
100696457,다얼유 A950GM 유무선,"_블랙_27,890|_화이트_27,900"
60146642,다얼유 A980 PRO MAX 유무선,"85,990"
123669311,다얼유 AE6 V2 유무선,"_마젠타_89,000|_블랙_89,000|화이트_89,000"
17787242,다얼유 LM138 인체공학 버티컬 마우스,"8,900"
13507880,데이비드테크 엔보우 NG01 무소음 무선 마우스,"_블랙_7,900|_퍼플_8,500|화이트_7,900"
79550858,라그녹 ErgoStrike 7 유무선,"해외구매_169,000"
122697946,라이트컴 COMS AB076 무선,"8,970"
122697945,라이트컴 COMS AB077 무선,"8,970"
122697944,라이트컴 COMS AB078 무선,"16,700"
122697943,라이트컴 COMS AB079 무선,"16,700"
2394095,라이트컴 COMS BM-698,"11,490"
14331842,라이트컴 COMS DX756 버티컬 마우스,"22,150"
14883359,라이트컴 COMS JD170 게이밍 마우스,"3,790"
16055657,라이트컴 COMS JD577 무선 마우스,"4,990"
18779735,라이트컴 COMS RT683 무선 블루투스,"20,640"
18779771,라이트컴 COMS RT684 무선 블루투스,"21,620"
5918591,라이트컴 COMS TT417,"4,700"
123694248,라이트컴 Coms JD236,"3,270"
13734683,레노버 씽크패드 블루투스 무소음 마우스 4Y50X88822,"21,000"
74805476,레드빈 A59R 무선,"34,900"
122719723,레오닉스 LEO-WM1988BT 무선,"5,960"
102126155,로이체 RX-650V 무선,"_아이보리_18,500|핑크_18,500|_화이트_18,500"
106729370,로이체 RX-840SW 무선,"36,900"
104949395,로이체 RX-860VD 무선,"_블랙_49,900|_화이트_49,900"
122717950,로이체 조앤프렌즈 무선,"26,000"
1629951,로지텍 B100 (정품),"6,800"
13373132,로지텍 ERGO M575 (정품),"41,230"
67509083,로지텍 ERGO M575 S 무선,"정품_48,390"
6946822,로지텍 G PRO HERO,"_병행수입_418,000|_해외구매_177,800"
6401910,로지텍 G PRO WIRELESS (정품),"162,830"
15870815,로지텍 G PRO WIRELESS LOL 에디션 (정품),"156,600"
13417079,로지텍 G PRO X SUPERLIGHT (정품),"_블랙_120,700|레드_159,000|핑크_199,000|_화이트_120,700|중고_109,570"
28481684,로지텍 G PRO X SUPERLIGHT 2 (정품),"_블랙_165,080|핑크_165,080|_화이트_165,080|중고_143,510"
122648215,로지텍 G PRO X SUPERLIGHT 2 CYAN,"219,000"
70006496,로지텍 G PRO X SUPERLIGHT 2 DEX,"_해외구매_152,790|_병행수입_245,000"
70531103,로지텍 G PRO X SUPERLIGHT 2 DEX (정품),"_블랙_179,000|_핑크_179,000|화이트_179,000|중고_155,730"
11317038,로지텍 G102 LIGHTSYNC,"_병행수입_19,700|_정품벌크_20,500|해외구매_15,690|비공식유통_27,900"
11211399,로지텍 G102 LIGHTSYNC (정품),"라일락_19,210|_블랙_19,210|블루_19,210|_화이트_19,240"
5399666,로지텍 G102 PRODIGY,"_정품벌크_25,490|_해외구매_8,440"
6442073,로지텍 G304 LIGHTSPEED WIRELESS,"_병행수입_37,230|_해외구매_30,560|비공식유통_39,800"
6143401,로지텍 G304 LIGHTSPEED WIRELESS (정품),"라일락_46,890|민트_39,600|_블랙_39,600|블루_39,600|_화이트_46,890"
106748669,로지텍 G304 X,"해외구매_40,450"
122716879,로지텍 G304 X SUPERLIGHT,"_블랙_108,980|_화이트_108,980"
59928734,로지텍 G309 (정품),"_블랙_65,900|_화이트_65,890|중고_66,770"
2786921,로지텍 G402 Hyperion Fury (정품),"42,960"
8332941,로지텍 G403 HERO (정품),"61,900"
6540512,로지텍 G502 HERO,"_병행수입_41,670|_해외구매_44,970"
14688413,로지텍 G502 HERO K/DA 게이밍 마우스,"해외구매_79,500"
7913164,로지텍 G502 LIGHTSPEED WIRELESS,"_해외구매_125,120|_병행수입_180,459"
17864504,로지텍 G502 X,"_해외구매_62,120|_병행수입_79,530"
17874794,로지텍 G502 X (정품),"_블랙_84,900|_화이트_93,380|중고_73,860"
17864795,로지텍 G502 X LIGHTSPEED,"_병행수입_114,700|_해외구매_98,530"
13172862,로지텍 G502 X LIGHTSPEED (정품),"_블랙_184,450|화이트_183,060|_중고_97,480"
90111992,로지텍 G502 X PLUS + POWERPLAY,"378,000"
17874974,로지텍 G502 X Plus (정품),"_블랙_192,380|_화이트_149,000|중고_117,720"
8323521,로지텍 G703 HERO WIRELESS (정품),"99,000"
5450663,로지텍 G703 LIGHTSPEED WIRELESS (정품),"127,000"
8333343,로지텍 G903 HERO WIRELESS (정품),"128,990"
5443569,로지텍 G903 LIGHTSPEED WIRELESS (정품),"159,000"
45311747,로지텍 LIFT LEFT (정품),"84,500"
17443070,로지텍 LIFT VERTICAL,"_병행수입_69,900|비공식유통_89,890|_해외구매_56,690"
16909604,로지텍 LIFT VERTICAL (정품),"_그라파이트_70,830|로즈핑크_85,410|_웜그레이_69,800|페일그레이_85,410|중고_55,830"
1796628,로지텍 M100r (정품),"_블랙_8,980|_화이트_9,100"
6469138,로지텍 M110 (정품),"12,080"
3756673,로지텍 M170 (정품),"_블랙_12,080|레드_12,900|핑크_12,110|_화이트_12,080|블루_16,640"
4044650,로지텍 M171 (정품),"_블루_21,180|_그레이_13,880|레드_15,620"
4318965,로지텍 M185,"_병행수입_11,700|_해외구매_19,400"
1458995,로지텍 M185 (정품),"_그레이_15,390|레드_16,880|_블루_15,540"
70000226,로지텍 M196 무선,"정품_15,910"
4554311,로지텍 M221 SILENT (정품),"_블랙_17,890|블루_24,900|_레드_23,820|퓨어 화이트_25,400"
27473327,로지텍 M240 Silent 블루투스,"병행수입_10,850"
20312480,로지텍 M240 Silent 블루투스 (정품),"_그라파이트_16,400|_퓨어화이트_16,400|로즈핑크_18,432|중고_14,260"
6167874,로지텍 M280,"해외구매_16,220|_병행수입_19,680|_비공식유통_37,100"
14772179,로지텍 M331,"해외구매_50,700|_병행수입_22,780|_비공식유통_25,660"
4554259,로지텍 M331 (정품),"_그레이_24,993|레드_24,993|_블랙_24,993|중고_23,350"
8177038,로지텍 M350 PEBBLE,"_병행수입_22,510|_해외구매_18,710|비공식유통_31,090"
8112502,로지텍 M350 PEBBLE (정품),"_블랙_29,890|블루_29,900|핑크_29,890|_화이트_29,900"
28555382,로지텍 M350S (정품),"_블랙_24,340|_로즈_24,340|화이트_24,340|중고_21,170"
123436777,로지텍 M550 무선,"_그라파이트_44,900|_오프화이트_44,900"
1089659,로지텍 M705,"_비공식유통_114,000|_해외구매_40,820"
4788169,로지텍 M720,"_벌크_49,790|_병행수입_42,310|중고_58,320|해외구매_45,100"
4502153,로지텍 M720 (정품),"49,900"
123437554,로지텍 M750 무선,"52,750"
122696994,로지텍 M840L (정품),"57,350"
122696986,로지텍 M850L (정품),"66,550"
1840345,로지텍 M90 (정품),"6,230"
123651092,로지텍 MOBI FOLD,"해외구매_119,213"
122699284,로지텍 MOBI FOLD (정품),"_그라파이트_139,000|_라일락_139,000|오프화이트_139,000"
27473462,로지텍 MX Anywhere 3S,"_병행수입_92,790|비공식유통_103,550|_해외구매_72,650"
20437625,로지텍 MX Anywhere 3S (정품),"_그라파이트_97,730|로즈핑크_106,710|_페일그레이_96,850|중고_85,910"
63482024,로지텍 MX Anywhere 3S for Mac (정품),"99,000"
66047333,로지텍 MX ERGO S 무선 (정품),"119,000"
5403538,로지텍 MX MASTER 2S,"_정품벌크_140,430|_해외구매_71,920"
106703741,로지텍 MX MASTER 4,"_병행수입_178,990|_해외구매_145,680"
98766185,로지텍 MX MASTER 4 (정품),"_그래파이트_168,170|_페일그레이_170,500|중고_134,580"
98766233,로지텍 MX MASTER 4 For Mac (정품),"_스페이스블랙_157,430|_화이트실버_157,430"
17159984,로지텍 MX Master 3S,"_병행수입_120,180|_해외구매_96,200"
17171645,로지텍 MX Master 3S (정품),"_블랙_125,550|_화이트_137,730"
6517398,로지텍 MX VERTICAL,"_병행수입_102,250|_해외구매_80,000|비공식유통_148,990"
6517390,로지텍 MX VERTICAL (정품),"119,000"
71424167,로지텍 POP (정품),"_그라파이트_28,300|라일락_34,900|_오프화이트_28,300|중고_27,690"
67848269,로지텍 PRO 2 LIGHTSPEED 무선 (정품),"_블랙_144,370|_핑크_119,000|화이트_119,000"
99477470,로지텍 PRO X SUPERLIGHT 2c,"_병행수입_182,840|_해외구매_137,270"
99711773,로지텍 PRO X SUPERLIGHT 2c (정품),"_블랙_175,770|_핑크_182,840|화이트_182,840|중고_146,280"
107983454,로지텍 PRO X2 SUPERSTRIKE,"_병행수입_256,000|_해외구매_230,760"
104940059,로지텍 PRO X2 SUPERSTRIKE (정품),"259,000"
16232084,로지텍 시그니처 M650,"_해외구매_36,290|_병행수입_33,280|비공식유통_49,900"
16221932,로지텍 시그니처 M650 (정품),"_그라파이트_46,370|_그라파이트L_43,900|로즈핑크_44,250|오프화이트_46,310|중고_37,320"
6874417,마이크로닉스 MANIC G20M RGB 게이밍 마우스,"16,900"
6150354,마이크로닉스 MANIC G40 RGB PMW3360 게이밍 마우스,"28,900"
6407541,마이크로닉스 MANIC G70 Revolution 3360 게이밍 마우스,"49,900"
12009674,마이크로닉스 MANIC MG501 RGB 게이밍 마우스,"22,900"
16911320,마이크로닉스 MANIC MG530 RGB 게이밍 마우스,"_블랙_14,720|_화이트_13,000"
14761673,마이크로닉스 MECHA ZM-1 RGB,"12,540"
19928030,마이크로닉스 WIZMAX M300 무선,"9,900"
21543692,마이크로닉스 WIZMAX W202TW 무선 블루투스,"_블랙_12,800|_화이트_12,620"
17816141,마이크로닉스 메카 ZM2 RGB 게이밍 마우스,"30,800"
16106951,마이크로닉스 모프 MM1 RGB 게이밍 마우스,"12,490"
16111250,마이크로닉스 워프 WM1 RGB 게이밍 마우스,"16,010"
17863268,마이크로닉스 워프 WM2 RGB 게이밍 마우스,"15,600"
15514919,모가비 MOG-115 블루투스 마우스,"_블랙_10,800|_핑크_12,810|화이트_12,810"
104355959,몬스타 가츠 CREW GV 무선,"18,500"
91496594,몬스타 가츠 크루 V프로 버티컬 유무선,"_화이트_33,900|_오트밀_33,900|핑크_33,900"
26424569,삼성전자 AA-MW1D5WB,"벌크_6,990"
16747037,삼성전자 EJ-M3400 슬림 블루투스 마우스,"_블랙_34,900|_실버_35,790"
39894929,삼성전자 SM-B1500QG 블루투스,"24,500"
19882979,삼성전자 SM-M1300Q 무선 블루투스,"46,900"
28803110,삼성전자 SM-M1400QB 무선 블루투스,"37,900"
97304312,삼성전자 SM-M1800QG 무선,"29,900"
19105205,삼성전자 SM-MG100B 무선 블루투스,"29,900"
105813581,삼성전자 SM-R2000QB 무선,"23,900"
122715559,삼성전자 SM-R2200QB 무선,"45,900"
102124037,삼성전자 SM-U1300QG,"26,900"
3702478,삼성전자 SMO-3550B,"23,900"
5782824,삼성전자 SPA-JMA1PUB,"9,900"
6436192,삼성전자 SPA-JMA1PUW 유선 마우스,"9,900"
12691835,삼성전자 SPA-KMA4PRB 무소음 무선 마우스,"18,700"
92888948,삼성전자 SPA-KMA4PRG 무선,"18,700"
13164953,삼성전자 SPA-NMA1PMB,"28,900"
17706686,상도아이앤티 ANYZONE ANY-1 무소음 블루투스 마우스,"_블랙_20,630|_화이트_20,530"
78098051,샤오미 XMWXSB03YM 무선,"_블루_14,950|블랙_24,090|핑크_14,950|_화이트_14,950"
12114062,스카이디지탈 NMOUSE 4K REMASTER 게이밍 마우스,"12,960"
17080967,스틸시리즈 Aerox 5 Wireless,"178,500"
14467604,스틸시리즈 PRIME,"82,770"
91116185,스틸시리즈 Rival 3 Gen2,"_블랙_54,400|_화이트_35,130"
100268684,아이리버 Air Lift 50 무선,"_그레이_46,500|블랙_46,500|_화이트_49,000"
14031101,아이리버 EQWEAR-MVM7,"_블랙_23,270|_핑크_23,270|화이트_23,270"
14234645,아이리버 EQwear-EV3 버티컬 무선 마우스,"_블랙_32,500|||_화이트_32,450|중고_21,930"
28884170,아이리버 EQwear-Gentleman Vertical Grip EV19 무선,"_블랙_26,500|_화이트_26,400|중고_22,530"
28866599,아이리버 EQwear-Lady Vertical Grip EV15 무선,"_블랙_24,900|핑크_24,900|_화이트_24,900"
79384661,아이리버 EV100,"_블랙_19,620|_화이트_19,790"
93698261,아이리버 EV35C 무선,"_블랙_32,550|_그레이_32,550|화이트_32,550"
97775498,아이리버 GT100 무선,"_블랙_32,310|_화이트_32,310"
93698000,아이리버 GT300 무선,"_블랙_39,900|_화이트_39,900|중고_36,300"
4820499,아이리버 IR-WM5500,"로즈골드_27,350|_블랙 골드엣지_12,990|코발트블루_25,830|_화이트 골드엣지_13,000"
98613119,아이리버 M101,"_블랙_6,700|_화이트_6,700"
98611205,아이리버 MVM1 무선,"_블랙_13,490|핑크_13,490|_화이트_13,490"
12743333,아이온코리아 PLANTIUM V25 저소음 USB,"3,400"
28618379,아이티플러스 스마트 옵티컬,"1,310"
10577991,알파스캔 AOC GM500 게이밍 RGB 마우스,"22,900"
98073149,앱코 A102 3모드 스탠다드 그립 게이밍 유무선,"_블랙_24,900|퍼플_24,900|핑크_24,900|_화이트_24,900"
106686971,앱코 A102 PRO 8K 무선,"_블랙_39,900|_아이스_39,900|화이트_39,900"
29483684,앱코 A661 3325 프로페셔널 게이밍,"40,370"
15338684,앱코 ABKONCORE AM8 RGB 스펙트럼 게이밍 마우스,"6,160"
28890329,앱코 APM01 저소음 3MODE 무선,"18,530"
72675785,앱코 APM02 저소음 3MODE 무선,"_블랙_13,900|_핑크_53,040"
122683641,앱코 APM03 오피스에어 무선,"그린_16,900|_블랙_16,900|_핑크_16,900|화이트_16,900"
13229927,앱코 H1 쉘체인저 게이밍 마우스,"14,890"
30030350,앱코 H140R 4K-R 미니 유무선 게이밍,"112,130"
18426410,앱코 H150A 유무선 게이밍 마우스,"_블랙_29,900|_화이트_29,900"
75993515,앱코 H250A 3모드 초경량 게이밍 유무선,"24,900"
9533637,앱코 HACKER A530 3389 RGB 게이밍 마우스,"_블랙_16,200|_화이트_16,200"
5398119,앱코 HACKER A660 3325 프로페셔널 게이밍 마우스,"_블랙_59,500|_화이트_47,580|핑크_48,600"
10467870,앱코 HACKER A800 3389 초경량 RGB 게이밍 마우스,"_블랙_94,270|_핑크_53,040"
27924641,앱코 MELLO 멀티 페어링 무소음 무선,"_라일락_53,040|_파스텔 핑크_53,040"
86903051,앱코 MG10A 3모드 마그네슘 합금 초경량 게이밍,"61,990"
65910662,앱코 WEM60 무선,"_그린_26,900|퍼플_23,950|핑크_23,950|_화이트_25,600"
123436017,앱코 WEM60PRO 듀얼스크롤 무선,"_그린_42,900|_퍼플_42,900||"
76405172,앱코 WEM65 인체공학 WIRELESS FREE 무선 버티컬,"_블랙_25,900|_퍼플_25,900|핑크_25,900|화이트_25,900"
9257139,앱코 WM400 무선 마우스,"25,520"
9278595,앱코 WM410 무선 마우스,"5,500"
58912922,앱코 WM600 저소음 인피니트 휠 무선,"_블랙_28,000|_화이트_28,000"
9504513,앱코 WM80 LED 무선 마우스,"41,610"
103124858,에이서 NITRO OMW321 게이밍,"_블랙_14,690|_화이트_15,800"
102355343,에이서 OMR322 유무선,"_블랙_32,900|_화이트_32,900"
60171260,에이치앤오 버티컬,"11,480"
124034716,에이투 GM 3 PRO TE1 유무선 고려청자 에디션,"79,900"
124034854,에이투 GM2 유무선,"39,900"
124034810,에이투 GM7 CARBON 유무선,"119,000"
123033363,웨이코스 씽크웨이 포타 제로그래비티 유무선,"_블랙_25,410|_화이트_28,900"
97564265,이음전산 스마텍 STM-2100 무선,"6,540"
45312821,이음전산 스마텍 STM-BT4000 무선,"_블랙_8,720|_화이트_8,720"
15550928,이음전산 스마텍 STM-V1000 무선 버티컬마우스,"9,900"
3141976,잘만 V3 Alarm Mouse Plus,"2,550"
122684117,제닉스 STORMX VM AIR 유무선,"21,900"
13590434,제닉스 STORMX VM2 BT 무선 저소음 버티컬 마우스,"30,930"
11517104,제닉스 STORMX VM2 무선 무소음 버티컬 마우스,"_블랙_23,820|_화이트_25,800"
7191580,제닉스 STORMX VM3 무선 블루투스 버티컬 마우스,"_블랙_35,800|_화이트_35,400"
70003313,제닉스 STORMX VM4 BT 무선,"38,500"
11517275,제닉스 STORMX WM2 무소음 무선마우스,"8,720"
14074859,제닉스 TITAN GM AIR WIRELESS 타공 게이밍 마우스,"_블랙_136,800|_화이트_189,050"
56502062,제라드 GRD-AP604b,"19,590"
8221627,지클릭커 GM-M250 LED 무소음 게이밍 마우스,"_블랙_7,560|_화이트_10,690"
71901722,지클릭커 OFFICEPRO ERGO 버티컬 무소음 인체공학 블루투스 무선 OP70,"그린_18,900|_블랙_18,900|_퍼플_18,900|핑크_18,900|화이트_18,900"
101074994,지클릭커 OFFICEPRO OP29 쏙들어오는 다쿠아즈M 무선,"더스티 핑크_12,900|라벤더 퍼플_12,900|_모크 블랙_12,900|바닐라 옐로우_12,900|샌드 베이지_12,900|||_크림 화이트_12,900"
100620074,지클릭커 OFFICEPRO OP55 두툼머핀 무선,"_그린_24,730|블랙_24,730|퍼플_24,730|_핑크_24,730|화이트_24,800"
99479924,지클릭커 OFFICEPRO OP75 무선,"_그린_32,400|레트로_32,400|블랙_32,400|핑크_32,400|_화이트_32,400"
90112304,지클릭커 OFFICEPRO OP80 무소음 블루투스 무선,"블랙_25,900|_그린_25,900|퍼플_25,900|핑크_25,900|_화이트_25,900"
94444973,지클릭커 OFFICEPRO OP85 무선,"_그린_26,900|_블랙_26,900|퍼플_26,900|핑크_26,900|화이트_26,900"
101072189,지클릭커 OFFICEPRO OPW07,"_그린_15,580|블랙_15,580|퍼플_15,580|_핑크_15,580|화이트_15,580"
37351721,지클릭커 OFFICEPRO 버티컬 무소음 인체공학 블루투스 무선 OP50,"딥그레이_22,800|_그린_22,800|_오프화이트_22,800|퍼플_22,800|핑크_22,800"
100189727,지클릭커 OFFICEPRO 쓸떼많은 다쿠아즈 무선 블루투스,"_블랙_13,400|그레이_13,400|그린_13,400|레트로_13,400|_스카이 블루_13,400||||"
28806272,지클릭커 OFFICEPRO 움직이는 마카롱 무선 블루투스,"_블랙_11,660|그린_11,660|옐로우_11,900|퍼플_11,660|핑크_11,660|_화이트_11,660"
28579829,지클릭커 OFFICEPRO 휠마스터 유무선,"_딥그레이_34,800|그린_34,800|퍼플_34,800|_화이트_34,800"
91345787,지클릭커 OP25 무선,"_화이트_3,900|그린_3,900|레트로_3,900|블랙_3,900|_스카이블루_3,900|||"
59231561,지클릭커 슈퍼히어로 CT170 게이밍 LED,"블랙_1,980"
41826701,지클릭커 슈퍼히어로 OP90 벤투스 게이밍 커스텀,"_블랙_43,950|_화이트_33,950"
41419214,지클릭커 슈퍼히어로 OP95 벤투스 무선 블루투스 커스텀,"_블랙_19,800|_화이트_19,800"
99913109,지클릭커 슈퍼히어로 OP99 MASTER 르캄프 유무선,"_블랙_25,900|_옐로우 퍼포만테_25,900|오렌지 아미_25,900|핫핑크_25,900|화이트_25,900"
98613443,지클릭커 슈퍼히어로 OP99 르캄프 유무선,"_블랙_19,800|_옐로우 퍼포만테_19,800|오렌지 아미_19,800|핫핑크_19,800|화이트_19,800"
108412442,지클릭커 슈퍼히어로 SP109 무선,"_블랙_29,800|_오렌지 아미_29,800|핫핑크_26,800|화이트_26,800"
108412355,지클릭커 슈퍼히어로 SP199 MASTER 무선,"_블랙_36,400|오렌지 아미_36,400|핫핑크_36,400|_화이트_36,400"
123844846,지클릭커 슈퍼히어로 SP88 MASTER 유무선,"_블랙_27,850|오렌지아미_27,850|핫핑크_27,850|_화이트_21,800"
123844850,지클릭커 슈퍼히어로 SP88 유무선,"_블랙_20,960|오렌지아미_20,960|핫핑크_20,960|_화이트_20,960"
62793089,지클릭커 슈퍼히어로 SPG10 아쿠아푸딩 투명 블루투스 무선,"블랙_9,900"
106720082,지클릭커 오피스프로 OPV10 크루아상 무선,"_그린_21,400|_블랙_21,400|퍼플_21,400|핑크_21,400|화이트_21,400"
106734047,지클릭커 오피스프로 OPV20 버블휠 무선,"_화이트_16,900|_그린_16,900|블랙_16,900|퍼플_16,900|핑크_16,900"
102914591,지클릭커 오피스프로 수플레 OP65 무선,"_그린_18,900|_블랙_18,900|퍼플_18,900|핑크_18,900|화이트_18,900"
103599266,지클릭커 오피스프로 슈크림 OP15 무선,"_그레이_8,800|그린_8,800|_블랙_8,800|블루_8,800|옐로우_8,800||"
102881051,지클릭커 오피스프로 트리플 휠마스터 OP06 무선,"_블랙_28,840|_화이트_28,850"
102881078,지클릭커 오피스프로 휠마스터 OP12 무선,"_블랙_39,800|_화이트_39,800"
108416441,지클릭커 휠마스터 매크로 OP175 LCD 무선,"_그린_44,100|_레트로_44,100|블랙_64,890|핑크_44,100|화이트_44,100"
4550574,청맥전자 For LG CM-1000,"10,500"
3755734,청맥전자 For LG Optical M-1000,"6,400"
62868605,켄싱턴 K72080WW 유무선,"188,000"
10003683,코시 M2017WL 에르코 버티컬 무선 마우스,"16,045"
10533912,코시 M2018WL 저소음 버티컬 무선 마우스,"19,500"
14607761,코시 M2068WL 세미 버티컬 무선 마우스,"13,140"
17309027,코시 M2154WL 세미버티컬 무선 마우스,"13,520"
90158981,코시 M2274WLBT 무선,"11,590"
5611018,코시 M3163WL 버티컬 컴피 무선 마우스,"18,290"
5664023,코시 M3185,"16,500"
10661763,코시 M3469WL 세미 버티컬 오피스 무선 마우스,"12,000"
18612140,코시 M4059WL,"13,730"
81749603,코시 M4141WLBT 무선,"9,420"
37345898,쿠팡 홈플래닛 HP-01 저소음 무선 마우스,"_블랙_7,290|베이지_7,290|_핑크_6,990"
16259036,쿠팡 홈플래닛 저소음 슬림 무선마우스,"_핑크_6,290|_화이트_6,490"
28062188,쿨러마스터 MM310 Street Fighter 6 Chun-Li,"27,500"
14750021,쿨러마스터 MM730 Wired Mouse,"화이트_43,650"
15399923,쿨러마스터 MM731 GAMING MOUSE,"_블랙_60,410|_화이트_61,590"
15305858,팬웨스트 BT3050 블루투스 마우스,"_블랙_10,500|화이트_15,200|_핑크_7,900|그린_15,900|블루_15,900"
96478226,퓨전에프앤씨 INOTE VM560RB 무선 왼손,"3,800"
65943602,프나틱 기어 LAMZU MAYA 8K 유무선,"162,000"
78611186,프리플로우 MCHOSE A7 ULTRA 유무선,"_블랙_69,800|_중고_57,340"
73563203,프리플로우 Scyrox V6 유무선,"_블랙_146,400|_중고_75,840"
122721725,프리플로우 archon AM24B 무선,"_딸기라떼_23,900|_라이트 그레이_23,900|말차라떼_23,900|블랙_23,900|소다_23,900"
61844591,프리플로우 archon V1 PRO MINI 유무선,"32,900"
5849176,플레오맥스 AVEC-G10,"7,580"
5849204,플레오맥스 AVEC-G20,"9,500"
6514057,플레오맥스 AVEC-G50 RGB 게이밍 마우스,"13,500"
6451225,플레오맥스 AVEC-M3 유선마우스,"4,600"
5113703,플레오맥스 MO-ER100,"13,490"
5954881,플레오맥스 MO-ER300 버티컬마우스,"16,050"
5631622,플레오맥스 MO-ER50 인체공학 마우스,"10,125"
11009331,플레오맥스 MO-ER600 RGB 버티컬 인체공학 마우스,"30,820"
13287512,플레오맥스 MO-ER700 인체공학 버티컬 마우스,"17,000"
20523833,플레오맥스 MOB-501 무선 블루투스,"_블랙_7,300|_화이트_7,060"
30248570,플레오맥스 MOB-M3 무선 미니,"12,160"
4835977,플레오맥스 MOC-ER200,"15,990"
5954864,플레오맥스 MOC-ER350 무선 버티컬마우스,"27,000"
7841365,플레오맥스 MOC-ER500 무선 버티컬마우스,"33,040"
11009208,플레오맥스 MOC-ER650 버티컬 인체공학 무선마우스,"29,900"
6451248,플레오맥스 MOC-WM40 무선 마우스,"_블랙_5,030|_레드_6,000"
10168245,플레오맥스 MOC-WM60 저소음 무선 마우스,"5,680"
12010043,플레오맥스 PBE-M1000,"_화이트_5,080|_블랙_5,300"
62172968,플레오맥스 PBM-20 무선,"9,390"
98413364,필립스 SPK7238,"_블랙_7,900|_화이트_4,820"
59921003,필립스 SPK7528 저소음 무선,"_그레이_18,500|_화이트_18,500"
123845685,필립스 SPK7858 무선,"_그레이_32,800|블랙_32,800|_화이트_32,800"
104625536,필립스 SPK9418 유무선,"37,220"
12850730,한성컴퓨터 BM100 듀얼 무선 무소음마우스,"_블랙_12,900|민트_12,900|퍼플_12,900|핑크_12,900|_화이트_12,900"
28425230,한성컴퓨터 BM200 무선,"_팬텀 블랙_22,900|_베이비 핑크_17,900|스노우 화이트_22,900|토이 블럭_22,902|퍼플 하트_22,900"
74341475,한성컴퓨터 M5 Nano OfficeMaster 유무선,"블랙, 유소음_29,900|_블랙, 저소음_32,900|_코튼캔디, 저소음_32,900|퍼플하트, 저소음_32,900|화이트, 유소음_29,900||"
122708261,한성컴퓨터 M5 Nano OfficeMaster 유무선,"블랙, 유소음_29,900|_블랙, 저소음_32,900|_코튼캔디, 저소음_32,900|퍼플하트, 저소음_32,900|화이트, 유소음_29,900||"
63422192,한성컴퓨터 TFG G260 Ultra Light 8K 유무선,"_레블_39,900|_머랭_39,900|비너스네이비_39,900"
19663481,한성컴퓨터 VM300 OfficeMaster 무선 블루투스,"_블랙_26,900|_화이트_26,900"
124075072,한성컴퓨터 VM350 OfficeMaster 유무선,_말차크림_가격비교예정|_블랙_가격비교예정|퍼플하트_가격비교예정|화이트_가격비교예정
