Id,Name,2026-10-01 09:31:48,2026-10-02 01:18:19,2026-10-02 09:46:22,2026-10-03 00:41:48,2026-10-03 09:23:14,2026-10-03 23:22:37
122654001,1stPlayer AU8 빅포 ARGB,0,0,0,"_블랙_65,900|_화이트_69,900",0,0
99912947,1stPlayer GM7 ARGB BTF,0,0,0,"_블랙_83,270|실버_83,270|_화이트_83,270",0,0
21548498,1stPlayer MV8,0,0,0,"화이트_73,990",0,0
52153256,1stPlayer Mi5,0,0,0,"화이트_45,500",0,0
91187588,1stPlayer Mi5 WING,0,0,0,"_블랙_49,000|_화이트_52,340",0,0
20779499,1stPlayer Mi6,0,0,0,"화이트_70,000",0,0
19107068,1stPlayer Mi6 MUSIC BAR,0,0,0,"_블랙_72,100|_화이트_76,800",0,0
20229629,1stPlayer Mi8,0,0,0,"블랙_87,500",0,0
103749827,1stPlayer RT7 라운드 ARGB,0,0,0,"_블랙_99,000|_화이트_98,000",0,0
19108916,1stPlayer SP5,0,0,0,"_블랙_67,920|_화이트_78,000",0,0
19109225,1stPlayer SP5-G,0,0,0,"블랙_67,920",0,0
19109408,1stPlayer SP6 MUSIC BAR,0,0,0,"_블랙_77,330|_화이트_82,550",0,0
19109501,1stPlayer SP6-G MUSIC BAR,0,0,0,"_블랙_82,990|_화이트_82,550",0,0
19109651,1stPlayer SP7,0,0,0,"화이트_92,000",0,0
19105625,1stPlayer T5,0,0,0,"블랙_54,990",0,0
40896488,1stPlayer T7,0,0,0,"화이트_49,500",0,0
35229785,1stPlayer T7-P,0,0,0,"_블랙_52,500|_화이트_43,880",0,0
122678845,1stPlayer WD8 ARGB,0,0,0,"_메탈 화이트_79,000|_우드블랙_75,000",0,0
124021000,1stPlayer 와칠 WA7-K RGB,0,0,0,"_블랙_49,000|_화이트_53,000",0,0
2753144,2MONS 1.5U D280 핫스왑*2,0,0,0,"166,710",0,0
2919264,2MONS 1.5U D280 핫스왑*2 USB3.0,0,0,0,"166,990",0,0
3330848,2MONS 1U D550 에코 USB3.0,0,0,0,"159,000",0,0
7025194,2MONS 1U ITX D250,0,0,0,"114,990",0,0
12024287,2MONS 1U LCD D400,0,0,0,"150,470",0,0
2910165,2MONS 2U D550 PLUS USB3.0,0,0,0,"109,450",0,0
16983374,2MONS 2U D550 PLUS 핫스왑-3,0,0,0,"200,900",0,0
2753078,2MONS 2U D550 핫스왑*6,0,0,0,"262,000",0,0
2920397,2MONS 2U D550 핫스왑*6 USB3.0,0,0,0,"261,990",0,0
10071663,2MONS 2U E-ATX D650,0,0,0,"122,000",0,0
10071696,2MONS 2U E-ATX D650 USB3.0,0,0,0,"134,000",0,0
64393598,2MONS 2U E-ATX D650 리던던트 파워용 KIT,0,0,0,"14,550",0,0
3319048,2MONS 2U 핫스왑*6 SATA3 USB3.0,0,0,0,"282,000",0,0
12531173,2MONS 3U D300 에코,0,0,0,"77,990",0,0
4968795,2MONS 3U LCD 핫스왑*4 USB 3.0,0,0,0,"239,000",0,0
92105834,2MONS 4U All in One D560 GPU-4,0,0,0,"221,900",0,0
12862703,2MONS 4U D450 GPU-3,0,0,0,"60,990",0,0
19869497,2MONS 4U D470 GPU-4 워터쿨,0,0,0,"189,900",0,0
14920439,2MONS 4U D650 HD-28,0,0,0,"215,600",0,0
25264844,2MONS 4U D650 HD-28 워터쿨,0,0,0,"175,900",0,0
12551834,2MONS 4U D650 핫스왑-12,0,0,0,"346,910",0,0
14920292,2MONS 4U D650 핫스왑-16,0,0,0,"386,200",0,0
18961142,2MONS 4U D650 핫스왑-8 워터쿨,0,0,0,"340,000",0,0
65430776,2MONS 4U D680 핫스왑-24,0,0,0,"525,000",0,0
122720355,2MONS 4U HQ D445 워터쿨360,0,0,0,"174,980",0,0
12531095,2MONS 4U LCD D650 GPU-6,0,0,0,"247,880",0,0
28605620,2MONS 4U LCD D680 GPU-6 워터쿨 2psu,0,0,0,"327,900",0,0
4391262,2MONS 4U LCD 핫스왑*8 USB3.0,0,0,0,"310,000",0,0
16983740,2MONS 4U 멀티 D500 핫스왑-4,0,0,0,"233,200",0,0
27757268,2MONS 5U LCD D500 워터쿨 2psu,0,0,0,"396,900",0,0
79397228,2MONS 5U TOWER D520 워터쿨 2PSU,0,0,0,"437,490",0,0
93444674,2MONS 6U LCD D680 AI 머신러닝 ver3.0,0,0,0,"464,990",0,0
5469555,2MONS 6U 비트코인 8way 2psu,0,0,0,"156,490",0,0
1742127,2MONS SERVER 2U D400,0,0,0,"94,590",0,0
2245703,2MONS SERVER 2U D550 Plus,0,0,0,"88,930",0,0
1742137,2MONS SERVER 2U D560,0,0,0,"121,990",0,0
1742148,2MONS SERVER 3U D400,0,0,0,"79,990",0,0
3511031,2MONS 미니서버 핫스왑*6 USB3.0,0,0,0,"171,240",0,0
3363372,2MONS 서버 1U D550 에코,0,0,0,"146,000",0,0
2915955,2MONS 서버 2U D400 USB3.0,0,0,0,"111,000",0,0
3155665,2MONS 서버 2U D400 에코,0,0,0,"77,000",0,0
3155867,2MONS 서버 2U D400 에코 USB3.0,0,0,0,"89,000",0,0
2911987,2MONS 서버 2U D560 USB 3.0,0,0,0,"130,990",0,0
2914782,2MONS 서버 3U D400 USB3.0,0,0,0,"101,000",0,0
4184812,2MONS 서버 4U E-ATX D400,0,0,0,"82,000",0,0
4231753,2MONS 서버 4U E-ATX D400 USB3.0,0,0,0,"96,000",0,0
1821778,2MONS 서버 4U PC D450,0,0,0,"59,990",0,0
1821768,2MONS 서버 4U TRAY D450,0,0,0,"84,000",0,0
3043027,2MONS 서버 4U 멀티 D500,0,0,0,"121,990",0,0
4362961,2MONS 서버용 18인치 레일(2PCS/SET),0,0,0,"46,500",0,0
3168723,2MONS 서버용 26인치 레일(2PCS/SET),0,0,0,"50,000",0,0
3156205,2MONS 서버용 SSD가이드,0,0,0,"1,070",0,0
34740608,2MONS 엘-미니멀,0,0,0,"40,980",0,0
122641275,2MONS 엘포즈 10,0,0,0,"33,980",0,0
5660258,2MONS 엘포즈7,0,0,0,"29,990",0,0
5660288,2MONS 엘포즈7 USB 4포트,0,0,0,"33,230",0,0
5660313,2MONS 엘포즈7 멀티포트,0,0,0,"38,770",0,0
17990840,2MONS 엘포즈8 Type C,0,0,0,"38,990",0,0
103319498,2MONS 엘포즈8 type SD,0,0,0,"블랙_41,490",0,0
11900881,2MONS 엘포즈9 TFX,0,0,0,"51,000",0,0
49645280,2MONS 외부포트 USB 2.0 케이블 벌크,0,0,0,"3,290",0,0
8141725,3RSYS EL-GUIDE,0,0,0,"3,050",0,0
12204125,3RSYS J490 SILENCE,0,0,0,"블랙_57,720",0,0
32043569,3RSYS J540,0,0,0,"37,440",0,0
17433503,3RSYS J740 Quiet,0,0,0,"화이트_70,000",0,0
58911584,3RSYS K101,0,0,0,"블랙_39,000",0,0
90157475,3RSYS K105,0,0,0,"_블랙_32,490|_화이트_44,000",0,0
91187759,3RSYS K201,0,0,0,"_블랙_41,470|_화이트_42,950",0,0
59928893,3RSYS K400 리버스,0,0,0,"_블랙_58,640|_화이트_63,540",0,0
124217320,3RSYS L200,0,0,0,"_블랙_32,690|_화이트_36,590",0,0
124101345,3RSYS L220 LED BAR,0,0,0,"_블랙_47,440|_화이트_51,890",0,0
16483853,3RSYS L300 코드,0,0,0,"화이트_56,500",0,0
80151344,3RSYS L330 Quiet,0,0,0,"_블랙_48,500|_화이트_48,300",0,0
15823037,3RSYS L600,0,0,0,"블랙_103,000",0,0
17409059,3RSYS L600 Quiet,0,0,0,"_블랙_90,000|_화이트_91,170",0,0
3412899,3RSYS L900 USB3.0,0,0,0,"블랙_88,000",0,0
57709235,3RSYS L904 Quiet,0,0,0,"_블랙_91,970|_화이트_94,900",0,0
28025648,3RSYS R120,0,0,0,"_블랙_28,810|_화이트_31,660",0,0
19881209,3RSYS R150,0,0,0,"_블랙_31,290|_화이트_34,230",0,0
93700982,3RSYS R190,0,0,0,"_블랙_41,890|_화이트_43,700",0,0
15738686,3RSYS R200,0,0,0,"_블랙_39,060|_화이트_43,000",0,0
19073519,3RSYS R260,0,0,0,"_블랙_41,310|_화이트_53,680",0,0
28025804,3RSYS R30,0,0,0,"_블랙_20,010|_화이트_23,500",0,0
100383761,3RSYS R370 RGB,0,0,0,"블랙_26,350",0,0
74806601,3RSYS R40,0,0,0,"22,220",0,0
122707971,3RSYS R407 세븐팬,0,0,0,"_블랙_49,600|_화이트_54,330",0,0
94881062,3RSYS R50 넥스,0,0,0,"_블랙_38,260|_화이트_49,500",0,0
91423457,3RSYS R530,0,0,0,"_블랙_53,780|_화이트_57,600",0,0
103335953,3RSYS R630 RGB,0,0,0,"_블랙_68,830|_화이트_73,000",0,0
31286447,3RSYS R640 Quiet,0,0,0,"_블랙_96,800|_화이트_97,790",0,0
103750100,3RSYS RX200 RGB,0,0,0,"_블랙_67,930|_화이트_74,680",0,0
97221221,3RSYS RX300 RGB,0,0,0,"_블랙_70,960|_화이트_77,860",0,0
73121462,3RSYS RX400 Quiet BTF,0,0,0,"_블랙_81,470|_화이트_84,500",0,0
99049709,3RSYS RX500 Quiet,0,0,0,"_블랙_82,500|_화이트_86,900",0,0
32043641,3RSYS S315 Quiet 리버스,0,0,0,"화이트_79,000",0,0
34816706,3RSYS S402 Quiet 리버스 BTF,0,0,0,"_블랙_88,850|_화이트_96,350",0,0
39614225,3RSYS S404 Quiet 리버스,0,0,0,"_블랙_67,000|_화이트_74,000",0,0
99479786,3RSYS S480 WOOD BTF,0,0,0,"블랙_56,480",0,0
89605691,3RSYS T200 Quiet BTF,0,0,0,"블랙_103,760",0,0
92045654,3RSYS T2000 Quiet,0,0,0,"_블랙_130,000|_화이트_137,000",0,0
71162336,3RSYS T300 Quiet BTF,0,0,0,"_블랙_135,000|_화이트_145,000",0,0
46100999,3RSYS T3000 Quiet,0,0,0,"252,240",0,0
105679544,3RSYS T6000 워크스테이션,0,0,0,"457,000",0,0
13796111,3RSYS T700,0,0,0,"_블랙_86,500|_화이트_68,000",0,0
20031230,3RSYS T700 Quiet,0,0,0,"블랙_99,000",0,0
13933289,3RSYS T840 풍통,0,0,0,"블랙_113,960",0,0
102000851,3RSYS T9000 워크스테이션,0,0,0,"830,940",0,0
11169117,AEROCOOL AERO ONE FROST,0,0,0,"49,900",0,0
2624714,AEROCOOL DS CUBE WINDOW,0,0,0,"_골드_77,540|그린_78,800|레드_77,540|_블루_77,540|오렌지_77,540|",0,0
14922485,AONE PCI-E 3.0 16X 300mm 라이저케이블,0,0,0,"블랙_23,900",0,0
34335563,AONE PCI-E 4.0 16X 250mm 라이저 케이블,0,0,0,"_블랙_39,000|_화이트_44,910",0,0
17973449,AONE PCI-E 4.0 16X 300mm 라이저케이블,0,0,0,"블랙_39,000",0,0
13537256,AONE PCI-Express 1x to 16X 009S LED 라이저카드,0,0,0,"1,270",0,0
41613188,APNX Creator C1,0,0,0,"_블랙_169,000|크로마 플레어_209,000|_화이트_172,100",0,0
100692614,APNX V1,0,0,0,"블랙_148,000|_화이트_158,000|우드 블랙_169,000|_우드 화이트_178,900",0,0
104628746,APNX V2,0,0,0,"_블랙_155,130|_화이트_164,650",0,0
104628851,APNX V2-F,0,0,0,"_블랙_145,070|_화이트_155,130",0,0
96771857,ARCTIC Xtender,0,0,0,"_블랙_197,820|_화이트_204,670",0,0
96771989,ARCTIC Xtender Mirror,0,0,0,"블랙_197,820",0,0
96772031,ARCTIC Xtender VG,0,0,0,"_블랙_238,730|_화이트_247,510",0,0
96772118,ARCTIC Xtender VG Mirror,0,0,0,"블랙_238,730",0,0
35805302,ASUS A21 PLUS,0,0,0,"블랙_90,700",0,0
96852605,ASUS A32 PLUS,0,0,0,"_블랙_122,010|_화이트_121,770",0,0
94029254,ASUS PRIME AP202 ARGB,0,0,0,"화이트_122,010",0,0
102007412,ASUS PRIME AP303 메쉬,0,0,0,"_블랙_135,000|_화이트_123,270",0,0
124115263,ASUS Prime AP304,0,0,0,"_블랙_199,600|_화이트_199,600",0,0
124198048,ASUS Prime AP304 ARGB,0,0,0,"_블랙_195,910|_화이트_195,910",0,0
101956331,ASUS ProArt PA401 우드 에디션 강화유리,0,0,0,"베이지_157,740",0,0
102003803,ASUS ProArt PA401 우드 에디션 메탈,0,0,0,"_베이지_157,740|_블랙_134,750",0,0
31408691,ASUS ProArt PA602,0,0,0,"339,160",0,0
122692194,ASUS ROG Cronox ARGB,0,0,0,"_블랙_890,940|_화이트_897,990",0,0
7706725,ASUS ROG STRIX HELIOS,0,0,0,"398,620",0,0
102550838,ASUS ROG STRIX HELIOS II,0,0,0,"_블랙_380,950|_화이트_380,950",0,0
11554955,ASUS ROG STRIX HELIOS WHITE EDITION,0,0,0,"466,000",0,0
47840606,ASUS TUF Gaming GT302 ARGB,0,0,0,"블랙_176,000",0,0
7335787,ASUS TUF Gaming GT501,0,0,0,"211,000",0,0
11555084,ASUS TUF Gaming GT501 WHITE EDITION,0,0,0,"222,000",0,0
18382964,ASUS TUF Gaming GT502,0,0,0,"_블랙_215,490|_화이트_227,280",0,0
122618461,Antec 900 MESH BTF,0,0,0,"311,330",0,0
19277042,Antec AX61 ELITE MESH 강화유리,0,0,0,"52,090",0,0
30499121,Antec AX81 RGB ELITE MESH 강화유리,0,0,0,"900,000",0,0
123537643,Antec C2M MESH ARGB,0,0,0,"_블랙_67,220|_화이트_69,350",0,0
41615831,Antec C3 ARGB,0,0,0,"_블랙_95,380|_화이트_99,000",0,0
54327269,Antec C5 MESH ARGB BTF,0,0,0,"_블랙_141,980|_화이트_142,990",0,0
64464317,Antec C5 MESH BTF,0,0,0,"블랙_94,990",0,0
96312719,Antec C5 MESH CURVE ARGB BTF,0,0,0,"_블랙_143,890|_화이트_148,990",0,0
122654082,Antec C6 CURVE AIR MESH BTF,0,0,0,"_블랙_114,990|_화이트_124,700",0,0
66334604,Antec C7 MESH ARGB BTF,0,0,0,"_블랙_151,980|_화이트_159,000",0,0
33439418,Antec C8 MESH,0,0,0,"_블랙_117,000|우드_117,000|_화이트_117,000",0,0
94811879,Antec C8 MESH ARGB,0,0,0,"_블랙_179,000|_화이트_213,270",0,0
71777573,Antec C8 MESH CURVE BTF,0,0,0,"우드_157,000",0,0
96478850,Antec C8 MESH QUAD ARGB,0,0,0,"_블랙_152,890|_화이트_152,590",0,0
4847659,Antec CUBE,0,0,0,"327,420",0,0
37930172,Antec CX200M RGB ELITE,0,0,0,"_블랙_59,000|_화이트_59,000",0,0
57304289,Antec CX500M RGB,0,0,0,"_블랙_69,200|_화이트_71,990",0,0
13936562,Antec DARK CUBE,0,0,0,"252,500",0,0
13275992,Antec DF700 FLUX MESH 강화유리,0,0,0,"101,900",0,0
16079039,Antec DF800 FLUX MESH 강화유리,0,0,0,"블랙_115,500",0,0
99912674,Antec FLUX M MESH,0,0,0,"블랙_78,000",0,0
70001051,Antec FLUX MESH BTF,0,0,0,"블랙_135,000",0,0
72470105,Antec FLUX PRO MESH,0,0,0,"_블랙_254,000|_화이트_236,140",0,0
104939912,Antec FLUX REAR MESH BTF,0,0,0,"블랙_116,390",0,0
14903585,Antec NX200M MESH 강화유리,0,0,0,"블랙_37,000",0,0
17224280,Antec NX200M RGB MESH 강화유리,0,0,0,"43,000",0,0
32061452,Antec NX416L ARGB MESH 강화유리,0,0,0,"_블랙_94,500|_화이트_94,500",0,0
17033048,Antec P10 C SILENT,0,0,0,"112,990",0,0
13029410,Antec P10 FLUX,0,0,0,"110,500",0,0
9985203,Antec P120 CRYSTAL,0,0,0,"_블랙_140,980|_화이트_148,400",0,0
18728459,Antec P20CE ELITE 6FAN METAL MESH SOLID,0,0,0,"110,990",0,0
106223360,Antec P30 MESH ARGB,0,0,0,"블랙_96,890",0,0
104939861,Antec P7 S,0,0,0,"블랙_75,990",0,0
45873434,Antec PCI-E 4.0 RTX40 라이저 케이블,0,0,0,"화이트, 200mm_61,000",0,0
19701731,Antec PERFORMANCE 1 FT MESH 강화유리,0,0,0,"_블랙_217,000|_화이트_219,000",0,0
77381570,Antec PERFORMANCE 1 M,0,0,0,"_블랙_408,990|_아벤츄린_412,990",0,0
95346719,Antec SHIFT PCI-E 5.0 라이저 케이블 KIT ARGB,0,0,0,"_블랙, 190mm_88,900|_화이트, 190mm_93,900",0,0
123621868,Antec ST20M MESH,0,0,0,"19,480",0,0
9769494,Antec STRIKER,0,0,0,"404,900",0,0
8114950,Antec TORQUE,0,0,0,"_블랙_539,000|_화이트_538,000",0,0
18419840,BRAVOTEC GUARDIAN 3100M V2 타이탄 글래스,0,0,0,"_블랙_85,280|_화이트_94,000",0,0
13007426,BRAVOTEC M110 마블 블랙팬서 강화유리,0,0,0,"19,000",0,0
13007468,BRAVOTEC M110 마블 스파이더맨 강화유리,0,0,0,"44,940",0,0
13007498,BRAVOTEC M110 마블 아이언맨 강화유리,0,0,0,"44,940",0,0
36794582,BRAVOTEC SWORD S300 PATRON 타이탄 글래스,0,0,0,"_블랙_45,790|_화이트_51,090",0,0
8173504,BRAVOTEC SWORD S830 RGB 타이탄 글래스,0,0,0,"블랙_56,000",0,0
19317575,BRAVOTEC 트레저 X10 AERO,0,0,0,"_블랙_86,890|_화이트_95,900",0,0
13050209,BRAVOTEC 트레저 X7 720T 타이탄 글래스,0,0,0,"_블랙_38,940|_화이트_73,000",0,0
48645560,BRAVOTEC 트레저 X80 EDGE 타이탄 글래스 BTF,0,0,0,"블랙_96,670",0,0
6749986,BRAVOTEC 트레저 X9 920T 타이탄 글래스,0,0,0,"_블랙_75,960|_화이트_86,990",0,0
38455076,CORSAIR 2500D Airflow,0,0,0,"블랙_189,000",0,0
38455175,CORSAIR 2500X,0,0,0,"_블랙_189,000|_화이트_189,000",0,0
42127208,CORSAIR 2500X RGB,0,0,0,"_블랙_253,890|_화이트_253,880",0,0
56139164,CORSAIR 3500X ARGB 강화유리,0,0,0,"화이트_138,700",0,0
97568777,CORSAIR 3500X LX-R RGB iCUE LINK 강화유리,0,0,0,"_블랙_226,720|_화이트_226,720",0,0
97568864,CORSAIR 3500X RS-R ARGB 강화유리,0,0,0,"_블랙_151,480|_화이트_151,480",0,0
56139026,CORSAIR 3500X 강화유리,0,0,0,"화이트_129,000",0,0
18918650,CORSAIR 4000D RGB AIRFLOW,0,0,0,"트루 화이트_199,000",0,0
13152377,CORSAIR 5000D,0,0,0,"_블랙_229,000|_화이트_119,120",0,0
13152467,CORSAIR 5000D AF,0,0,0,"화이트_229,000",0,0
38454563,CORSAIR 6500X,0,0,0,"_블랙_252,280|_화이트_240,310|화이트 세틴 그레이_305,960",0,0
38454662,CORSAIR 6500X RGB,0,0,0,"_블랙_329,110|_화이트_322,400",0,0
99476141,CORSAIR AIR 5400 LX-R RGB iCUE LINK,0,0,0,"_블랙_323,900|_화이트_323,900",0,0
99476093,CORSAIR AIR 5400 RS-R ARGB,0,0,0,"_블랙_277,960|_화이트_277,960",0,0
6279876,CORSAIR CRYSTAL SERIES 280X RGB 강화유리,0,0,0,"화이트_123,430",0,0
122620544,CORSAIR FRAME 4000 Series LCD Mounting Kit,0,0,0,"_블랙_49,880|_화이트_49,880",0,0
122620430,CORSAIR FRAME 4000D LCD RS ARGB,0,0,0,"화이트_463,970",0,0
74011205,CORSAIR FRAME 4000D RS ARGB,0,0,0,"화이트_126,470",0,0
98181404,CORSAIR FRAME 4500X LX-R RGB LINK,0,0,0,"_블랙_268,570|_화이트_268,570",0,0
98181326,CORSAIR FRAME 4500X RS-R ARGB,0,0,0,"_블랙_207,930|_화이트_207,930",0,0
122621807,CORSAIR FRAME 5000 Series LCD Mounting Kit,0,0,0,"블랙_56,380",0,0
93016340,CORSAIR FRAME 5000D RS,0,0,0,"화이트_259,180",0,0
93016370,CORSAIR FRAME 5000D RS ARGB,0,0,0,"_블랙_230,900|_화이트_230,900",0,0
122620507,CORSAIR FRAME 5000D RS Workstation,0,0,0,"화이트_299,000",0,0
20305370,CORSAIR iCUE 2000D RGB AIRFLOW,0,0,0,"화이트_124,330",0,0
12279716,CORSAIR iCUE 4000X RGB,0,0,0,"_블랙_199,000|_화이트_91,960",0,0
16413707,CORSAIR iCUE 5000T RGB,0,0,0,"_블랙_216,140|_화이트_244,480",0,0
13152545,CORSAIR iCUE 5000X RGB,0,0,0,"화이트_134,460",0,0
56139299,CORSAIR iCUE LINK 3500X RGB 강화유리,0,0,0,"_블랙_159,520|_화이트_159,520",0,0
66039692,CORSAIR iCUE LINK 9000D RGB AIRFLOW,0,0,0,"_블랙_724,560|_화이트_724,560",0,0
91864694,COUGAR AIRFACE PURE PRO,0,0,0,"화이트_54,900",0,0
70097153,COUGAR FV150 RGB,0,0,0,"블랙_102,900",0,0
55316822,COUGAR FV270,0,0,0,"_블랙_169,000|_화이트_179,000",0,0
55324856,COUGAR FV270 RGB,0,0,0,"_블랙_183,100|_화이트_209,000",0,0
55340483,COUGAR FV270 루미너스 로테이팅 플랫폼,0,0,0,"블랙_29,900",0,0
69698504,COUGAR MX220 RGB,0,0,0,"_블랙_79,000|_화이트_79,000",0,0
58023545,COUGAR MX360 RGB,0,0,0,"52,590",0,0
70250225,COUGAR MX600 MINI RGB,0,0,0,"화이트_102,300",0,0
93633530,COUGAR Omny X,0,0,0,"_블랙_139,000|_화이트_139,000",0,0
57509000,COUGAR PURITY RGB,0,0,0,"화이트_39,900",0,0
56151686,COUGAR UNIFACE MINI RGB,0,0,0,"화이트_57,000",0,0
67690958,DAVEN APEX V2,0,0,0,"화이트_50,000",0,0
31983662,DAVEN AQUA,0,0,0,"화이트_36,000",0,0
49644662,DAVEN AQUA A900,0,0,0,"_블랙_76,300|_화이트_64,000",0,0
50126771,DAVEN AQUA EDGE,0,0,0,"블랙_57,000",0,0
94814495,DAVEN AQUA Lite,0,0,0,"_블랙_19,680|_화이트_22,940",0,0
49644791,DAVEN AQUA M900,0,0,0,"_블랙_68,500|_화이트_77,000",0,0
65426303,DAVEN AQUA 다이버,0,0,0,"_블랙_39,180|_화이트_47,310",0,0
32104556,DAVEN AQUARIUM,0,0,0,"_블랙_60,020|_화이트_64,000",0,0
108365978,DAVEN AQUARIUM 미니,0,0,0,"_블랙_40,490|_화이트_44,000",0,0
19583933,DAVEN D4 MESH,0,0,0,"블랙_34,190",0,0
18212936,DAVEN D6 MESH 강화유리,0,0,0,"_블랙_39,460|_화이트_43,380",0,0
102621416,DAVEN D7 Mesh 세븐팬,0,0,0,"_블랙_49,380|_화이트_57,610",0,0
124076069,DAVEN D7 Mesh 세븐팬 ARGB PWM,0,0,0,"_블랙_53,544|_화이트_59,750",0,0
106689278,DAVEN D9 Mesh 나인팬,0,0,0,"_블랙_56,100|_화이트_61,890",0,0
16144583,DAVEN KAISER AIR 강화유리,0,0,0,"블랙_100,040",0,0
98923769,DAVEN N1 MESH,0,0,0,"_블랙_37,190|_화이트_40,000",0,0
40826582,DAVEN SIX FLOW,0,0,0,"화이트_51,800",0,0
20598131,DAVEN V200,0,0,0,"블랙_19,090",0,0
20685455,DAVEN V300,0,0,0,"블랙_39,000",0,0
104325032,DAVEN 도파민 ARGB,0,0,0,"_오크 화이트_58,280|_월넛 블랙_53,600",0,0
17951918,DAVEN 라피네,0,0,0,"14,290",0,0
99837545,DAVEN 벤투스 420 MESH ARGB,0,0,0,"_블랙_103,880|_화이트_113,700",0,0
99637679,DAVEN 아쿠아 마린보이,0,0,0,"_블랙_33,190|_화이트_38,310",0,0
15746174,DEEPCOOL CG560,0,0,0,"98,000",0,0
97117652,DEEPCOOL CH160 PLUS,0,0,0,"_블랙_81,000|_화이트_81,000",0,0
67623128,DEEPCOOL CH170 DIGITAL,0,0,0,"_블랙_94,660|_화이트_96,860",0,0
102411752,DEEPCOOL CH170 PLUS,0,0,0,"_블랙_84,000|_화이트_80,300",0,0
77855639,DEEPCOOL CH260,0,0,0,"_블랙_91,970|_화이트_95,400",0,0
122641687,DEEPCOOL CH260 WOOD,0,0,0,"_블랙_96,860|_화이트_102,720",0,0
78710921,DEEPCOOL CH270 DIGITAL,0,0,0,"_블랙_114,700|_화이트_121,400",0,0
16139204,DEEPCOOL CK560,0,0,0,"_블랙_113,700|_화이트_119,400",0,0
5371791,DEEPCOOL EARLKASE RGB,0,0,0,"95,790",0,0
10249821,DEEPCOOL MATREXX 55 MESH ADD-RGB 4F,0,0,0,"84,190",0,0
10367772,DEEPCOOL PAB 300 라이저 케이블,0,0,0,"46,170",0,0
122656392,DEEPCOOL PIXEL 10,0,0,0,"31,300",0,0
57308654,DEEPCOOL PIXEL Series,0,0,0,"_레드_6,310|_바이올렛_6,310|블루_6,500|옐로우_6,500|쿨 그레이_6,500||",0,0
10909788,Fractal Design Define 7,0,0,0,"블랙_306,000",0,0
11479695,Fractal Design Define 7 Compact,0,0,0,"블랙_196,200",0,0
10910196,Fractal Design Define 7 Dark 강화유리,0,0,0,"블랙_336,640",0,0
10958544,Fractal Design Define 7 XL,0,0,0,"371,600",0,0
10958601,Fractal Design Define 7 XL Dark 강화유리,0,0,0,"397,570",0,0
124375995,Fractal Design Define One Dark Solid,0,0,0,"248,230",0,0
124376010,Fractal Design Define One Light Solid,0,0,0,"248,230",0,0
124376047,Fractal Design Define One TG Clear Tint,0,0,0,"라이트_248,230",0,0
124376040,Fractal Design Define One TG Light Tint,0,0,0,"블랙_248,230",0,0
14840138,Fractal Design Define R6 강화유리,0,0,0,"블랙_235,850",0,0
102124145,Fractal Design Epoch RGB XL 강화유리,0,0,0,"_블랙_269,000|_화이트_251,870",0,0
94087988,Fractal Design Epoch RGB 강화유리,0,0,0,"_블랙_218,770|_화이트_218,770",0,0
94087853,Fractal Design Epoch Solid,0,0,0,"블랙_188,790",0,0
102124007,Fractal Design Epoch XL Solid,0,0,0,"블랙_229,000",0,0
102124055,Fractal Design Epoch XL 강화유리,0,0,0,"_블랙_229,000|_화이트_229,000",0,0
94087928,Fractal Design Epoch 강화유리,0,0,0,"_블랙_188,790|_화이트_188,790",0,0
68242736,Fractal Design Era2,0,0,0,"_미드나잇 블루_368,000|_실버_368,000",0,0
11601842,Fractal Design HDD Drive Tray Kit - Type B 블랙,0,0,0,"2PACK_18,900",0,0
11601878,Fractal Design HDD Drive Tray Kit - Type B 화이트,0,0,0,"2PACK_18,900",0,0
11605937,Fractal Design Hard Drive Cage Kit - Type B,0,0,0,"18,900",0,0
12673769,Fractal Design Meshify 2,0,0,0,일시품절,0,0
13489595,Fractal Design Meshify 2 Compact,0,0,0,"블랙_185,800",0,0
12681041,Fractal Design Meshify 2 XL Light 강화유리,0,0,0,"351,620",0,0
91560740,Fractal Design Meshify 3 Ambience Pro RGB 강화유리,0,0,0,"_블랙_348,000|_화이트_348,000",0,0
91560869,Fractal Design Meshify 3 RGB 강화유리,0,0,0,"_블랙_249,000|_화이트_249,000",0,0
91560968,Fractal Design Meshify 3 Solid,0,0,0,"블랙_213,000",0,0
91561025,Fractal Design Meshify 3 XL Ambience Pro RGB 강화유리,0,0,0,"_블랙_398,570|_화이트_386,990",0,0
91561406,Fractal Design Meshify 3 XL RGB 강화유리,0,0,0,"_블랙_298,680|_화이트_293,990",0,0
91561445,Fractal Design Meshify 3 XL Solid,0,0,0,"블랙_268,710",0,0
91561427,Fractal Design Meshify 3 XL 강화유리,0,0,0,"블랙_269,000",0,0
91560920,Fractal Design Meshify 3 강화유리,0,0,0,"_블랙_213,000|_화이트_213,000",0,0
60009248,Fractal Design Mood,0,0,0,"_라이트 그레이_302,670|_블랙_294,000",0,0
18448688,Fractal Design North Mesh,0,0,0,"_차콜 블랙_248,730|_초크 화이트_248,730",0,0
108416054,Fractal Design North Momentum Edition,0,0,0,"블랙_314,010",0,0
18448790,Fractal Design North TG Clear Tint,0,0,0,"초크 화이트_248,730",0,0
18448748,Fractal Design North TG Dark Tint,0,0,0,"차콜 블랙_248,730",0,0
40016330,Fractal Design North XL Clear 강화유리,0,0,0,"초크 화이트_298,680",0,0
40016360,Fractal Design North XL Dark 강화유리,0,0,0,"차콜 블랙_299,000",0,0
40016375,Fractal Design North XL MESH,0,0,0,"_차콜 블랙_298,680|_초크 화이트_298,680",0,0
108416156,Fractal Design North XL Momentum Edition,0,0,0,"블랙_353,710",0,0
90158345,Fractal Design North XL RC 강화유리,0,0,0,"_차콜 블랙_296,010|_초크 화이트_296,010",0,0
104554937,Fractal Design Pop 2 Air RGB 강화유리,0,0,0,"_블랙_179,000|_화이트_179,000",0,0
104555042,Fractal Design Pop 2 Air Solid,0,0,0,"블랙_159,000",0,0
104555225,Fractal Design Pop 2 Air 강화유리,0,0,0,"블랙_159,000",0,0
122643621,Fractal Design Pop 2 Vision,0,0,0,"블랙_162,030",0,0
122643690,Fractal Design Pop 2 Vision RGB,0,0,0,"_블랙_181,200|_화이트_181,000",0,0
17357537,Fractal Design Pop Air Clear 강화유리,0,0,0,"블랙_149,000",0,0
17357132,Fractal Design Pop Air RGB Clear 강화유리,0,0,0,"화이트_163,000",0,0
17357018,Fractal Design Pop Air RGB Clear 강화유리 Core,0,0,0,"시안_163,000",0,0
17357669,Fractal Design Pop Air Solid,0,0,0,"블랙_149,000",0,0
17357984,Fractal Design Pop Mini Air RGB Clear 강화유리,0,0,0,"화이트_162,830",0,0
17359220,Fractal Design Pop Mini Silent Solid,0,0,0,"블랙_98,890",0,0
17358986,Fractal Design Pop Silent Clear 강화유리,0,0,0,"블랙_148,840",0,0
17359076,Fractal Design Pop Silent Solid,0,0,0,"블랙_98,890",0,0
17357855,Fractal Design Pop XL Air RGB Clear 강화유리,0,0,0,"_블랙_198,000|_화이트_192,010",0,0
17359157,Fractal Design Pop XL Silent Solid,0,0,0,"블랙_181,800",0,0
18294494,Fractal Design Ridge,0,0,0,"_블랙_259,000|_화이트_258,720",0,0
17359541,Fractal Design SSD Bracket Kit Type D,0,0,0,"13,900",0,0
11601917,Fractal Design SSD Drive Tray Kit - Type B 화이트,0,0,0,"2PACK_18,900",0,0
124376190,Fractal Design Summit Ambience Blackout TG Light Tint,0,0,0,"블랙_342,170",0,0
124376193,Fractal Design Summit Blackout TG Light Tint,0,0,0,"블랙_284,980",0,0
124376101,Fractal Design Summit Solid,0,0,0,"_블랙_284,980|_초크 화이트_284,980",0,0
124376240,Fractal Design Summit TG Clear Tint,0,0,0,"_블랙_284,980|_초크 화이트_284,980",0,0
20344595,Fractal Design Terra,0,0,0,"_그라파이트_389,000|실버_538,200|_제이드_388,590",0,0
16407419,Fractal Design Torrent Nano Black Solid,0,0,0,"173,000",0,0
15025229,Fractal Design Torrent Solid,0,0,0,"블랙_328,650",0,0
17359469,Fractal Design USB-C 10Gbps Cable Model D,0,0,0,"17,900",0,0
17076743,Fractal Design USB-C 10Gbps Cable Model E,0,0,0,"17,880",0,0
14807990,G.SKILL Z5i,0,0,0,"259,000",0,0
70332935,GAMDIAS ATHENA M3,0,0,0,"_블랙_69,830|_화이트_72,310",0,0
104224775,GAMDIAS ATHENA M4M,0,0,0,"_블랙_71,690|_우드_73,200",0,0
74420531,GAMDIAS ATLAS P1,0,0,0,"170,230",0,0
80621498,GAMDIAS AURA GC10M ARGB,0,0,0,"_블랙_57,080|_화이트_59,900",0,0
79559915,GAMDIAS AURA GC4 ELITE,0,0,0,"월넛_59,530",0,0
28191824,GAMDIAS NESO P1,0,0,0,"_블랙레드_198,780|블랙화이트_199,000|_화이트화이트_198,510",0,0
70332863,GAMDIAS NESO P1 PRO,0,0,0,"_블랙_222,810|_화이트_220,080",0,0
28058369,GAMDIAS PCIE 4.0 라이저 케이블,0,0,0,"_240mm, 블랙_76,240|_240mm, 화이트_76,250",0,0
53783126,GAMDIAS TALOS E3 메쉬,0,0,0,"_블랙_39,900|_화이트_42,200",0,0
72417266,GAMEMAX Forge AB,0,0,0,"블랙_56,700",0,0
18750509,GEO메트릭퓨처 Model4 킹 아서,0,0,0,"_블랙_86,500|_화이트_84,950",0,0
53416733,GEO메트릭퓨처 Model4 킹 아서 + Silence GI 120 ARGB,0,0,0,"화이트 패키지_89,000",0,0
69565505,GEO메트릭퓨처 Model5,0,0,0,"_블랙_91,130|_화이트_95,780",0,0
71503091,GEO메트릭퓨처 Model5 + Silence GI 140 ARGB,0,0,0,"_블랙 패키지_166,000|_화이트 패키지_171,000",0,0
71503163,GEO메트릭퓨처 Model5 벤트 + Silence GI 140 ARGB,0,0,0,"화이트 패키지_176,000",0,0
16555982,GEO메트릭퓨처 Model6 달리,0,0,0,"83,790",0,0
16556030,GEO메트릭퓨처 Model6 반고흐,0,0,0,"88,990",0,0
16555925,GEO메트릭퓨처 Model6 세잔,0,0,0,"81,000",0,0
94026527,GIGABYTE C201 PANORAMIC,0,0,0,"59,000",0,0
31946360,GIGABYTE C301 GLASS V2,0,0,0,"_블랙_77,000|_화이트_77,000",0,0
6577122,GIGABYTE PCI-E 3.0 x16 라이저 케이블,0,0,0,"40,500",0,0
101012108,HAVN BF 360,0,0,0,"_블랙_243,560|_화이트_243,560",0,0
101012141,HAVN BF 360 FLOW,0,0,0,"_블랙_290,060|_화이트_295,550",0,0
124335127,HAVN BF 360 Flow Solid Side Panel,0,0,0,"_블랙_24,360|_화이트_24,360",0,0
124363174,HAVN HS 360,0,0,0,"_블랙_258,400|_화이트_258,400",0,0
124363197,HAVN HS 360 VGPU,0,0,0,"_블랙_372,770|_화이트_372,770",0,0
69053759,HAVN HS 420,0,0,0,"_블랙_287,790|_화이트_290,790",0,0
94692482,HAVN HS 420 Limited Edition,0,0,0,"화이트_474,050",0,0
69053852,HAVN HS 420 VGPU,0,0,0,"_블랙_399,000|_화이트_438,520",0,0
94081511,HAVN HS 420 수직 마운트 앵글 팬 브라켓 세트,0,0,0,"_블랙_93,190|_화이트_93,190",0,0
124335120,HAVN UNIVERSAL VGPU Kit,0,0,0,"_블랙_129,200|_화이트_129,200",0,0
124335122,HAVN UNIVERSAL VGPU Kit,0,0,0,"_블랙_129,200|_화이트_129,200",0,0
99913133,HYTE PCIe 5.0 하이퍼 라이저 케이블,0,0,0,"말차 밀크_82,820|블랙 체리_115,890|_스노우 화이트_82,820|타로 밀크_82,820|_피치 블랙_82,820",0,0
94881146,HYTE Powered USB Hub,0,0,0,"38,020",0,0
16384043,HYTE Revolt 3,0,0,0,"블랙_183,000",0,0
99739235,HYTE X50,0,0,0,"말차 밀크_191,150|_스노우 화이트_191,150|_스트로베리 밀크_191,150||와일드 체리_191,150|타로 밀크_191,150|",0,0
99739475,HYTE X50 AIR,0,0,0,"_스노우 화이트_156,630|_피치 블랙_156,630",0,0
18846299,HYTE Y40,0,0,0,"_레드_209,000|_블랙_209,000",0,0
124237307,HYTE Y50 RGB,0,0,0,"_블랙 체리_147,630|_스노우 화이트_147,630|스트로베리 밀크_147,630|타로 밀크_147,630|피치 블랙_147,630",0,0
124237329,HYTE Y50 RGB,0,0,0,"_블랙 체리_147,630|_스노우 화이트_147,630|스트로베리 밀크_147,630|타로 밀크_147,630|피치 블랙_147,630",0,0
16859912,HYTE Y60,0,0,0,"레드_269,000|_블랙_266,000|스노우 화이트_266,000|_화이트_266,110",0,0
42287291,HYTE Y70,0,0,0,"레드_328,650|말차 밀크_322,360|_블랙_279,000|블루베리 밀크_327,280|타로 밀크_328,650|_스노우 화이트_329,000|",0,0
31477355,HYTE Y70 Touch,0,0,0,"화이트_625,900",0,0
61844228,HYTE Y70 Touch Infinite,0,0,0,"블랙 체리_665,160|_스노우 화이트_679,000|_피치 블랙_679,000",0,0
65303711,HYTE Y70 Touch Infinite Display Upgrade,0,0,0,"_피치 블랙_389,000|스노우 화이트_388,990|_스트로베리 밀크_389,000",0,0
123972558,HYTE Y70 Touch Infinite 건담 윙 에디션,0,0,0,"831,730",0,0
123972541,HYTE Y70 토키도키 X 홀로라이브 어드벤트 에디션,0,0,0,"459,490",0,0
10085070,JONSBO A4,0,0,0,"실버_208,000",0,0
20037794,JONSBO C6,0,0,0,"_블랙_58,930|_화이트_56,500",0,0
20555807,JONSBO C6 HANDLE,0,0,0,"블랙_63,790",0,0
75071384,JONSBO C6 MAX,0,0,0,"_블랙_67,970|_화이트_66,000",0,0
63559784,JONSBO C6-ITX,0,0,0,"_블랙_61,780|_화이트_61,560",0,0
98181554,JONSBO D200,0,0,0,"_블랙_75,200|_화이트_75,280",0,0
47487935,JONSBO D300,0,0,0,"_블랙_79,000|_화이트_79,000",0,0
18637934,JONSBO D31 MESH SCREEN,0,0,0,"화이트_174,300",0,0
75071522,JONSBO D32 PRO BTF,0,0,0,"_블랙_75,990|_화이트_80,490",0,0
122688310,JONSBO D33 BTF,0,0,0,"_블랙_114,020|우드 화이트_131,650|_우드블랙_133,740|화이트_112,620",0,0
124076499,JONSBO D34 DIGITAL BTF,0,0,0,"_블랙_105,720|_화이트_115,420",0,0
92186180,JONSBO D400 BTF,0,0,0,"_블랙_131,990|_화이트_131,990",0,0
104988587,JONSBO D401 BTF,0,0,0,"블랙_93,400",0,0
10128603,JONSBO MOD3,0,0,0,"화이트_450,000",0,0
10419432,JONSBO MOD4,0,0,0,"그레이_231,500",0,0
52155758,JONSBO N4 for NAS,0,0,0,"_블랙_123,570|_화이트_123,890",0,0
68436584,JONSBO N5,0,0,0,"256,500",0,0
122622411,JONSBO N6,0,0,0,"블랙_181,070",0,0
94694234,JONSBO NV10,0,0,0,"_블랙_75,800|_실버_75,800",0,0
96060407,JONSBO T7,0,0,0,"_블랙_200,063|_실버_187,890",0,0
64300145,JONSBO TK-0,0,0,0,"_블랙_151,990|_화이트_151,250",0,0
29876945,JONSBO TK-1,0,0,0,"_블랙_151,990|_화이트_151,990",0,0
32003387,JONSBO TK-2,0,0,0,"_블랙_181,300|_화이트_180,600",0,0
52156076,JONSBO TK-3 BTF,0,0,0,"_블랙_114,300|_화이트_114,200",0,0
99052271,JONSBO TK-4 BTF,0,0,0,"_블랙_208,990|_우드_265,830|화이트_208,990",0,0
122688280,JONSBO TK-5 BTF,0,0,0,"_블랙_161,400|_화이트_161,400",0,0
94566908,JONSBO V12,0,0,0,"_블랙_141,990|_화이트_141,990",0,0
17006102,JONSBO VR3 PCIe 4.0,0,0,0,"블랙_201,900",0,0
104987549,JONSBO X400 BTF,0,0,0,"_그레이_151,600|_화이트_151,600",0,0
104988524,JONSBO X400 PRO BTF,0,0,0,"그레이_269,000",0,0
75071696,JONSPLUS BO400 BTF,0,0,0,"그레이_351,230",0,0
98544041,JONSPLUS BO400CG BTF,0,0,0,"실버_378,590",0,0
124076152,JONSPLUS BO400CG V2 BTF,0,0,0,"367,610",0,0
47841839,JONSPLUS Z20,0,0,0,"_블랙_95,090|블랙 오렌지_110,000|_화이트_94,070",0,0
13240022,JONSPLUS i100 Pro,0,0,0,"블랙_218,000",0,0
98227619,MONTECH HS01 PRO BTF,0,0,0,"_블랙_134,000|_화이트_139,000",0,0
98227676,MONTECH HS02 PRO BTF,0,0,0,"_블랙_143,200|_화이트_148,000",0,0
72061472,MONTECH KING 65 PRO,0,0,0,"_블랙_105,000|_화이트_110,000",0,0
31339514,MONTECH KING 95,0,0,0,"_레드_180,420|_블랙_157,140",0,0
27475526,MONTECH SKY TWO ARGB 강화유리,0,0,0,"블루_114,480",0,0
55083089,MSI MAG PANO 100L 프로젝트 제로,0,0,0,"_블랙_118,990|_화이트_119,000",0,0
63031403,MSI MAG PANO 100R 프로젝트 제로,0,0,0,"_블랙_137,470|_화이트_139,000",0,0
48926018,MSI MAG PANO M100R 프로젝트 제로,0,0,0,"_블랙_94,000|_화이트_99,000",0,0
15031841,MSI MAG 뱀파이어 300R,0,0,0,"90,000",0,0
30249392,MSI MAG 포지 120A 에어플로우,0,0,0,"39,900",0,0
30249503,MSI MAG 포지 320R 에어플로우,0,0,0,"_블랙_59,000|_화이트_64,000",0,0
54484445,MSI MAG 포지 321R 에어플로우,0,0,0,"블랙_69,000",0,0
18072896,MSI MAG 포지 M100A,0,0,0,"36,300",0,0
123774868,MSI MEG PCI-E 5.0 X16 라이저,0,0,0,"블랙_63,970",0,0
124335144,MSI MPG VIXTA 300R PZ,0,0,0,"블랙_157,390",0,0
28394378,MSI MPG 궁니르 300R 에어플로우,0,0,0,"_블랙_199,000|_화이트_199,000",0,0
20592965,MSI MPG 벨록스 100R,0,0,0,"화이트_109,000",0,0
29311724,MSI PCI-E 4.0 X16 라이저 케이블,0,0,0,"180mm, 화이트_21,630",0,0
122666137,MSI PRO P050R ARGB,0,0,0,"_블랙_48,270|_화이트_51,490",0,0
90889313,NZXT H3 Flow,0,0,0,"_블랙_94,520|_화이트_94,900",0,0
122721323,NZXT H3 Flow SI RGB,0,0,0,"_블랙_132,660|_화이트_132,660",0,0
79556231,NZXT H5 Flow RGB V2,0,0,0,"_블랙_129,270|_화이트_139,000",0,0
79556075,NZXT H5 Flow V2,0,0,0,"화이트_193,220",0,0
7743760,NZXT H500 OVERWATCH,0,0,0,"198,000",0,0
122721270,NZXT H6,0,0,0,"_블랙_168,000|_화이트_166,450",0,0
79556882,NZXT H6 Flow,0,0,0,"_블랙_138,330|_화이트_132,950",0,0
79556969,NZXT H6 Flow RGB,0,0,0,"_블랙_169,000|_화이트_168,300",0,0
124012459,NZXT H6 RGB PLUS + KRAKEN ELITE 360 RGB v2,0,0,0,"블랙 패키지_649,140",0,0
124247329,NZXT H6 RGB PLUS + Kraken Plus 360 RGB,0,0,0,"화이트 패키지_537,540",0,0
122721291,NZXT H6 RGB+,0,0,0,"_블랙_332,640|_화이트_332,640",0,0
77379680,NZXT H7 Flow RGB V2,0,0,0,"_매트 화이트_218,500|_매트 블랙_236,610",0,0
77379563,NZXT H7 Flow V2,0,0,0,"_매트 블랙_207,000|_매트 화이트_207,000",0,0
79556768,NZXT H9 Elite,0,0,0,"_블랙_382,000|_화이트_355,260",0,0
79556423,NZXT H9 Flow,0,0,0,"_블랙_230,000|_화이트_237,150",0,0
79557863,NZXT H9 Flow RGB V2,0,0,0,"_화이트_249,000|_블랙_249,000",0,0
79558145,NZXT H9 Flow RGB+ V2,0,0,0,"_블랙_359,000|_화이트_358,500",0,0
79557563,NZXT H9 Flow V2,0,0,0,"_블랙_254,720|_화이트_253,200",0,0
124021794,NZXT PCIe 4.0x16 라이저 케이블,0,0,0,"200m, 블랙_115,000",0,0
124336226,NZXT S5 RGB DELUXE,0,0,0,"_블랙_84,870|_화이트_84,870",0,0
17339888,NZXT Vertical GPU Mounting Kit 브라보텍,0,0,0,"_블랙_141,000|_화이트_129,000",0,0
54963227,PCCOOLER CPS C3 D510,0,0,0,"_블랙_67,390|_화이트_72,720",0,0
29757155,PCCOOLER CPS C3 T500,0,0,0,"블랙_72,990",0,0
92103647,PCCOOLER CPS C3 T700 ARGB,0,0,0,"화이트_69,900",0,0
106716959,PCCOOLER CPS K101 MESH,0,0,0,"_그레이_131,600|_화이트_124,960",0,0
108415868,PCCOOLER CPS K101 MESH + RC400-53,0,0,0,"그레이 패키지_180,980",0,0
20639660,PCCOOLER PLATINUM LM300 ARGB,0,0,0,"_블랙_59,900|_화이트_44,900",0,0
122715948,PCCOOLER RC205 5.0 라이저 케이블,0,0,0,"65,000",0,0
9822933,Phanteks ECLIPSE P400A,0,0,0,"_블랙_135,850|_화이트_135,840",0,0
2908392,Phanteks ENTHOO EVOLV,0,0,0,"_블랙_198,550|그레이_198,550|_화이트_212,130",0,0
4037771,Phanteks ENTHOO EVOLV ATX TG,0,0,0,"_AG_316,620|_GS_316,620",0,0
3013190,Phanteks ENTHOO Mini XL,0,0,0,"246,610",0,0
123605150,Phanteks ENTHOO PRO 2 SERVER V2,0,0,0,"272,170",0,0
12177311,Phanteks ENTHOO PRO 2 TG,0,0,0,"302,100",0,0
6152004,Phanteks ENTHOO PRO TG,0,0,0,"블랙_189,000",0,0
75376649,Phanteks EVOLV X2,0,0,0,"_블랙_218,220|_화이트_237,200",0,0
124351596,Phanteks EX5,0,0,0,"176,860",0,0
124351602,Phanteks EX5 MAX,0,0,0,"335,710",0,0
124351651,Phanteks EX5 PLUS,0,0,0,"247,810",0,0
21674921,Phanteks G300A TRIPLE FAN EDITION,0,0,0,"100,310",0,0
17477102,Phanteks G360A DRGB,0,0,0,"_블랙_137,930|_매트 화이트_155,700",0,0
18570371,Phanteks G500A DRGB,0,0,0,"_블랙_261,240|_매트 화이트_261,230",0,0
17676848,Phanteks NEO QUBE 2 DRGB,0,0,0,"_블랙_199,580|_화이트_199,580",0,0
17676860,Phanteks NEO QUBE 2 DRGB IM,0,0,0,"_블랙_245,560|_화이트_245,560",0,0
123859914,Phanteks NV5X,0,0,0,"블랙_150,370",0,0
20050019,Phanteks NV7,0,0,0,"_블랙_313,480|_매트 화이트_313,480",0,0
12010583,Phanteks P300A,0,0,0,"86,730",0,0
6558632,Phanteks STACKABLE HDD BRACKET,0,0,0,"15,990",0,0
20218466,Phanteks VERTICAL GPU KIT 4.0 WT,0,0,0,"105,590",0,0
7825297,Phanteks VERTICAL GPU RISER EXTENDER,0,0,0,"Flatline 220mm/90_40,750|_Flatline 300mm/180_41,490|Slimline 220mm/90_41,500|_Premium 220mm/90_60,600",0,0
20218475,Phanteks VERTICAL GPU RISER EXTENDER PCIe 4.0 WT,0,0,0,"Flatline 220mm/90_89,990",0,0
9823071,Phanteks Vertical GPU Kit 2,0,0,0,"61,700",0,0
123695321,Phanteks XT M5,0,0,0,"89,280",0,0
123695338,Phanteks XT V5,0,0,0,"89,280",0,0
93917090,SSUPD MESHROOM D V2,0,0,0,"_블랙_174,110|_화이트_179,000",0,0
31050650,SSUPD MESHROOM Extender 브라켓,0,0,0,"_블랙_67,000|_화이트_66,560",0,0
28058153,SSUPD MESHROOM Exterior 360mm 팬 브래킷,0,0,0,"블랙_47,490",0,0
17982779,SSUPD MESHROOM S,0,0,0,"_세이지 그린_282,900|_파슬 그레이_285,690",0,0
42291314,SSUPD MESHROOM S V2,0,0,0,"_스노우 화이트_186,000|_차콜 블랙_186,000",0,0
94696580,SSUPD MESHROOM S V2 Ver.2,0,0,0,"_블랙_183,730|_화이트_183,190",0,0
94696649,SSUPD MESHROOM S V2 Ver.2 PCIe 5.0,0,0,0,"블랙_298,000",0,0
94696658,SSUPD MESHROOM S V2 Ver.2 PCIe 5.0 B,0,0,0,"_블랙_285,610|_화이트_298,000",0,0
28058237,SSUPD MESHROOM 알루미늄 피트 4.5cm,0,0,0,"39,850",0,0
98918633,SSUPD PCIE 5.0 라이저 케이블,0,0,0,"_200mm, 피메일 리버스_149,000|320mm, 스트레이트_154,930|_440mm, 피메일 리버스_164,680",0,0
74809523,SSUPD XHUTTLE,0,0,0,"_블랙_256,560|_화이트_256,490",0,0
63482279,STCOM ST208B-750M + CRPS 1600W 리던던트 패키지,0,0,0,"1,990,000",0,0
93913328,Segotep Nexus1 PRO KR 아트홀,0,0,0,"화이트_65,000",0,0
73121021,SilverStone ALTA F2,0,0,0,"1,437,000",0,0
73121255,SilverStone ALTA G1M,0,0,0,"블랙_210,170",0,0
32927750,SilverStone RM400,0,0,0,"248,340",0,0
32919194,SilverStone RM51,0,0,0,"624,000",0,0
33037838,SilverStone RMS05-22 마이크로닉스,0,0,0,"144,780",0,0
33039626,SilverStone RMS06-22,0,0,0,"98,920",0,0
73121354,SilverStone SST-ALTA D1 마이크로닉스,0,0,0,"블랙_1,211,940",0,0
105181832,SilverStone SST-CS383 마이크로닉스,0,0,0,"블랙_509,190",0,0
93500879,SilverStone SST-FLP01W 마이크로닉스,0,0,0,"140,300",0,0
100694585,SilverStone SST-FLP02W 마이크로닉스,0,0,0,"271,820",0,0
124011204,SilverStone SST-FLP03W 마이크로닉스,0,0,0,"234,300",0,0
122638772,SilverStone SST-RM100 마이크로닉스,0,0,0,"228,780",0,0
63034253,SilverStone SST-RM21-304 마이크로닉스,0,0,0,"582,000",0,0
63034277,SilverStone SST-RM21-308 마이크로닉스,0,0,0,"642,000",0,0
63034286,SilverStone SST-RM22-308 마이크로닉스,0,0,0,"534,750",0,0
63034319,SilverStone SST-RM22-312 마이크로닉스,0,0,0,"647,280",0,0
64300355,SilverStone SST-RM23-502 마이크로닉스,0,0,0,"181,000",0,0
63034373,SilverStone SST-RM23-502-MINI 마이크로닉스,0,0,0,"173,390",0,0
63034448,SilverStone SST-RM41-506 마이크로닉스,0,0,0,"265,050",0,0
63034538,SilverStone SST-RM41-H08 마이크로닉스,0,0,0,"492,900",0,0
63034661,SilverStone SST-RM42-502 마이크로닉스,0,0,0,"390,600",0,0
63034964,SilverStone SST-RM43-320-RS 마이크로닉스,0,0,0,"1,054,520",0,0
63035051,SilverStone SST-RM44 마이크로닉스,0,0,0,"394,220",0,0
74117300,SilverStone SST-RM45-360 마이크로닉스,0,0,0,"450,020",0,0
63035120,SilverStone SST-RM46-502-I 마이크로닉스,0,0,0,"474,300",0,0
63035153,SilverStone SST-RM47-502-I 마이크로닉스,0,0,0,"539,400",0,0
101632493,SilverStone SST-RM4A 마이크로닉스,0,0,0,"282,000",0,0
63032180,SilverStone SST-RM52 마이크로닉스,0,0,0,"689,000",0,0
100693148,SilverStone SST-RM53-502 마이크로닉스,0,0,0,"703,370",0,0
63035309,SilverStone SST-RM600 마이크로닉스,0,0,0,"935,480",0,0
63035258,SilverStone SST-RM61-312 마이크로닉스,0,0,0,"1,148,640",0,0
63035342,SilverStone SST-RMS03-26 마이크로닉스,0,0,0,"148,270",0,0
70766837,SilverStone SST-RMS09-20 마이크로닉스,0,0,0,"100,320",0,0
106766849,TRYX FLOVA F50 BTF,0,0,0,"_블랙_218,920|_화이트_218,000",0,0
68576840,TRYX LUCA L70,0,0,0,"_블랙_333,000|_화이트_333,000",0,0
99321359,TRYX STRING PCIE 5.0 라이저 케이블,0,0,0,"_200mm, 블랙_85,000|_200mm, 화이트_85,000",0,0
122656199,Thermalright A70,0,0,0,"_블랙_133,220|_화이트_133,220",0,0
106718006,Thermalright A70 ARGB,0,0,0,"_블랙_161,920|_화이트_161,920",0,0
122713041,Thermalright A70 WITH M12Q SERIES,0,0,0,"_블랙_209,890|_화이트_209,890",0,0
97224392,Thermalright TL-M10,0,0,0,"_블랙_85,240|_화이트_85,240",0,0
97224545,Thermalright TL-M10 VISION,0,0,0,"_블랙_133,220|_화이트_133,220",0,0
48647222,be quiet DARK BASE 701,0,0,0,"_블랙_379,000|_화이트_399,000",0,0
49536398,be quiet HDD CAGE 2,0,0,0,"12,900",0,0
14837864,be quiet HDD CAGE 서린,0,0,0,"9,000",0,0
122616610,be quiet LIGHT BASE 500,0,0,0,"블랙_199,000",0,0
122616648,be quiet LIGHT BASE 500 LX,0,0,0,"_블랙_239,000|_화이트_249,000",0,0
71277167,be quiet LIGHT BASE 600 DX,0,0,0,"_블랙_179,000|_화이트_186,000",0,0
71277218,be quiet LIGHT BASE 600 LX,0,0,0,"_블랙_225,000|_화이트_232,000",0,0
71277794,be quiet LIGHT BASE 900 DX,0,0,0,"화이트_230,000",0,0
71277848,be quiet LIGHT BASE 900 FX,0,0,0,"_블랙_287,000|_화이트_295,000",0,0
14837960,be quiet PSU SHROUD for DARK BASE PRO 900 서린,0,0,0,"32,900",0,0
9647886,be quiet PURE BASE 500 WINDOW,0,0,0,"화이트_127,490",0,0
93018971,be quiet PURE BASE 501,0,0,0,"119,000",0,0
93019016,be quiet PURE BASE 501 Airflow,0,0,0,"화이트_153,000",0,0
93020132,be quiet PURE BASE 501 Airflow Window,0,0,0,"화이트_163,000",0,0
93020354,be quiet PURE BASE 501 DX,0,0,0,"_블랙_176,000|_화이트_189,000",0,0
93020219,be quiet PURE BASE 501 LX,0,0,0,"_블랙_199,000|_화이트_209,000",0,0
28804916,be quiet SHADOW BASE 800,0,0,0,"블랙_219,000",0,0
28804850,be quiet SHADOW BASE 800 DX,0,0,0,"_블랙_239,000|_화이트_239,000",0,0
14644682,be quiet Silent Base 802,0,0,0,"화이트_265,000",0,0
17485355,be quiet WINDOW SIDE PANEL for DARK BASE 900,0,0,0,"45,000",0,0
73885538,darkFlash DB330X RGB 강화유리,0,0,0,"_블랙_47,500|_화이트_45,000",0,0
80464100,darkFlash DB460M MESH RGB,0,0,0,"_블랙_40,830|_화이트_45,550",0,0
72723491,darkFlash DCM30 RGB 강화유리,0,0,0,"_블랙_34,500|_화이트_39,000",0,0
89861651,darkFlash DCM33 RGB,0,0,0,"_블랙_35,560|_화이트_38,500",0,0
20255537,darkFlash DF2100 MESH RGB 강화유리,0,0,0,"화이트_69,000",0,0
76946687,darkFlash DF4100 MESH ARGB BTF,0,0,0,"_블랙_78,500|_화이트_82,390",0,0
37693031,darkFlash DF5000 VB-F 4.0 라이저 케이블 지지대 KIT,0,0,0,"_블랙_48,990|_화이트_48,990",0,0
17669537,darkFlash DF7100 VB-F 4.0 라이저 케이블 지지대 KIT,0,0,0,"68,000",0,0
16542008,darkFlash DK1000 MESH 강화유리,0,0,0,"_블랙_67,900|_화이트_87,600",0,0
17976938,darkFlash DK110,0,0,0,"19,060",0,0
122699730,darkFlash DK200 NEO MESH RGB 식스팬,0,0,0,"블랙_44,210",0,0
18053684,darkFlash DK200 RGB ADVANCED 강화유리,0,0,0,"_블랙_36,840|_화이트_42,890",0,0
13381634,darkFlash DK200 RGB 강화유리,0,0,0,"_블랙_40,380|_화이트_44,500",0,0
16676309,darkFlash DK210 그래피티 ARGB 강화유리,0,0,0,"52,000",0,0
36935618,darkFlash DK290 Air MESH RGB 강화유리,0,0,0,"블랙_54,600",0,0
59762132,darkFlash DK301M RGB MESH 강화유리,0,0,0,"블랙_36,500",0,0
17783147,darkFlash DK360 MESH RGB 강화유리,0,0,0,"화이트_51,000",0,0
74338778,darkFlash DK370 MESH RGB 강화유리,0,0,0,"화이트_44,600",0,0
13818002,darkFlash DLH21,0,0,0,"_민트_45,105|블랙_82,800|_핑크_45,000|화이트_100,600",0,0
9376470,darkFlash DLM21 RGB MESH 강화유리,0,0,0,"_블랙_57,190|_화이트_55,980",0,0
28212629,darkFlash DLM4000 GLASS,0,0,0,"_블랙_69,300|_화이트_89,000",0,0
122617755,darkFlash DLX ULTRA MESH,0,0,0,"_블랙_143,000|_화이트_148,000",0,0
122617886,darkFlash DLX ULTRA MESH ARGB,0,0,0,"_블랙_153,000|_화이트_157,990",0,0
17525405,darkFlash DLX200 MESH RGB 강화유리,0,0,0,"화이트_140,000",0,0
11884168,darkFlash DLX21 RGB MESH 강화유리,0,0,0,"_블랙_92,790|_화이트_103,500",0,0
62071772,darkFlash DMO11,0,0,0,"_블랙_20,440|_화이트_25,000",0,0
123993804,darkFlash DMO21,0,0,0,"블랙_20,680",0,0
18922775,darkFlash DNM600 MESH RGB,0,0,0,"화이트_48,290",0,0
18769988,darkFlash DNX700 MESH RGB,0,0,0,"_블랙_69,000|_화이트_74,980",0,0
71904299,darkFlash DP360 MESH RGB 강화유리,0,0,0,"_블랙_44,150|_화이트_46,000",0,0
71904638,darkFlash DP430 MESH RGB 강화유리,0,0,0,"화이트_48,500",0,0
100271096,darkFlash DPF70 ARGB,0,0,0,"_블랙_64,500|_화이트_68,000",0,0
122655434,darkFlash DPH70M ARGB,0,0,0,"_블랙_54,500|_화이트_57,190",0,0
57307040,darkFlash DPW90M ARGB 강화유리,0,0,0,"블랙_61,740",0,0
53417006,darkFlash DPX90 ARGB 강화유리,0,0,0,"_블랙_58,000|_화이트_68,500",0,0
72723323,darkFlash DQX80 ARGB BTF,0,0,0,"_블랙_84,530|_화이트_94,000",0,0
70874867,darkFlash DRX50 MESH RGB 강화유리,0,0,0,"블랙_39,900",0,0
31413674,darkFlash DRX70 MESH RGB 강화유리,0,0,0,"_블랙_54,500|_화이트_57,500",0,0
122679640,darkFlash DRX90 AERO MESH RGB,0,0,0,"_블랙_59,000|_화이트_64,500",0,0
49645922,darkFlash DRX90 MESH RGB 강화유리,0,0,0,"블랙_58,500",0,0
17954255,darkFlash DS2000 MESH 강화유리,0,0,0,"화이트_85,510",0,0
78530048,darkFlash DS500 RGB,0,0,0,"_블랙_44,500|_화이트_48,500",0,0
18190976,darkFlash DS5000 MESH 강화유리,0,0,0,"_블랙_125,000|_화이트_128,480",0,0
18515759,darkFlash DS5000 전면 강화유리 KIT,0,0,0,"_블랙_15,000|_화이트_15,000",0,0
101013590,darkFlash DS500M RGB,0,0,0,"_블랙_41,690|_화이트_46,500",0,0
32861099,darkFlash DS900 ARGB 강화유리,0,0,0,"_블랙_64,200|블랙 우드_65,000|_화이트_67,500|화이트 우드_69,000",0,0
105816371,darkFlash DS900 PRO ARGB,0,0,0,"_블랙_74,790|_화이트_79,000",0,0
93804134,darkFlash DS900G ARGB,0,0,0,"_블랙_84,000|_화이트_86,290",0,0
60321872,darkFlash DS900M RGB 강화유리,0,0,0,"_블랙_47,500|_화이트_47,280",0,0
94880948,darkFlash DS900XL 우드 ARGB,0,0,0,"_블랙_95,890|_화이트_101,680",0,0
108390941,darkFlash DS950V ARGB 디스플레이,0,0,0,"_블랙_94,680|_화이트_104,000",0,0
92187578,darkFlash DW500 우드 MESH RGB,0,0,0,"_블랙_69,000|_화이트_72,580",0,0
99735548,darkFlash DY460 ARGB BTF,0,0,0,"_블랙_96,500|_화이트_94,790",0,0
68440847,darkFlash DY470 ARGB 강화유리,0,0,0,"_블랙_121,630|_화이트_126,000",0,0
91497431,darkFlash DY570 ARGB BTF,0,0,0,"_블랙_214,990|_화이트_218,980",0,0
123134408,darkFlash FLOATRON F1 ARGB,0,0,0,"_블랙_121,700|_화이트 블랙_121,700",0,0
68577197,darkFlash GCB470 라이저 케이블 지지대 KIT,0,0,0,"_블랙_36,650|_화이트_38,380",0,0
17989952,darkFlash LP20 ARGB PANEL,0,0,0,"_블랙_15,000|_화이트_15,000",0,0
60063428,darkFlash PCIe 4.0 라이저 케이블,0,0,0,"160mm_37,120",0,0
17396630,darkFlash V4.0 라이저 케이블,0,0,0,"215mm_58,000",0,0
17584163,darkFlash VB-X 4.0 라이저 케이블 지지대 KIT 215mm,0,0,0,"네오민트_65,100|_블랙_67,980|_핑크_67,980|화이트_68,000",0,0
12192491,darkFlash VB-X 라이저 케이블 지지대 KIT,0,0,0,"네오민트_41,000",0,0
90642539,대양케이스 ARIGUE 240 RGB,0,0,0,"_블랙_37,890|_화이트_39,050",0,0
90642461,대양케이스 ARIGUE 360 ARGB,0,0,0,"_블랙_55,590|_화이트_60,360",0,0
92358206,대양케이스 ARTISTIC ARGB,0,0,0,"_블랙_62,310|_화이트_66,000",0,0
9795630,대양케이스 ME NO.8 RGB 강화유리,0,0,0,"화이트_87,000",0,0
98768852,리안리 8.8인치 Universal Screen,0,0,0,"_블랙_139,000|_화이트_138,990",0,0
61845671,리안리 A3-1 라이저 케이블 킷,0,0,0,"화이트, A3-1W, 200mm_78,910",0,0
61845713,리안리 A3-2 강화유리 사이드 패널,0,0,0,"_블랙, A3-2X_21,980|_화이트, A3-2W_21,980",0,0
68329244,리안리 A3-mATX,0,0,0,"블랙_119,000|_우드 블랙_147,000|우드 화이트_147,000|_화이트_119,000",0,0
122829168,리안리 A4-H2O PCle 5.0,0,0,0,"_블랙_272,370|_실버_272,370",0,0
123133670,리안리 B4-mATX,0,0,0,"블랙_126,440|_우드 블랙_154,820|우드 화이트_154,820|_화이트_126,440",0,0
123133696,리안리 B4-mATX,0,0,0,"블랙_126,440|_우드 블랙_154,820|우드 화이트_154,820|_화이트_126,440",0,0
89861942,리안리 DK07,0,0,0,"_블랙_1,990,000|_우드_2,439,190",0,0
73767929,리안리 LAN207-1 전면 먼지 필터,0,0,0,"_블랙_6,900|_화이트_6,900",0,0
18642950,리안리 LAN216-1W ARGB Control & USB Module,0,0,0,"화이트_20,900",0,0
18642944,리안리 LAN216-1X ARGB Control & USB Module,0,0,0,"블랙_21,500",0,0
19176308,리안리 LAN3-1X Dust Filter Kit,0,0,0,"블랙_14,900",0,0
54814049,리안리 LANCOOL 206,0,0,0,"화이트_112,890",0,0
70619111,리안리 LANCOOL 207,0,0,0,"_블랙_109,000|_화이트_116,000",0,0
90156461,리안리 LANCOOL 207 DIGITAL,0,0,0,"블랙_158,830",0,0
18538823,리안리 LANCOOL 216,0,0,0,"블랙_124,840",0,0
18538847,리안리 LANCOOL 216 RGB,0,0,0,"_블랙_126,000|_화이트_136,000",0,0
90647099,리안리 LANCOOL 217,0,0,0,"_블랙_209,880|_화이트_198,780",0,0
103449227,리안리 LANCOOL 217 INF,0,0,0,"_블랙_207,000|_화이트_206,780",0,0
12001715,리안리 LANCOOL II MESH RGB,0,0,0,"블랙_129,000",0,0
10288131,리안리 LANCOOL II-2X,0,0,0,"18,500",0,0
17661059,리안리 LANCOOL III,0,0,0,"블랙_198,780",0,0
17661170,리안리 LANCOOL III RGB,0,0,0,"_블랙_212,770|_화이트_228,760",0,0
97123115,리안리 Multi-Directional Vertical GPU Bracket Kit,0,0,0,"_블랙_128,990|_화이트_123,870",0,0
70678232,리안리 O11 VISION COMPACT,0,0,0,"_블랙_206,780|_화이트_206,780",0,0
123972627,리안리 O11 VISION COMPACT 5FAN,0,0,0,"_블랙_234,090|_화이트_234,090",0,0
123972630,리안리 O11 VISION COMPACT 5FAN,0,0,0,"_블랙_234,090|_화이트_234,090",0,0
122673705,리안리 O11 VISION-M,0,0,0,"_블랙_133,220|_화이트_133,220",0,0
124033116,리안리 O11 VISION-M Digital,0,0,0,"_블랙_214,550|_화이트_214,550",0,0
95056937,리안리 O11D MINI V2,0,0,0,"_블랙_133,500|_화이트_142,840",0,0
95057027,리안리 O11D MINI V2 FLOW,0,0,0,"화이트_162,830",0,0
28213517,리안리 O11DEXL-1 업라이트 GPU 브라켓,0,0,0,"_블랙_10,900|_화이트_10,500",0,0
14654675,리안리 O11DMINI-1X-4,0,0,0,"블랙_97,000",0,0
30329966,리안리 PC-O11 VISION,0,0,0,"블랙_202,600|_크롬_226,000|_화이트_215,400",0,0
32074448,리안리 PC-O11D EVO RGB,0,0,0,"_블랙_278,700|_화이트_278,700",0,0
36156659,리안리 PC-O11D EVO RGB 프론트 메쉬 킷,0,0,0,"_블랙_29,800|_화이트_29,870",0,0
27499688,리안리 PC-O11D EVO XL,0,0,0,"_블랙_407,560|_화이트_417,550",0,0
16910258,리안리 PC-O11D EVO 업라이트 GPU 브라켓,0,0,0,"화이트_9,900",0,0
16338878,리안리 PC-O11D EVO 탑 패널 IO 킷,0,0,0,"그레이_18,900",0,0
15794921,리안리 PC-O11D XL LOL 영혼의 꽃 아리 에디션,0,0,0,"349,000",0,0
13480289,리안리 PW-PCI-420,0,0,0,"92,000",0,0
95200685,리안리 PW-PCI-520X 라이저 케이블,0,0,0,"200mm_98,890",0,0
59542682,리안리 SUP01,0,0,0,"_블랙_198,780|_화이트_198,780",0,0
92682122,리안리 Vector V100,0,0,0,"_블랙_77,000|_화이트_77,000",0,0
92682194,리안리 Vector V100 ARGB,0,0,0,"_블랙_98,890|_화이트_98,890",0,0
105677921,리안리 Vector V100 ARGB MINI,0,0,0,"블랙_86,740",0,0
105678098,리안리 Vector V100 MINI,0,0,0,"블랙_65,340",0,0
29655500,마이크로닉스 ANGEL MINI,0,0,0,"39,900",0,0
6456172,마이크로닉스 BOHEMIAN GUSTO,0,0,0,"42,800",0,0
15906290,마이크로닉스 COOLMAX BANSHEE,0,0,0,"42,500",0,0
17791067,마이크로닉스 COOLMAX HEAVEN,0,0,0,"_블랙_25,000|_화이트_28,000",0,0
100269845,마이크로닉스 COOLMAX V6,0,0,0,"_블랙_72,770|_화이트_79,240",0,0
10165092,마이크로닉스 COOLMAX 가성비 NO.2,0,0,0,"22,040",0,0
67510613,마이크로닉스 COOLMAX 댄디,0,0,0,"16,900",0,0
59927054,마이크로닉스 COOLMAX 레디,0,0,0,"35,130",0,0
56156108,마이크로닉스 COOLMAX 멜로디 View,0,0,0,"_블랙_36,900|_화이트_41,900",0,0
63481544,마이크로닉스 COOLMAX 멜로디 XL View,0,0,0,"_블랙_39,900|_화이트_47,900",0,0
44906552,마이크로닉스 COOLMAX 버디,0,0,0,"19,900",0,0
48648926,마이크로닉스 COOLMAX 스테디,0,0,0,"_블랙_45,910|_화이트_46,900",0,0
98778077,마이크로닉스 COOLMAX 크리스탈,0,0,0,"블랙_38,180",0,0
103518248,마이크로닉스 COOLMAX 크리스탈 WOODY,0,0,0,"블랙_45,380",0,0
28857275,마이크로닉스 COOLMAX 투헤븐,0,0,0,"52,710",0,0
19743740,마이크로닉스 EH1-몬드리안,0,0,0,"블랙_59,400",0,0
57709328,마이크로닉스 EM1-Woofer 시그니처 에디션,0,0,0,"팝핀 레드_45,500",0,0
29823077,마이크로닉스 GH5-미다스,0,0,0,"_블랙_90,000|_화이트_64,893",0,0
16710428,마이크로닉스 GM3-문,0,0,0,"49,000",0,0
12964061,마이크로닉스 GX1-PUNCH 강화유리,0,0,0,"108,000",0,0
17451719,마이크로닉스 GX2-뉴런 글래스,0,0,0,"108,640",0,0
16445945,마이크로닉스 Glory,0,0,0,"31,816",0,0
16298882,마이크로닉스 LO1- FINO Plus,0,0,0,"51,900",0,0
20461073,마이크로닉스 MANIC GM4-윙,0,0,0,"74,000",0,0
32102741,마이크로닉스 ML-420 BTF,0,0,0,"_블랙_137,740|_화이트_138,900",0,0
33362510,마이크로닉스 ML-420 View BTF,0,0,0,"_블랙_145,790|_화이트_154,000",0,0
14566301,마이크로닉스 Master M60 + Classic II 600W 화이트 패키지,0,0,0,"122,000",0,0
10423167,마이크로닉스 Master M60 메쉬,0,0,0,"_블랙_48,300|_화이트_49,900",0,0
9735348,마이크로닉스 Master Z4 강화유리,0,0,0,"_블랙_87,990|_화이트_86,400",0,0
18963641,마이크로닉스 PCIE 4.0 라이저 케이블,0,0,0,"_100mm_46,600|_200mm_49,500",0,0
12399140,마이크로닉스 POCO ITX 강화유리,0,0,0,"119,310",0,0
13199333,마이크로닉스 QUANTA HMR-340SE,0,0,0,"106,000",0,0
3092287,마이크로닉스 QUANTA HMR-345N1,0,0,0,"150,000",0,0
3089595,마이크로닉스 QUANTA HMR-445N1,0,0,0,"134,000",0,0
90956399,마이크로닉스 QUANTA HMR-445N1-GPU,0,0,0,"128,000",0,0
3597766,마이크로닉스 QUANTA HMR-445SE,0,0,0,"99,000",0,0
90956324,마이크로닉스 QUANTA HMR-445SE-GPU,0,0,0,"99,000",0,0
3088902,마이크로닉스 QUANTA HMR-455N1,0,0,0,"151,000",0,0
123962607,마이크로닉스 WIZMAX AI AIRZEN 160,0,0,0,"46,790",0,0
93913109,마이크로닉스 WIZMAX CHILL 세븐팬,0,0,0,"48,890",0,0
75071627,마이크로닉스 WIZMAX H100 V2,0,0,0,"24,056",0,0
74545637,마이크로닉스 WIZMAX ML-360,0,0,0,"55,193",0,0
67690010,마이크로닉스 WIZMAX ML-360 View,0,0,0,"_블랙_48,800|_화이트_54,070",0,0
75657164,마이크로닉스 WIZMAX ML-360 WIDE BTF,0,0,0,"_블랙_111,800|_화이트_89,240",0,0
62791472,마이크로닉스 WIZMAX ML-360 WIDE View BTF,0,0,0,"_블랙_91,020|_화이트_91,990",0,0
90270587,마이크로닉스 WIZMAX ML-360 WIDE View BTF 카잔 에디션,0,0,0,"블랙_94,000",0,0
124166730,마이크로닉스 WIZMAX ML-420 에어로,0,0,0,"_블랙_160,440|_화이트_160,440",0,0
94885829,마이크로닉스 WIZMAX 루프탑,0,0,0,"_블랙_93,760|_화이트_96,030",0,0
122654161,마이크로닉스 WIZMAX 릿지 PRO,0,0,0,"블랙_38,900",0,0
99290720,마이크로닉스 WIZMAX 모노크롬,0,0,0,"46,463",0,0
72224144,마이크로닉스 WIZMAX 문,0,0,0,"블랙_50,343",0,0
74809850,마이크로닉스 WIZMAX 문 + MANIC 트윙클 Digital RGB Sync,0,0,0,"트윙클 패키지_64,670",0,0
72753428,마이크로닉스 WIZMAX 벨라,0,0,0,"42,486",0,0
123133770,마이크로닉스 WIZMAX 샤인,0,0,0,"188,990",0,0
103480457,마이크로닉스 WIZMAX 스텔라,0,0,0,"93,800",0,0
101643917,마이크로닉스 WIZMAX 슬로프,0,0,0,"_블랙_93,980|_화이트_102,170",0,0
106702019,마이크로닉스 WIZMAX 슬로프 C30,0,0,0,"_블랙_103,870|_화이트_112,870",0,0
74116568,마이크로닉스 WIZMAX 아트리안,0,0,0,"65,766",0,0
99053390,마이크로닉스 WIZMAX 에어리안 130,0,0,0,"블랙_40,780",0,0
79559438,마이크로닉스 WIZMAX 오닉스,0,0,0,"28,990",0,0
72224177,마이크로닉스 WIZMAX 오로라,0,0,0,"달고나_24,420|_블랙_23,765|_화이트_26,578",0,0
79559156,마이크로닉스 WIZMAX 우드리안 MAX,0,0,0,"84,330",0,0
100692953,마이크로닉스 WIZMAX 우드리안 MAX 스텔라 블레이드 에디션,0,0,0,"88,800",0,0
106746335,마이크로닉스 WIZMAX 우드리안 PRIME,0,0,0,"93,880",0,0
79558676,마이크로닉스 WIZMAX 우드리안 PRO,0,0,0,"54,630",0,0
91767113,마이크로닉스 WIZMAX 우드리안 ULTRA,0,0,0,"140,410",0,0
96773036,마이크로닉스 WIZMAX 우퍼 딥톤,0,0,0,"_블랙_33,853|_화이트_37,130",0,0
10359000,마이크로닉스 오피스,0,0,0,"34,500",0,0
122681028,몬스타 가츠 LINKUP PCIe 5.0 라이저케이블 화이트,0,0,0,"_200mm_89,000|_300mm_99,000",0,0
88232735,몬스타 가츠 X225 모델0,0,0,0,"블랙_29,690",0,0
47488814,몬스타 가츠 X420A,0,0,0,"_블랙_29,770|_화이트_34,190",0,0
73883561,몬스타 가츠 Y300M 철가방,0,0,0,"_블랙_27,160|_화이트_27,160",0,0
73250738,몬스타 가츠 Y360M 엣지,0,0,0,"_블랙_43,880|_화이트_43,650",0,0
77788898,비티즈 BC20 MINI,0,0,0,"_블랙_24,990|_화이트_27,360",0,0
123235966,슈퍼스페이스 SS-PC1,0,0,0,"블랙_15,350",0,0
90157958,싸이번 EDGE CV-R5,0,0,0,"_블랙_46,490|_화이트_52,500",0,0
90157820,싸이번 EDGE CV-Z3 iCafe,0,0,0,"_블랙_39,900|_화이트_42,900",0,0
77015099,싸이번 Edge CV-Z9,0,0,0,"_블랙_135,000|_화이트_150,000",0,0
103518575,싸이번 Edge CV-Z9 바이오스 LCD,0,0,0,"_블랙_113,900|_화이트_120,720",0,0
76943861,싸이번 LIMPID Micro-1,0,0,0,"블랙_21,000",0,0
77783474,싸이번 LIMPID SC-M5,0,0,0,"_블랙_38,350|_화이트_43,500",0,0
98072684,싸이번 LIMPID SC-M5 PLUS BONITO Edition,0,0,0,"_블랙_61,590|_화이트_65,000",0,0
90157658,싸이번 LIMPID SC-X7 BTF,0,0,0,"_블랙_76,900|_화이트_79,900",0,0
99732599,싸이번 SD600 도미닉 RGB,0,0,0,"블랙_34,900",0,0
122682859,아이구주 HATCH GM10,0,0,0,"_블랙_13,490|_화이트_14,850",0,0
122682963,아이구주 HATCH PM10,0,0,0,"_블랙_20,990|_화이트_23,990",0,0
122719086,아이구주 HATCH S100,0,0,0,"_블랙_44,490|_화이트_48,490",0,0
122719092,아이구주 HATCH S100,0,0,0,"_블랙_44,490|_화이트_48,490",0,0
122719131,아이구주 HATCH S200,0,0,0,"_블랙_48,490|_화이트_52,490",0,0
122702674,아이구주 HATCH S600 V2,0,0,0,"_블랙_68,990|_화이트_72,990",0,0
76329191,아이구주 VENTI P5000L,0,0,0,"_블랙_47,990|_화이트_50,990",0,0
123537617,아이구주 VENTI P700 BTF,0,0,0,"_블랙_63,990|_화이트_68,990",0,0
96308750,앱코 C10M 컴팩트,0,0,0,"블랙_17,900",0,0
28058570,앱코 G15 세이퍼 아크릴,0,0,0,"_블랙_38,500|_화이트_43,900",0,0
31646468,앱코 G20 에픽 강화유리,0,0,0,"_블랙_38,500|_화이트_39,900",0,0
27762230,앱코 G21M 니트,0,0,0,"52,500",0,0
31986053,앱코 G25 매그넘 강화유리,0,0,0,"화이트_48,000",0,0
94088714,앱코 G26 메가플로우 MESH,0,0,0,"_블랙_39,900|_화이트_45,900",0,0
94088324,앱코 G26M 메가플로우 미니 MESH,0,0,0,"블랙_40,530",0,0
105967793,앱코 G31 오메가포스 세븐팬,0,0,0,"_블랙_47,900|_화이트_50,900",0,0
99640949,앱코 G50 빅플로우 MESH ARGB BTF,0,0,0,"_블랙_107,000|_화이트_99,000",0,0
15063971,앱코 NCORE G30 트루포스,0,0,0,"_블랙_49,000|_화이트_45,000",0,0
30140324,앱코 NCORE R320 SYNC,0,0,0,"90,750",0,0
10487241,앱코 NCORE 미라클 강화유리 LUMIA,0,0,0,"화이트_84,000",0,0
5638749,앱코 NCORE 벨루스 풀 아크릴,0,0,0,"21,000",0,0
8043859,앱코 NCORE 언더바,0,0,0,"23,700",0,0
11626910,앱코 NCORE 커넬 강화유리,0,0,0,"35,800",0,0
4033315,앱코 NCORE 픽셀,0,0,0,"31,320",0,0
31412510,앱코 O10M 오피스 라이트,0,0,0,"_블랙_19,600|_화이트_22,000",0,0
27922328,앱코 O20M 오피스,0,0,0,"_블랙_23,600|_화이트_25,400",0,0
14799467,앱코 PUBG 배틀그라운드 하자드 에디션,0,0,0,"53,550",0,0
9295779,앱코 SUITMASTER 321X 듀얼리티 강화유리 스펙트럼 Dualight,0,0,0,"_블랙_55,000|_화이트_56,000",0,0
9456939,앱코 SUITMASTER 322S 인테이커 강화유리 스펙트럼 Dualight,0,0,0,"화이트_45,560",0,0
5718431,앱코 SUITMASTER 361G 칼리스토 강화유리 DOUBLING,0,0,0,"화이트_89,000",0,0
9916125,앱코 SUITMASTER 760S 어트랙션 강화유리 스펙트럼 Duplex,0,0,0,"_블랙_67,470|_화이트_55,310",0,0
12689864,앱코 SUITMASTER AL1000,0,0,0,"레드와인_289,990",0,0
12648995,앱코 SUITMASTER AL300M 강화유리,0,0,0,"_로즈골드_71,980|_미드나잇블루_71,980",0,0
15894449,앱코 SUITMASTER H2000 스마트 쿨링,0,0,0,"화이트_78,000",0,0
29905487,앱코 SUITMASTER M2000 NOVA ARGB 강화유리,0,0,0,"화이트_59,900",0,0
41495963,앱코 SUITMASTER M3000 뉴본 ARGB 강화유리,0,0,0,"화이트_108,000",0,0
73616639,앱코 SUITMASTER MF360 리얼우드,0,0,0,"_블랙_73,900|_화이트_76,900",0,0
15050393,앱코 SUITMASTER P1000 강화유리,0,0,0,"화이트_59,000",0,0
10558761,앱코 SUITMASTER TA210 플라즈마 아크릴 LUNAR,0,0,0,"53,160",0,0
18412487,앱코 SUITMASTER U1000 ONE ARGB,0,0,0,"화이트_78,900",0,0
21583037,앱코 SUITMASTER U3000 갤러리 ARGB 강화유리,0,0,0,"_블랙_65,900|_화이트_65,900",0,0
34336412,앱코 SUITMASTER U3000M 갤러리 미니 리버스 ARGB BTF,0,0,0,"_블랙_58,000|_화이트_58,000",0,0
16604054,앱코 SUITMASTER V2000 베놈 ARGB,0,0,0,"화이트_47,620",0,0
101632583,앱코 U10M 큐빅 라이트,0,0,0,"_블랙_19,900|_화이트_22,500",0,0
32865761,앱코 U20 큐빅 강화유리,0,0,0,"화이트_37,500",0,0
56138000,앱코 U20M 큐빅 미니,0,0,0,"_블랙_34,700|_화이트_38,070",0,0
95424719,앱코 U20MP 큐빅 미니+ 디스플레이,0,0,0,"블랙_39,900",0,0
53783243,앱코 U30 마린,0,0,0,"_블랙_41,900|_화이트_49,900",0,0
94812776,앱코 U30P 마린+ 디스플레이,0,0,0,"_블랙_46,900|_화이트_49,900",0,0
64392029,앱코 U40M 웨일샤크 ARGB BTF,0,0,0,"_블랙_56,000|_블랙화이트_62,000|화이트_62,000",0,0
91348970,앱코 UD20M 미니웨일,0,0,0,"블랙_25,700",0,0
68574686,앱코 UD50 블루웨일 ARGB BTF,0,0,0,"_블랙_65,900|_화이트_69,900",0,0
93320456,앱코 UD50C 루시드 앰비언트 풀커브드 ARGB BTF,0,0,0,"_블랙_139,000|_화이트_125,000",0,0
105968012,앱코 UD51 엑시드 ARGB BTF,0,0,0,"_블랙_95,680|_화이트_103,990",0,0
122678036,앱코 UD51L 엑시드 LCD 강화유리 ARGB BTF,0,0,0,"_블랙_159,000|_화이트_159,000",0,0
124022090,앱코 UD51L 엑시드 LCD 강화유리 ARGB BTF (리퍼비시),0,0,0,"110,000",0,0
123776286,앱코 UF40 에어로직 파노라믹 뷰 VGA쿨링 ARGB,0,0,0,"_블랙_89,000|_화이트_89,900",0,0
76160312,앱코 UH40 킬러웨일 ARGB,0,0,0,"_블랙_63,990|_화이트_68,500",0,0
32485628,에디 A0,0,0,0,"_블랙_26,270|_화이트_28,690",0,0
124258875,오쓰 CV-4기통 140 RGB,0,0,0,"_블랙_42,600|_화이트_45,300",0,0
124276419,오쓰 CV-5,0,0,0,"_블랙_52,940|_화이트_58,240",0,0
122664932,오쓰 JETTA,0,0,0,"블랙_14,510",0,0
122673623,오쓰 NICE,0,0,0,"_블랙_40,940|_화이트_50,800",0,0
122694968,오쓰 SOLID FULL MESH,0,0,0,"_블랙_63,530|_화이트_68,830",0,0
122706771,오쓰 ULTRA 세븐팬,0,0,0,"_블랙_50,830|_화이트_59,300",0,0
124130149,이그닉 마스터 강화유리 어항케이스,0,0,0,"화이트_33,900",0,0
122712426,이그닉 젠지 강화유리 어항케이스,0,0,0,"_블랙_23,900|_화이트_24,900",0,0
122685219,이그닉리트 빅타워 어항케이스 강화유리,0,0,0,"화이트_29,890",0,0
122726052,이그닉리트 스탠다드 사무용 케이스,0,0,0,"블랙_11,890",0,0
72300917,이엠텍 레드빗 EFFICMIZER,0,0,0,"379,440",0,0
98182850,이엠텍 레드빗 MAXIMIZER PRO,0,0,0,"356,190",0,0
122699191,이엠텍 레드빗 MAXIMIZER PRO 2000W 리던던트 파워 패키지,0,0,0,"2,050,790",0,0
122699224,이엠텍 레드빗 MAXIMIZER PRO 3000W 리던던트 파워 패키지,0,0,0,"3,253,980",0,0
17865833,이엠텍 레드빗 OPTIMIZER B TYPE,0,0,0,"303,960",0,0
96772616,이엠텍 레드빗 OPTIMIZER PRO A,0,0,0,"228,780",0,0
98612912,이엠텍 레드빗 OPTIMIZER PRO B,0,0,0,"228,780",0,0
68365325,이엠텍 레드빗 PERFORMIZER,0,0,0,"267,840",0,0
56063507,이엠텍 레드빗 서버 케이스 전용 레일 키트 V2,0,0,0,"55,750",0,0
123993152,잘만 D30,0,0,0,"43,840",0,0
123776368,잘만 D40,0,0,0,"_블랙_67,770|_화이트_73,600",0,0
123805559,잘만 D40F,0,0,0,"블랙_54,960",0,0
122650745,잘만 D50,0,0,0,"_블랙_93,890|_화이트_97,190",0,0
28418435,잘만 M4,0,0,0,"화이트_60,960",0,0
103877330,잘만 M4 SE,0,0,0,"블랙_36,290",0,0
14916101,잘만 N3 FM 강화유리,0,0,0,"_블랙_36,180|_화이트_38,010",0,0
96580280,잘만 N30 백사십,0,0,0,"_블랙_42,690|_화이트_47,000",0,0
96580325,잘만 N30 백사십 PLUS,0,0,0,"_블랙_46,890|_화이트_49,890",0,0
17234591,잘만 N4 CTRL,0,0,0,"42,050",0,0
99556778,잘만 N6 백사십,0,0,0,"_블랙_36,090|_화이트_39,890",0,0
20136923,잘만 N7,0,0,0,"블랙_43,000",0,0
91765937,잘만 N7 Plus V2,0,0,0,"블랙_39,570",0,0
35224325,잘만 P10,0,0,0,"_블랙_50,750|_화이트_53,480",0,0
78100139,잘만 P10 NAMU,0,0,0,"_블랙_76,910|_화이트_73,390",0,0
27678284,잘만 P30,0,0,0,"_블랙_87,350|블랙화이트_93,720|_화이트_92,990",0,0
35225579,잘만 P30 Air BTF,0,0,0,"_블랙_92,950|_화이트_94,980",0,0
90156788,잘만 P40 DS,0,0,0,"_블랙_155,300|_화이트_162,690",0,0
92234435,잘만 P40 NAMU,0,0,0,"_블랙_108,520|_화이트_114,380",0,0
71217944,잘만 P40 PRISM,0,0,0,"_블랙_106,260|_화이트_114,380",0,0
54328352,잘만 P50 DS,0,0,0,"_블랙_126,280|_화이트_131,940",0,0
98231549,잘만 P60,0,0,0,"_블랙_126,480|_화이트_131,940",0,0
19814957,잘만 T3 PLUS,0,0,0,"30,990",0,0
72755741,잘만 T4 PLUS,0,0,0,"_블랙_33,490|_화이트_36,090",0,0
7689277,잘만 T6,0,0,0,"27,720",0,0
13392233,잘만 T8,0,0,0,"30,300",0,0
9306483,잘만 X3 RGB 강화유리,0,0,0,"블랙_129,000",0,0
13289675,잘만 Z-Machine 500,0,0,0,"950,000",0,0
17185946,잘만 Z10,0,0,0,"78,950",0,0
64270742,잘만 Z10 DS,0,0,0,"블랙_230,000",0,0
17192525,잘만 Z10 DUO,0,0,0,"블랙_108,800",0,0
17192498,잘만 Z10 PLUS,0,0,0,"블랙_94,430",0,0
124056914,잘만 Z20 DS,0,0,0,"176,730",0,0
27678524,잘만 Z9 아이스버그 MS,0,0,0,"블랙_129,000",0,0
14482634,잘만 ZM-RCG422 PCIe 4.0 x16 라이저 케이블,0,0,0,"72,480",0,0
20516348,잘만 i3 NEO,0,0,0,"화이트_57,000",0,0
20230046,잘만 i3 NEO TG,0,0,0,"_블랙_69,900|_화이트_69,350",0,0
107989136,잘만 i3 NEO V2,0,0,0,"_블랙_73,140|_화이트_76,400",0,0
104550662,잘만 i3 NEO V2 ARGB,0,0,0,"화이트_86,900",0,0
21496067,잘만 i4,0,0,0,"블랙_57,690",0,0
20136848,잘만 i6,0,0,0,"_블랙_82,420|_화이트_69,490",0,0
100328753,잘만 i8 백사십 터보,0,0,0,"_블랙_57,940|_화이트_60,140",0,0
124011413,컴이지 킹덤 비바리움 듀얼 미니,0,0,0,"_블랙_32,290|_화이트_34,940",0,0
102411875,쿨러마스터 COSMOS ALPHA 강화유리,0,0,0,"블랙_645,780",0,0
8869058,쿨러마스터 COSMOS C700P 강화유리 BLACK EDITION,0,0,0,"529,000",0,0
96775775,쿨러마스터 ELITE 600 SEVEN ARGB,0,0,0,"_블랙_147,320|_화이트_154,840",0,0
16121708,쿨러마스터 HAF 500,0,0,0,"_블랙_115,980|_화이트_122,250",0,0
123669938,쿨러마스터 HAF II 500,0,0,0,"277,420",0,0
2585051,쿨러마스터 HAF STACKER 935 상단커버,0,0,0,"24,990",0,0
2585065,쿨러마스터 HAF STACKER 935 하단 레일,0,0,0,"19,850",0,0
28059506,쿨러마스터 MASTER BOX TD500 Mesh V2 Street Fighter 6 Chun-Li,0,0,0,"91,630",0,0
28059635,쿨러마스터 MASTER BOX TD500 Mesh V2 Street Fighter 6 Ryu,0,0,0,"91,640",0,0
51549617,쿨러마스터 MASTERBOX 600 BTF,0,0,0,"_블랙_138,000|_화이트_172,200",0,0
101079275,쿨러마스터 MASTERFRAME 400 MESH,0,0,0,"_블랙_206,990|_실버_202,720",0,0
100695728,쿨러마스터 MASTERFRAME PANEL NETURAL,0,0,0,"_블랙_77,320|_실버_77,320",0,0
100695740,쿨러마스터 MASTERFRAME PANEL STONE,0,0,0,"_블랙_77,320|_실버_77,320",0,0
27526691,쿨러마스터 MasterAccessory GEM,0,0,0,"_블랙_39,710|_화이트_39,710",0,0
15511673,쿨러마스터 MasterAccessory Riser Cable PCIe4.0 x16,0,0,0,"_200mm_92,000|_300mm_91,960",0,0
16177940,쿨러마스터 MasterBox 500,0,0,0,"블랙_106,000",0,0
14298059,쿨러마스터 MasterBox 540,0,0,0,"95,080",0,0
11096313,쿨러마스터 MasterBox MB311L ARGB,0,0,0,"54,850",0,0
11096421,쿨러마스터 MasterBox MB320L ARGB,0,0,0,"54,860",0,0
12454685,쿨러마스터 MasterBox NR200P,0,0,0,"화이트_83,590",0,0
15690299,쿨러마스터 MasterBox NR200P MAX,0,0,0,"522,470",0,0
16178309,쿨러마스터 MasterBox TD300 Mesh,0,0,0,"_블랙_57,680|_화이트_61,120",0,0
19389065,쿨러마스터 MasterBox TD500 Mesh V2,0,0,0,"화이트_159,000",0,0
4398158,쿨러마스터 MasterCase Glass Side Panel,0,0,0,"57,470",0,0
101956211,쿨러마스터 MasterFrame 360 스테이지 LCD,0,0,0,"블랙_462,780",0,0
101956163,쿨러마스터 MasterFrame 360 스테이지 미러,0,0,0,"블랙_323,930",0,0
101956157,쿨러마스터 MasterFrame 360 파노라마,0,0,0,"블랙_327,240",0,0
80548145,쿨러마스터 MasterFrame 600,0,0,0,"_블랙_375,270|_실버_364,680",0,0
95845229,쿨러마스터 MasterFrame 600 MESH ARGB,0,0,0,"_블랙_296,770|_실버_296,770",0,0
95845592,쿨러마스터 Masterframe 500 MESH ARGB,0,0,0,"_블랙_257,120|_실버_259,150",0,0
95845367,쿨러마스터 Masterframe 500 MESH NON ARGB,0,0,0,"_블랙_233,270|_실버_235,110",0,0
74012729,쿨러마스터 NCORE 100 AIR,0,0,0,"_블랙_271,680|_화이트_273,420",0,0
14751968,쿨러마스터 NR200P,0,0,0,"_민트_93,510|_핑크_93,510",0,0
32127659,쿨러마스터 Ncore 100 MAX,0,0,0,"브론즈_539,690",0,0
122701094,쿨러마스터 Q300L V3,0,0,0,"_블랙_57,440|_화이트_60,000",0,0
122701140,쿨러마스터 QUBE 340,0,0,0,"_블랙_72,100|_화이트_72,100",0,0
101079218,쿨러마스터 QUBE 540,0,0,0,"_문스톤_93,990|_스타더스트 아이언_92,890",0,0
7738663,쿨러마스터 RISER CABLE PCI-E 3.0 x16 (200mm),0,0,0,"33,480",0,0
11719853,쿨러마스터 RISER CABLE PCI-E 3.0 x16 Ver.2,0,0,0,"300mm_34,990",0,0
9341127,쿨러마스터 Rotatable Graphics Card Bracket,0,0,0,"37,930",0,0
93567272,쿨러마스터 SHARK X,0,0,0,"_화이트_5,114,990|_블랙_5,172,470",0,0
52370321,쿨러마스터 SNEAKER X,0,0,0,"1,422,170",0,0
1359127,쿨러마스터 USB 3.0 Adapter 대양케이스,0,0,0,"17,970",0,0
11610125,쿨러마스터 Universal Vertical GPU Holder Kit Ver.2,0,0,0,"35,910",0,0
19448786,쿨러마스터 Vertical Graphics Card Holder Kit V3,0,0,0,"화이트_125,490",0,0
