Id,Name,2026-10-01 09:32:38,2026-10-02 01:21:04,2026-10-02 09:46:03,2026-10-03 00:44:02,2026-10-03 09:23:29,2026-10-03 23:21:54,2026-10-04 08:49:00,2026-10-04 23:49:36,2026-10-05 09:01:15
56153096,1MORE PistonBuds Pro Q30,0,0,0,0,0,0,0,0,"정품_46,460"
64296371,1MORE Q10K,0,0,0,0,0,0,0,0,"정품_28,900|해외구매_39,800"
64296410,1MORE Q20K,0,0,0,0,0,0,0,0,"정품_34,890"
90437822,1MORE S51,0,0,0,0,0,0,0,0,"정품_93,560|해외구매_170,500"
22102217,1MORE 네오,0,0,0,0,0,0,0,0,"해외구매_35,570"
56153114,1MORE 피스톤 버즈 프로 Q30,0,0,0,0,0,0,0,0,"해외구매_62,620"
54217994,1Mii Ankbit E35,0,0,0,0,0,0,0,0,"109,900"
27735314,ADV.Sound 니즈모 주니어,0,0,0,0,0,0,0,0,"정품_36,900"
53523125,ANKER Soundcore A20i,0,0,0,0,0,0,0,0,"해외구매_67,600"
86740952,ANKER Soundcore K20i A3994,0,0,0,0,0,0,0,0,"해외구매_85,200"
18454823,ANKER Soundcore P10 A3850,0,0,0,0,0,0,0,0,"해외구매_78,300"
53421806,ANKER Soundcore P20i A3949,0,0,0,0,0,0,0,0,"해외구매_40,300"
78176216,ANKER Soundcore P40i A3955,0,0,0,0,0,0,0,0,"정품_51,900|해외구매_70,130"
71721911,ANKER Soundcore 에어로핏 2 A3874,0,0,0,0,0,0,0,0,"해외구매_89,140"
122624903,ANKER Soundcore 에어로핏 2 A3874X,0,0,0,0,0,0,0,0,"정품_158,900|해외구매_88,164"
5973958,APOINT QC4,0,0,0,0,0,0,0,0,"16,330"
28208783,APPLE 에어팟 프로2 맥세이프 USB-C MTJV3KH/A,0,0,0,0,0,0,0,0,"정품_208,990|해외구매_213,750"
17941787,APPLE 에어팟 프로2 맥세이프 라이트닝 MQD83KH/A,0,0,0,0,0,0,0,0,"정품_338,500|해외구매_463,700"
15099020,ASUS ROG CETRA II CORE,0,0,0,0,0,0,0,0,"정품_226,750|해외구매_135,630"
20131415,ASUS ROG CETRA II CORE Moonlight White,0,0,0,0,0,0,0,0,"해외구매_160,030"
20131424,ASUS ROG CETRA II USB-C 게이밍 이어폰,0,0,0,0,0,0,0,0,"해외구매_120,500"
16904846,ASUS ROG CETRA TRUE WIRELESS,0,0,0,0,0,0,0,0,"블랙, 정품_168,490|화이트, 정품_102,420|블랙, 해외구매_157,000"
32091956,ASUS ROG CETRA TRUE WIRELESS SPEEDNOVA,0,0,0,0,0,0,0,0,"정품_379,000|해외구매_201,910"
6539647,Actto GERP-01 빅토,0,0,0,0,0,0,0,0,"16,560"
8044897,Actto GERP-02 배틀,0,0,0,0,0,0,0,0,"21,300"
15603419,Actto 러쉬 게이밍 이어폰 GERP-06,0,0,0,0,0,0,0,0,"21,900"
10274523,Actto 시저 GERP-03,0,0,0,0,0,0,0,0,"27,742"
14771015,Actto 인텐스 게이밍 이어폰 GERP-05,0,0,0,0,0,0,0,0,"13,900"
11747957,Actto 트리플 GERP-04,0,0,0,0,0,0,0,0,"37,400"
15604337,Actto 트리플 드라이버 게이밍 이어폰 GERP-07,0,0,0,0,0,0,0,0,"26,400"
18833957,Angry Miao CYBERBLADE,0,0,0,0,0,0,0,0,"해외구매_559,460"
19569521,Axxen SK106,0,0,0,0,0,0,0,0,"88,930"
67512923,BOSE QC 이어버드 2024년형,0,0,0,0,0,0,0,0,"정품_195,000"
100691606,BUTTONS CLIP,0,0,0,0,0,0,0,0,"정품_269,100"
67371431,Britz BZ-GT05,0,0,0,0,0,0,0,0,"정품_34,900"
13469678,Britz 브리츠인터내셔널 Acoustic ANC 3,0,0,0,0,0,0,0,0,"97,010"
13794788,Britz 브리츠인터내셔널 AcousticANC1,0,0,0,0,0,0,0,0,"79,000"
17145536,Britz 브리츠인터내셔널 AcousticPods,0,0,0,0,0,0,0,0,"45,380"
28605899,Britz 브리츠인터내셔널 AcousticSnap5,0,0,0,0,0,0,0,0,"64,000"
31465079,Britz 브리츠인터내셔널 BR-E1 Pro,0,0,0,0,0,0,0,0,"99,000"
77205101,Britz 브리츠인터내셔널 BZ-D100X,0,0,0,0,0,0,0,0,"정품_49,900"
90889994,Britz 브리츠인터내셔널 BZ-DR5 Pro,0,0,0,0,0,0,0,0,"정품_49,900"
73694930,Britz 브리츠인터내셔널 BZ-HJ10,0,0,0,0,0,0,0,0,"정품_41,460"
61545470,Britz 브리츠인터내셔널 BZ-Mode3,0,0,0,0,0,0,0,0,"정품_18,230"
52157786,Britz 브리츠인터내셔널 BZ-OWS7,0,0,0,0,0,0,0,0,"49,900"
64377458,Britz 브리츠인터내셔널 Fit5Pro,0,0,0,0,0,0,0,0,"정품_54,900"
5891784,Britz 브리츠인터내셔널 KP590,0,0,0,0,0,0,0,0,"정품_25,990"
31949270,Britz 브리츠인터내셔널 ProPods9 ANC,0,0,0,0,0,0,0,0,"39,900"
92357294,Britz 브리츠인터내셔널 Propods5 Plus,0,0,0,0,0,0,0,0,"정품_34,900"
91351889,CVJ Shadow Blade,0,0,0,0,0,0,0,0,"정품_80,550"
91351922,CVJ 어쌔신,0,0,0,0,0,0,0,0,"정품_75,320|해외구매_61,480"
20656436,Creative Outlier Free,0,0,0,0,0,0,0,0,"해외구매_118,110"
20656886,Creative Outlier Free Pro,0,0,0,0,0,0,0,0,"정품_143,000|해외구매_280,270"
78848345,Creative Outlier Free Pro Plus,0,0,0,0,0,0,0,0,"해외구매_176,220"
66138872,Creative ZEN AIR SXFI,0,0,0,0,0,0,0,0,"정품_82,770|해외구매_168,240"
122695616,ENZO 크리스탈 인이어 유선 이어폰,0,0,0,0,0,0,0,0,"정품_19,080"
13578926,EPOS 젠하이저 GTW 270 하이브리드,0,0,0,0,0,0,0,0,"정품_556,910|해외구매_177,960"
93861260,EPZ G20,0,0,0,0,0,0,0,0,"정품_69,000"
17998988,FAE Tech Korea 아이작 G7,0,0,0,0,0,0,0,0,"정품_34,600"
19394675,FIIL CC Pro2,0,0,0,0,0,0,0,0,"해외구매_76,704"
95932712,FiiO FW3,0,0,0,0,0,0,0,0,"해외구매_115,520"
92763194,GZ G-Z01,0,0,0,0,0,0,0,0,"정품_19,350"
98415824,Google Pixel Buds Pro 2,0,0,0,0,0,0,0,0,"해외구매_353,000"
77278529,HAYLOU AirFree,0,0,0,0,0,0,0,0,"해외구매_26,490"
94884929,HyperX Cirro Buds Pro,0,0,0,0,0,0,0,0,"정품_118,870"
27944486,HyperX Cloud Earbuds II,0,0,0,0,0,0,0,0,"정품_49,760|해외구매_45,310"
124198819,HyperX Cloud Earbuds III S,0,0,0,0,0,0,0,0,"정품_89,900"
17618555,HyperX Cloud MIX Buds,0,0,0,0,0,0,0,0,"해외구매_216,080"
76463735,HyperX Cloud MIX Buds 2 7D0A4AA,0,0,0,0,0,0,0,0,"정품_149,270"
17790365,JBL QUANTUM 50,0,0,0,0,0,0,0,0,"정품_50,320"
73693946,JBL QUANTUM 50C,0,0,0,0,0,0,0,0,"정품_39,510"
17952506,JBL QUANTUM TWS,0,0,0,0,0,0,0,0,"해외구매_198,400"
73693430,JBL QUANTUM TWS AIR,0,0,0,0,0,0,0,0,"정품_94,660|해외구매_268,900"
72114464,JVC Victor HA-FX150T,0,0,0,0,0,0,0,0,"해외구매_219,000"
72114614,JVC Victor HA-FX550T,0,0,0,0,0,0,0,0,"해외구매_197,600"
91039280,JVC Victor HA-XC72T,0,0,0,0,0,0,0,0,"해외구매_120,000"
16400516,LG전자 톤프리 TONE-TFP3,0,0,0,0,0,0,0,0,"234,380"
17738081,LG전자 톤프리 TONE-UT90Q,0,0,0,0,0,0,0,0,"222,840"
102491744,LG전자 톤프리 TONE-UT90Q 이어버드 단품,0,0,0,0,0,0,0,0,"화이트, 오른쪽_91,900"
76791440,MAXTILL GM-8D100,0,0,0,0,0,0,0,0,"정품_23,310"
54959189,MONKA BE-965,0,0,0,0,0,0,0,0,"49,900"
6294045,MSI GH10,0,0,0,0,0,0,0,0,"해외구매_135,040"
49163018,Nothing CMF Buds,0,0,0,0,0,0,0,0,"해외구매_67,110"
88207364,Nothing CMF Buds 2,0,0,0,0,0,0,0,0,"정품_105,300|해외구매_113,600"
95203241,Nothing CMF Buds 2a,0,0,0,0,0,0,0,0,"정품_65,620"
62161217,Nothing CMF Buds Pro 2,0,0,0,0,0,0,0,0,"정품_74,260|해외구매_79,000"
51549122,Nothing Ear,0,0,0,0,0,0,0,0,"정품_247,200|해외구매_122,120"
19504880,Nothing Ear (2),0,0,0,0,0,0,0,0,"해외구매_203,400"
99127763,Nothing Ear (3),0,0,0,0,0,0,0,0,"정품_219,000|해외구매_376,800"
51548801,Nothing Ear (a),0,0,0,0,0,0,0,0,"정품_93,060|해외구매_90,450"
72472355,Nothing Ear (open),0,0,0,0,0,0,0,0,"정품_158,860|해외구매_162,420"
29825432,PSI코리아 Nutz 오르골 T200,0,0,0,0,0,0,0,0,"정품_49,000"
62162780,QCY AilyBuds Clear T32,0,0,0,0,0,0,0,0,"해외구매_33,780"
78240839,QCY AilyBuds E10 QT35,0,0,0,0,0,0,0,0,"해외구매_17,570"
86101646,QCY AilyBuds E20 HT13,0,0,0,0,0,0,0,0,"해외구매_17,700"
54963269,QCY AilyBuds Lite QT29,0,0,0,0,0,0,0,0,"정품_26,900|해외구매_18,840"
64468826,QCY AilyBuds Pro HT10,0,0,0,0,0,0,0,0,"정품_39,900|해외구매_47,500"
64468982,QCY AilyBuds Pro+ HT10-Hires,0,0,0,0,0,0,0,0,"정품_46,990|해외구매_50,440"
17830622,QCY AilyPods T20,0,0,0,0,0,0,0,0,"정품_50,730"
28370681,QCY ArcBuds HT07,0,0,0,0,0,0,0,0,"정품_78,990|해외구매_39,910"
20640293,QCY ArcBuds Lite T27,0,0,0,0,0,0,0,0,"해외구매_151,870"
30257801,QCY C1,0,0,0,0,0,0,0,0,"정품_19,900"
20640557,QCY C2,0,0,0,0,0,0,0,0,"해외구매_53,400"
78241076,QCY Crossky C30S,0,0,0,0,0,0,0,0,"해외구매_36,990"
123807035,QCY Crossky C50,0,0,0,0,0,0,0,0,"정품_54,900|해외구매_43,020"
123971895,QCY Crossky C50i,0,0,0,0,0,0,0,0,"2개, 해외구매_81,680|해외구매_36,440"
65910779,QCY Crossky GTR2 T30,0,0,0,0,0,0,0,0,"정품_33,500|해외구매_31,070"
21533051,QCY Crossky Link T22,0,0,0,0,0,0,0,0,"정품_26,500"
16809392,QCY G1,0,0,0,0,0,0,0,0,"정품_266,570"
106693007,QCY MeloBuds N20,0,0,0,0,0,0,0,0,"해외구매_25,500"
92968457,QCY MeloBuds N30 HT16,0,0,0,0,0,0,0,0,"정품_25,800|해외구매_29,900"
100190570,QCY MeloBuds N60 HT19,0,0,0,0,0,0,0,0,"해외구매_46,900"
95423273,QCY MeloBuds N70 HT18,0,0,0,0,0,0,0,0,"해외구매_78,210"
71645780,QCY MeloBuds Pro HT08,0,0,0,0,0,0,0,0,"정품_34,000|해외구매_47,904"
62322620,QCY MeloBuds neo T31,0,0,0,0,0,0,0,0,"정품_29,900|해외구매_17,700"
100383947,QCY MeloBuds neo T31,0,0,0,0,0,0,0,0,"정품_29,900|해외구매_17,700"
19927838,QCY T13 ANC,0,0,0,0,0,0,0,0,"정품_28,200|해외구매_35,330"
52367075,QCY T13 ANC 2,0,0,0,0,0,0,0,0,"정품_28,900|해외구매_38,320"
30257405,QCY T13X,0,0,0,0,0,0,0,0,"정품_25,900|해외구매_37,990"
16818110,QCY T17,0,0,0,0,0,0,0,0,"정품_37,990|해외구매_33,420"
16914116,QCY T18,0,0,0,0,0,0,0,0,"정품_272,340"
96258452,QCY T41 AIR,0,0,0,0,0,0,0,0,"정품_27,250"
94814210,QCY T43 Buds,0,0,0,0,0,0,0,0,"정품_19,900"
18066026,ROCCAT SYN Buds Air,0,0,0,0,0,0,0,0,"정품_119,900"
19427309,Razer Hammerhead HyperSpeed PS5 Licensed,0,0,0,0,0,0,0,0,"정품_229,000|해외구매_216,400"
20429402,Razer Hammerhead Pro Hyperspeed,0,0,0,0,0,0,0,0,"해외구매_211,410"
14227610,Razer Hammerhead True Wireless Pro,0,0,0,0,0,0,0,0,"해외구매_202,200"
94934597,Razer Hammerhead V3,0,0,0,0,0,0,0,0,"블랙_79,000|화이트_79,000"
122634182,Razer Hammerhead V3 HyperSpeed,0,0,0,0,0,0,0,0,"정품_229,000"
122628299,Razer Hammerhead V3 X HyperSpeed,0,0,0,0,0,0,0,0,"정품_139,000|해외구매_181,080"
123537759,Razer Hammerhead V3 X HyperSpeed for PlayStation,0,0,0,0,0,0,0,0,"정품_159,000"
123537698,Razer Hammerhead V3 X HyperSpeed for Xbox,0,0,0,0,0,0,0,0,"정품_159,000"
37825949,SIE 플레이스테이션 PULSE Explore,0,0,0,0,0,0,0,0,"정품_226,000|해외구매_255,990"
79408250,SKY 핏 버즈 S IM-S34,0,0,0,0,0,0,0,0,"정품_53,970"
72304982,SKY 핏 버즈 X IM-A26,0,0,0,0,0,0,0,0,"정품_18,990"
72304559,SKY 핏 페블 IM-A27,0,0,0,0,0,0,0,0,"정품_49,990"
28775405,SONY INZONE Buds WF-G700N,0,0,0,0,0,0,0,0,"정품_219,000|해외구매_192,020"
97305107,SONY INZONE E9 IER-G900,0,0,0,0,0,0,0,0,"정품_154,400|해외구매_195,190"
99739352,SONY INZONE E9 IER-G900,0,0,0,0,0,0,0,0,"정품_154,400|해외구매_195,190"
14929901,Saramonic Games Monic SR-BH60,0,0,0,0,0,0,0,0,"113,345"
122683760,Smartek STBT-TW1300,0,0,0,0,0,0,0,0,"정품_12,900"
96310748,Smartek STBT-TW6500LCD,0,0,0,0,0,0,0,0,"정품_26,420"
67680776,Smartek STE-GM1,0,0,0,0,0,0,0,0,"16,900"
27943439,SoundPEATS Air 4 Lite,0,0,0,0,0,0,0,0,"해외구매_71,340"
79115312,SoundPEATS Air 5,0,0,0,0,0,0,0,0,"해외구매_141,570"
75470201,SoundPEATS Air 5 Lite,0,0,0,0,0,0,0,0,"해외구매_68,210"
91191932,SoundPEATS Air 5 Pro,0,0,0,0,0,0,0,0,"정품_87,690"
77278421,SoundPEATS CC Pearlclip Pro,0,0,0,0,0,0,0,0,"정품_67,000|해외구매_68,400"
21459455,SoundPEATS Capsule 3 Pro,0,0,0,0,0,0,0,0,"해외구매_72,100"
21441473,SoundPEATS Engine 4,0,0,0,0,0,0,0,0,"해외구매_154,640"
97357622,SoundPEATS H3,0,0,0,0,0,0,0,0,"해외구매_135,350"
124260325,SoundPEATS T3 Pro,0,0,0,0,0,0,0,0,"정품_17,900|2개, 정품_32,340|해외구매_59,800"
79603781,SoundPEATS T3 Pro,0,0,0,0,0,0,0,0,"정품_17,900|2개, 정품_32,340|해외구매_59,800"
21461741,SoundPEATS Wings 2,0,0,0,0,0,0,0,0,"해외구매_35,830"
14511092,Sounder X4,0,0,0,0,0,0,0,0,"해외구매_67,930"
73696388,TANCHJIM MINO Asano,0,0,0,0,0,0,0,0,"해외구매_87,600"
96856463,TOZO 오픈라임,0,0,0,0,0,0,0,0,"정품_49,000"
63139517,XTRA gni-310,0,0,0,0,0,0,0,0,"41,600"
20747429,그라바스타 Sirius P5,0,0,0,0,0,0,0,0,"크리스탈, 해외구매_180,010"
50000789,그린솔루션 펭카 언즈 PO100,0,0,0,0,0,0,0,0,"39,000"
20612951,노키아 Go Earbuds 2 Pro TWS-222,0,0,0,0,0,0,0,0,"49,900"
29486825,노키아 Go Earbuds 2 TWS-112,0,0,0,0,0,0,0,0,"47,900"
27918824,누심비 트리플 드라이버 게이밍 이어폰,0,0,0,0,0,0,0,0,"24,370"
43532429,두원통상 디보이스 GE-200BC,0,0,0,0,0,0,0,0,"25,110"
92967485,디알고 ANCEP,0,0,0,0,0,0,0,0,"정품_18,900"
14973056,디알고 EP01,0,0,0,0,0,0,0,0,"22,500"
14960540,디알고 EP05C,0,0,0,0,0,0,0,0,"26,230"
15044618,디알고 게이밍 RGB 이어폰 GT03,0,0,0,0,0,0,0,0,"37,180"
16815374,디에이치컴퍼니 듀얼홈 듀터스 DH-AE100,0,0,0,0,0,0,0,0,"59,000"
91767884,라이트컴 COMS FU145,0,0,0,0,0,0,0,0,"정품_25,500"
97775282,라익미 사운드미 LE10,0,0,0,0,0,0,0,0,"화이트_9,900|베이지_9,900"
97775270,라익미 사운드미 LE10,0,0,0,0,0,0,0,0,"화이트_9,900|베이지_9,900"
104373767,램스혼 터치스크린 WE-1,0,0,0,0,0,0,0,0,"정품_43,870"
20242811,레노버 GM2 PRO,0,0,0,0,0,0,0,0,"해외구매_21,200"
20338559,레노버 LP6,0,0,0,0,0,0,0,0,"해외구매_36,500"
43524818,레노버 Lecoo EW302,0,0,0,0,0,0,0,0,"34,900"
43524569,레노버 Lecoo EW303,0,0,0,0,0,0,0,0,"45,410"
19747940,레노버 씽크플러스 XT80,0,0,0,0,0,0,0,0,"해외구매_9,690"
30122966,레노버 씽크플러스 XT83II,0,0,0,0,0,0,0,0,"해외구매_13,870"
64271096,로지텍 G333,0,0,0,0,0,0,0,0,"해외구매_76,680"
15123737,로지텍 G333 K/DA 게이밍 이어셋,0,0,0,0,0,0,0,0,"해외구매_70,300"
98484326,리썬즈몰 밥튠 8D,0,0,0,0,0,0,0,0,"정품_102,000"
54324596,마이크로스톤 젤센 ZELPODS PRO,0,0,0,0,0,0,0,0,"48,200"
92108039,마이크로스톤 젤센 젤팟 액티브 스윔,0,0,0,0,0,0,0,0,"정품_92,880"
96480161,마이크로스톤 젤센 젤팟 액티브 클래식,0,0,0,0,0,0,0,0,"정품_198,000"
92965946,마타스튜디오 에어튠,0,0,0,0,0,0,0,0,"정품_32,000"
21702560,맨큐 A13,0,0,0,0,0,0,0,0,"정품_59,200"
8489697,메이커스잼 ES-300,0,0,0,0,0,0,0,0,"9,350"
63140600,몬스터 OPEN FREE AC100,0,0,0,0,0,0,0,0,"해외구매_42,470"
79039673,몬스터 XKT10 PRO,0,0,0,0,0,0,0,0,"해외구매_41,160"
78990095,몬스터 XKT12,0,0,0,0,0,0,0,0,"해외구매_38,120"
97307663,몬스터이어 쉐도우 X,0,0,0,0,0,0,0,0,"정품_88,990|+4.4mm 케이블_121,260"
97307648,몬스터이어 쉐도우 X,0,0,0,0,0,0,0,0,"정품_88,990|+4.4mm 케이블_121,260"
91423970,미니소 M98,0,0,0,0,0,0,0,0,"해외구매_40,940"
95989898,미니소 X28,0,0,0,0,0,0,0,0,"해외구매_28,200"
59760254,베이스어스 Bowie 35,0,0,0,0,0,0,0,0,"36,950"
53421704,베이스어스 Bowie EZ10,0,0,0,0,0,0,0,0,"해외구매_19,100"
52157846,베이스어스 Bowie M2s,0,0,0,0,0,0,0,0,"정품_28,950|해외구매_30,600"
55384679,베이스어스 Bowie MA10S,0,0,0,0,0,0,0,0,"정품_26,100"
17613134,베이스어스 Bowie WM02,0,0,0,0,0,0,0,0,"해외구매_31,680"
20597147,블라우풍트 BLP-BE331,0,0,0,0,0,0,0,0,"블랙_54,900|화이트_29,900|레드_54,900|퍼플_54,900|옐로우_54,900"
24709895,블라우풍트 BLP-BE341,0,0,0,0,0,0,0,0,"블랙_39,600"
53883353,블라우풍트 BLP-BE352,0,0,0,0,0,0,0,0,"55,800"
67372736,블라우풍트 BLP-BE363,0,0,0,0,0,0,0,0,"정품_26,900"
79028411,블라우풍트 BLP-BE365,0,0,0,0,0,0,0,0,"정품_26,900"
28531961,삼성전자 갤럭시 버즈 FE SM-R400,0,0,0,0,0,0,0,0,"정품_164,340|해외구매_117,740|해외리퍼비시_147,870"
28856237,삼성전자 갤럭시 버즈 FE SM-R400N,0,0,0,0,0,0,0,0,"해외구매_150,610"
11915881,삼성전자 갤럭시 버즈 라이브 SM-R180,0,0,0,0,0,0,0,0,"정품_595,000"
13010462,삼성전자 갤럭시 버즈 프로 SM-R190,0,0,0,0,0,0,0,0,"정품_239,800|해외리퍼비시_148,390"
10567197,삼성전자 갤럭시 버즈 플러스 SM-R175,0,0,0,0,0,0,0,0,"해외구매_386,430"
14986085,삼성전자 갤럭시 버즈2 SM-R177,0,0,0,0,0,0,0,0,"정품_220,000|해외구매_127,100"
17641574,삼성전자 갤럭시 버즈2 프로 SM-R510,0,0,0,0,0,0,0,0,"정품_281,000|해외구매_231,750"
59541506,삼성전자 갤럭시 버즈3 SM-R530N,0,0,0,0,0,0,0,0,"정품_178,990|해외구매_181,900"
122709919,삼성전자 갤럭시 버즈3 SM-R530N + 아몬드브리즈 오리지널 케이스,0,0,0,0,0,0,0,0,"정품_200,460"
59537216,삼성전자 갤럭시 버즈3 프로 SM-R630N,0,0,0,0,0,0,0,0,"정품_219,530|해외구매_170,465|중고_180,420"
122709988,삼성전자 갤럭시 버즈3 프로 SM-R630N + 아머 케이스 카키,0,0,0,0,0,0,0,0,"정품_265,640"
122709970,삼성전자 갤럭시 버즈3 프로 SM-R630N + 아몬드브리즈 케이스,0,0,0,0,0,0,0,0,"정품_261,530"
122709925,삼성전자 갤럭시 버즈3 프로 SM-R630N + 카라비너 클립 케이스,0,0,0,0,0,0,0,0,"정품_263,500"
106702613,삼성전자 갤럭시 버즈4 SM-R540,0,0,0,0,0,0,0,0,"정품_218,520|해외구매_173,213"
106702589,삼성전자 갤럭시 버즈4 프로 SM-R640,0,0,0,0,0,0,0,0,"정품_314,720|해외구매_209,200"
16475345,삼지아이티 피스넷 게이밍 이어폰,0,0,0,0,0,0,0,0,"41,330"
72969116,삼지아이티 피스넷 마이크본,0,0,0,0,0,0,0,0,"정품_116,790"
64296605,삼지아이티 피스넷 워터본,0,0,0,0,0,0,0,0,"99,900"
74417189,상도아이앤티 ANYZONE ANY-E2 ProFit,0,0,0,0,0,0,0,0,"정품_21,000"
20299799,샤오미 레드미 버즈 4 라이트 M2231E1,0,0,0,0,0,0,0,0,"정품_16,060|해외구매_17,800"
24708662,샤오미 레드미 버즈4 액티브 M2232E1,0,0,0,0,0,0,0,0,"해외구매_36,900"
17719820,샤오미 레드미 버즈4 프로 M2132E1,0,0,0,0,0,0,0,0,"해외구매_113,900"
86492555,수월우 X 붕괴 스타레일 로빈,0,0,0,0,0,0,0,0,"해외구매_195,300"
90648590,수월우 레이스,0,0,0,0,0,0,0,0,"해외구매_83,620"
92236130,수월우 블록,0,0,0,0,0,0,0,0,"해외구매_36,140"
95058239,수월우 스페이스 트래블 2,0,0,0,0,0,0,0,0,"해외구매_40,370"
99323759,수월우 스페이스 트래블 2 울트라,0,0,0,0,0,0,0,0,"해외구매_81,290"
27889643,수월우 스페이스 트레블,0,0,0,0,0,0,0,0,"해외구매_36,000"
96426449,수월우 필,0,0,0,0,0,0,0,0,"해외구매_50,160"
70098014,스틸시리즈 Arctis Gamebuds,0,0,0,0,0,0,0,0,"정품_199,000|해외구매_208,200|병행수입_183,840"
73886861,스틸시리즈 Arctis Gamebuds X,0,0,0,0,0,0,0,0,"정품_186,150|해외구매_295,850"
13395971,스틸시리즈 TUSQ,0,0,0,0,0,0,0,0,"66,450"
12296723,싸코 BJ,0,0,0,0,0,0,0,0,"18,810"
97227146,아이리버 Go Free Air30,0,0,0,0,0,0,0,0,"정품_39,090"
31981469,아이리버 IB-T5011BT,0,0,0,0,0,0,0,0,"57,000"
31981343,아이리버 IB-T5013BT,0,0,0,0,0,0,0,0,"25,960"
28837613,아이리버 IB-TWA9,0,0,0,0,0,0,0,0,"57,190"
17128076,아이리버 IBC-AIR9,0,0,0,0,0,0,0,0,"정품_64,500"
72592136,아이리버 IBC-AIR9 PLUS,0,0,0,0,0,0,0,0,"정품_89,500"
41614652,아이리버 IBE-G08,0,0,0,0,0,0,0,0,"36,790"
28027556,아이리버 IBE-G10P,0,0,0,0,0,0,0,0,"19,790"
7998838,아이리버 IGE-101,0,0,0,0,0,0,0,0,"14,900"
19564940,아이리버 IGE-202C,0,0,0,0,0,0,0,0,"18,470"
40567520,아이리버 IGE-606C,0,0,0,0,0,0,0,0,"14,900"
56062097,아이리버 IGE-8D10C,0,0,0,0,0,0,0,0,"정품_32,020"
33386075,아이리버 IGE-8D20C,0,0,0,0,0,0,0,0,"37,800"
33386003,아이리버 IGE-8D30C,0,0,0,0,0,0,0,0,"정품_29,800"
33385949,아이리버 IGE-8D40C,0,0,0,0,0,0,0,0,"29,800"
47832563,아이리버 IGE-8D60C,0,0,0,0,0,0,0,0,"32,630"
18938993,아이리버 IGE-C303,0,0,0,0,0,0,0,0,"28,400"
18939542,아이리버 IGE-GE30,0,0,0,0,0,0,0,0,"39,000"
58664093,아이리버 IGE-S2,0,0,0,0,0,0,0,0,"블랙_39,800|화이트_39,800"
18134255,아이리버 IGE-V1C,0,0,0,0,0,0,0,0,"블랙_63,580"
18581489,아이리버 IGE-V2C,0,0,0,0,0,0,0,0,"정품_34,800"
18265100,아이리버 IGE-V3C,0,0,0,0,0,0,0,0,"48,000"
18991427,아이리버 IGE-V4C,0,0,0,0,0,0,0,0,"38,500"
78978971,아이리버 IHBT-TP30,0,0,0,0,0,0,0,0,"정품_29,600"
58011269,아이리버 IHT-A03,0,0,0,0,0,0,0,0,"39,900"
101721890,아이리버 IOW-L90,0,0,0,0,0,0,0,0,"정품_32,890"
28890416,아이리버 IR-TWS100 S4,0,0,0,0,0,0,0,0,"블랙_54,000|화이트_55,200|핑크_54,100"
28219163,아이리버 ITW-AE7,0,0,0,0,0,0,0,0,"46,300"
24133706,아이리버 i.Shell ITW-A1,0,0,0,0,0,0,0,0,"75,900"
91347482,아이리버 마카롱 MC50,0,0,0,0,0,0,0,0,"정품_34,900"
7585840,아이리버 블랭크 IGE-301,0,0,0,0,0,0,0,0,"정품_29,900"
37350872,아이리버 오픈핏 에어 IBW-20,0,0,0,0,0,0,0,0,"55,000"
79117406,아이리버 오픈핏 에어 IOW-10,0,0,0,0,0,0,0,0,"정품_91,080"
79117442,아이리버 오픈핏 에어 IOW-22,0,0,0,0,0,0,0,0,"정품_36,270"
79100483,아이엠듀 게이밍 이어폰,0,0,0,0,0,0,0,0,"정품_19,950"
7756912,아이젠 GE-2200,0,0,0,0,0,0,0,0,"정품_3,450"
7757314,아이젠 GE-5000,0,0,0,0,0,0,0,0,"12,900"
28469633,아즈라 AIM 8,0,0,0,0,0,0,0,0,"정품_51,990"
19317128,아즈라 아젤 에디션 G 2세대,0,0,0,0,0,0,0,0,"정품_244,860"
78389927,아즈라 아젤 에디션 G 3세대,0,0,0,0,0,0,0,0,"정품_99,000"
28884713,아즈라 에이왁스,0,0,0,0,0,0,0,0,"정품_79,000"
19065407,야마하 TW-E3C,0,0,0,0,0,0,0,0,"해외구매_72,790"
18322034,야마하 TW-E7B,0,0,0,0,0,0,0,0,"정품_360,050|해외구매_292,500"
56155115,야마하 TW-EF3A,0,0,0,0,0,0,0,0,"해외구매_141,000"
78984941,에디파이어 Comfo C R1,0,0,0,0,0,0,0,0,"정품_79,000"
124259451,에디파이어 Comfo CC,0,0,0,0,0,0,0,0,"해외구매_56,000"
78985019,에디파이어 Comfo Flex,0,0,0,0,0,0,0,0,"정품_79,000"
96426566,에디파이어 NeoBuds Planar,0,0,0,0,0,0,0,0,"정품_289,000|해외구매_389,900"
96311348,에디파이어 NeoBuds Pro 3,0,0,0,0,0,0,0,0,"정품_189,000|해외구매_218,300"
76792865,에디파이어 STAX SPIRIT S10,0,0,0,0,0,0,0,0,"정품_399,000|해외구매_462,830"
27761015,에디파이어 W210BT,0,0,0,0,0,0,0,0,"해외구매_70,410"
122691620,에이투 GE130,0,0,0,0,0,0,0,0,"정품_24,900"
100618403,에이투 GE5,0,0,0,0,0,0,0,0,"정품_53,910"
95201216,엠지텍 지링크,0,0,0,0,0,0,0,0,"정품_99,900"
63141164,오디오테크니카 ATH-CKS30TW+,0,0,0,0,0,0,0,0,"정품_139,000|해외구매_137,980"
16430957,오디오테크니카 ATH-CKS50TW,0,0,0,0,0,0,0,0,"해외구매_141,490"
41615006,오디오테크니카 ATH-SQ1TW2,0,0,0,0,0,0,0,0,"정품_79,000"
46743992,오디오테크니카 ATH-TWX7,0,0,0,0,0,0,0,0,"정품_188,990|해외구매_223,840"
18634628,오디오테크니카 ATH-TWX9,0,0,0,0,0,0,0,0,"정품_329,000|해외구매_260,100"
98547329,오디오테크니카 ATH-TWX9MK2,0,0,0,0,0,0,0,0,"정품_331,550|해외구매_315,000"
7160989,웨이코스 씽크웨이 TONE BOB SHOCK 8D 2BA,0,0,0,0,0,0,0,0,"102,000"
6399841,웨이코스 씽크웨이 TONE BOB SHOCK BA,0,0,0,0,0,0,0,0,"334,810"
122711390,이어펀 AirPro4,0,0,0,0,0,0,0,0,"정품_105,540|해외구매_85,320"
21483227,인비츠 비트젠 AET-101,0,0,0,0,0,0,0,0,"79,790"
19866440,잇서 배그롤 게이밍 이어폰,0,0,0,0,0,0,0,0,"3.5mm_41,630|USB-C_38,000"
3025663,제닉스 STORMX ECLIPSE,0,0,0,0,0,0,0,0,"정품_170,000"
79407215,제닉스 TITAN GE3,0,0,0,0,0,0,0,0,"정품_59,170"
122686403,제닉스 TITAN GE5,0,0,0,0,0,0,0,0,"정품_50,900"
36205724,젠하이저 모멘텀 트루 와이어리스 4 MTW4,0,0,0,0,0,0,0,0,"정품_299,000|해외구매_430,920"
57292517,젠하이저 엑센텀 트루 와이어리스 ATW1,0,0,0,0,0,0,0,0,"정품_229,000|해외구매_233,570"
17276369,조이트론 버즈비트,0,0,0,0,0,0,0,0,"24,800"
79553000,조이트론 버즈비트 A3,0,0,0,0,0,0,0,0,"정품_39,800"
79552847,조이트론 버즈비트 G24,0,0,0,0,0,0,0,0,"정품_74,800"
43523813,주닉스 GM-007,0,0,0,0,0,0,0,0,"16,280"
33334004,청연MnS naVee NV2-OWE1,0,0,0,0,0,0,0,0,"28,900"
100736297,청연MnS naVee NV88-NTW1,0,0,0,0,0,0,0,0,"정품_38,800"
93446054,카렉스 붐마스터 Airo-04,0,0,0,0,0,0,0,0,"정품_64,510"
96256430,캠브리지오디오 Melomania A100,0,0,0,0,0,0,0,0,"정품_235,000|해외구매_260,990"
40019327,컴길 빌보드 BL-ANC002,0,0,0,0,0,0,0,0,"68,990"
15601559,코시 EP2072G,0,0,0,0,0,0,0,0,"27,100"
18639767,코시 EP2153BTW,0,0,0,0,0,0,0,0,"26,990"
17941004,코시 EP4057BTW,0,0,0,0,0,0,0,0,"21,000"
17830121,코시 카오스 EP2106G,0,0,0,0,0,0,0,0,"31,250"
21520130,쿠팡 홈플래닛 무선 블루투스 5.1 이어폰,0,0,0,0,0,0,0,0,"블랙_40,100"
60244043,키밍 KM1941-70,0,0,0,0,0,0,0,0,"13,200"
19170722,터틀비치 RECON Air Chat,0,0,0,0,0,0,0,0,"정품_43,660"
18066953,터틀비치 Recon Battle Buds,0,0,0,0,0,0,0,0,"블랙, 정품_31,140|화이트, 정품_35,000"
16638656,터틀비치 SCOUT Air,0,0,0,0,0,0,0,0,"정품_110,260"
97959233,톰슨 TBE-201,0,0,0,0,0,0,0,0,"정품_31,530"
90579482,트랜스포머 TF-T01,0,0,0,0,0,0,0,0,"해외구매_29,580"
54811430,트랜스포머 TF-T23,0,0,0,0,0,0,0,0,"해외구매_25,930"
18460763,티앤에스인터내셔널 NOX Maeve G25,0,0,0,0,0,0,0,0,"34,900"
28609022,파이널 VR2000,0,0,0,0,0,0,0,0,"정품_98,000|해외구매_75,900"
13055135,파이널 VR3000,0,0,0,0,0,0,0,0,"정품_112,000|해외구매_99,000"
92236217,파이널 VR3000 Wireless,0,0,0,0,0,0,0,0,"해외구매_197,160"
43529903,파이널 VR500,0,0,0,0,0,0,0,0,"정품_49,000|해외구매_53,620"
92236343,파이널 ZE3000 SV,0,0,0,0,0,0,0,0,"정품_123,140|해외구매_420,260"
7712632,판다인터내셔널 사운드판다 SPE-G9,0,0,0,0,0,0,0,0,"37,070"
15075545,판다인터내셔널 사운드판다 SPE-G9 Light,0,0,0,0,0,0,0,0,"정품_23,870"
11475708,판다인터내셔널 사운드판다 SPE-G9 Plus,0,0,0,0,0,0,0,0,"정품_58,890|해외구매_56,800"
94814459,포스텍 윙플레이어 WP-101,0,0,0,0,0,0,0,0,"정품_48,990"
95344259,프리라이프 미니 수면 이어폰 SK19,0,0,0,0,0,0,0,0,"정품_23,250|해외구매_10,970"
15717143,피에스이 벤처스 PENTON 보이스,0,0,0,0,0,0,0,0,"정품_79,800"
73694369,필립스 TAT1109,0,0,0,0,0,0,0,0,"정품_19,900"
108390980,필립스 TAT1139,0,0,0,0,0,0,0,0,"정품_19,900"
31476512,하나인더스트리 파리생제르망 오픈 웨어러블 이어폰 BLP-OE381,0,0,0,0,0,0,0,0,"115,600"
28397972,현원 모비블루 BE02,0,0,0,0,0,0,0,0,"36,490"
