Id,Name,2026-10-01 09:31:00,2026-10-02 01:17:33,2026-10-02 09:40:48,2026-10-03 00:41:02,2026-10-03 09:22:30,2026-10-03 23:16:29,2026-10-04 08:44:23,2026-10-04 23:48:37,2026-10-05 08:59:46
3354216,HGST Travelstar 7K1000 7200/32M/해외구매,0,0,0,0,0,0,"1TB, HTS721010A9E630_102원/1GB_102,000",0,"1TB, HTS721010A9E630_102원/1GB_102,000"
13233350,HP Proliant SAS/10000/해외구매,0,0,0,0,0,0,"300GB 653955-001_220원/1GB_66,000",0,"300GB 653955-001_220원/1GB_66,000"
8384409,HP 엔터프라이즈 SAS/10K,0,0,0,0,0,0,"600GB, 872477-B21_583원/1GB_350,000|600GB, 781516-B21_816원/1GB_489,600|300GB, 785067-B21_1,000원/1GB_300,000",0,"600GB, 872477-B21_583원/1GB_350,000|600GB, 781516-B21_816원/1GB_489,600|300GB, 785067-B21_1,000원/1GB_300,000"
7376608,HP 엔터프라이즈 SAS/10K/해외구매,0,0,0,0,0,0,"1.2TB, 781518-B21_333원/1GB_400,000|600GB 872477-B21_373원/1GB_224,000|600GB, 781516-B21_667원/1GB_400,000|300GB, 785067-B21_833원/1GB_250,000",0,"1.2TB, 781518-B21_333원/1GB_400,000|600GB 872477-B21_373원/1GB_224,000|600GB, 781516-B21_667원/1GB_400,000|300GB, 785067-B21_833원/1GB_250,000"
122725610,Seagate BarraCuda 5400/128M/노트북용,0,0,0,0,0,0,"5TB, ST5000LM000_79원/1GB_395,250|4TB, ST4000LM024_132원/1GB_529,000|2TB, ST2000LM015_129원/1GB_258,980|1TB, ST1000LM048_199원/1GB_198,990|500GB, ST500LM030_230원/1GB_114,820",0,"5TB, ST5000LM000_79원/1GB_395,250|4TB, ST4000LM024_132원/1GB_529,000|2TB, ST2000LM015_129원/1GB_257,990|1TB, ST1000LM048_198원/1GB_197,990|500GB, ST500LM030_230원/1GB_114,820"
6451870,Seagate BarraCuda 5400/128M/노트북용/해외구매,0,0,0,0,0,0,"5TB, ST5000LM000_59원/1GB_297,180|4TB, ST4000LM024_113원/1GB_451,300|2TB, ST2000LM015_115원/1GB_230,000|1TB, ST1000LM048_183원/1GB_183,000|500GB, ST500LM030_156원/1GB_78,210",0,"5TB, ST5000LM000_59원/1GB_297,180|4TB, ST4000LM024_113원/1GB_451,300|2TB, ST2000LM015_115원/1GB_230,000|1TB, ST1000LM048_183원/1GB_183,000|500GB, ST500LM030_156원/1GB_78,210"
5764992,Seagate BarraCuda 5400/256M,0,0,0,0,0,0,"8TB, ST8000DM004_50원/1GB_398,980|6TB, ST6000DM003_75원/1GB_448,980|4TB, ST4000DM004_74원/1GB_296,330",0,"8TB, ST8000DM004_50원/1GB_398,970|6TB, ST6000DM003_75원/1GB_448,980|4TB, ST4000DM004_74원/1GB_296,330"
122708722,Seagate BarraCuda 5400/256M/중고,0,0,0,0,0,0,0,0,"4TB, ST4000DM004_40원/1GB_159,000"
9721383,Seagate BarraCuda 5400/256M/해외구매,0,0,0,0,0,0,"8TB, ST8000DM004_47원/1GB_377,710|6TB, ST6000DM003_51원/1GB_307,030|4TB, ST4000DM004_63원/1GB_253,370|3TB, ST3000DM007_85원/1GB_255,010|2TB, ST2000DM005_136원/1GB_271,950",0,"8TB, ST8000DM004_47원/1GB_377,700|6TB, ST6000DM003_51원/1GB_307,030|4TB, ST4000DM004_63원/1GB_253,360|3TB, ST3000DM007_85원/1GB_255,010|2TB, ST2000DM005_136원/1GB_271,950"
1529280,Seagate BarraCuda 7200.12 SATA2/7200/16M/중고,0,0,0,0,0,0,0,0,"500GB, ST3500418AS_103원/1GB_51,500|320GB, ST3320418AS_48원/1GB_15,400"
123804121,Seagate BarraCuda 7200/16M/중고,0,0,0,0,0,0,"500GB, ST500DM002_28원/1GB_14,000",0,0
6545078,Seagate BarraCuda 7200/256M,0,0,0,0,0,0,"2TB, ST2000DM008_132원/1GB_264,590|1TB, ST1000DM014_229원/1GB_228,990",0,"2TB, ST2000DM008_132원/1GB_264,580|1TB, ST1000DM014_229원/1GB_228,990"
7533853,Seagate BarraCuda 7200/256M/해외구매,0,0,0,0,0,0,"2TB, ST2000DM008_71원/1GB_142,980|1TB, ST1000DM014_102원/1GB_101,750",0,"2TB, ST2000DM008_76원/1GB_152,520|1TB, ST1000DM014_102원/1GB_101,760"
7798969,Seagate BarraCuda 7200/32M/중고,0,0,0,0,0,0,"500GB, ST500DM009_29원/1GB_14,700",0,0
7799083,Seagate BarraCuda 7200/32M/해외구매,0,0,0,0,0,0,"500GB, ST500DM009_96원/1GB_47,810",0,"500GB, ST500DM009_96원/1GB_47,810"
77788049,Seagate BarraCuda 7200/512M,0,0,0,0,0,0,"24TB, ST24000DM001_60원/1GB_1,429,640|20TB, ST20000DM001_60원/1GB_1,208,060|16TB, ST16000DM001_62원/1GB_998,750",0,"24TB, ST24000DM001_60원/1GB_1,429,640|20TB, ST20000DM001_60원/1GB_1,208,060|16TB, ST16000DM001_62원/1GB_998,730"
77788166,Seagate BarraCuda 7200/512M,0,0,0,0,0,0,"24TB, ST24000DM001_60원/1GB_1,429,640|20TB, ST20000DM001_60원/1GB_1,208,060|16TB, ST16000DM001_62원/1GB_998,750",0,"24TB, ST24000DM001_60원/1GB_1,429,640|20TB, ST20000DM001_60원/1GB_1,208,060|16TB, ST16000DM001_62원/1GB_998,730"
78999047,Seagate BarraCuda 7200/512M/해외구매,0,0,0,0,0,0,"24TB, ST24000DM001_39원/1GB_936,980|20TB, ST20000DM001_43원/1GB_863,720|16TB, ST16000DM001_58원/1GB_932,950",0,"24TB, ST24000DM001_39원/1GB_936,980|20TB, ST20000DM001_43원/1GB_863,720|16TB, ST16000DM001_58원/1GB_932,950"
78999002,Seagate BarraCuda 7200/512M/해외구매,0,0,0,0,0,0,"24TB, ST24000DM001_39원/1GB_936,980|20TB, ST20000DM001_43원/1GB_863,720|16TB, ST16000DM001_58원/1GB_932,950",0,"24TB, ST24000DM001_39원/1GB_936,980|20TB, ST20000DM001_43원/1GB_863,720|16TB, ST16000DM001_58원/1GB_932,950"
4989211,Seagate BarraCuda 7200/64M/병행수입,0,0,0,0,0,0,"1TB, ST1000DM010_105원/1GB_104,550",0,"1TB, ST1000DM010_105원/1GB_104,550"
2018614,Seagate BarraCuda 7200/64M/중고,0,0,0,0,0,0,"1TB, ST1000DM003_39원/1GB_38,780|1TB, ST1000DM010_44원/1GB_44,100",0,"1TB, ST1000DM003_39원/1GB_38,780|1TB, ST1000DM010_44원/1GB_44,100"
2701654,Seagate BarraCuda 7200/64M/해외구매,0,0,0,0,0,0,"ST3000DM001 3TB,_97원/1GB_289,820|1TB, ST1000DM004_300원/1GB_300,000|2TB, ST2000DM006_75원/1GB_150,270|3TB, ST3000DM008_57원/1GB_170,980|2TB, ST32000641AS_66원/1GB_131,000|1TB, ST1000DM003_82원/1GB_82,470",0,"ST3000DM001 3TB,_97원/1GB_289,820|1TB, ST1000DM004_300원/1GB_300,000|2TB, ST2000DM006_75원/1GB_150,250|3TB, ST3000DM008_57원/1GB_170,980|2TB, ST32000641AS_66원/1GB_131,000|1TB, ST1000DM003_82원/1GB_82,470"
3320146,Seagate BarraCuda EIDE/7200/2M/해외구매,0,0,0,0,0,0,"ST320011A, 20GB_2,050원/1GB_41,000",0,"ST320011A, 20GB_2,050원/1GB_41,000"
123971862,Seagate BarraCuda Green 5900/64M/중고,0,0,0,0,0,0,"2TB, ST2000DL003_37원/1GB_73,700",0,"2TB, ST2000DL003_37원/1GB_73,700"
14963150,Seagate BarraCuda Pro 7200/128M/노트북용/해외구매,0,0,0,0,0,0,"500GB, ST500LM034_134원/1GB_67,010",0,"500GB, ST500LM034_134원/1GB_67,010"
67371260,Seagate BarraCuda Pro 7200/256M/해외구매,0,0,0,0,0,0,"14TB, ST14000DM001_100원/1GB_1,401,850|10TB, ST10000DM0004_89원/1GB_888,200",0,"14TB, ST14000DM001_100원/1GB_1,401,850|10TB, ST10000DM0004_89원/1GB_888,200"
5639088,Seagate BarraCuda Pro 7200/256M/해외구매,0,0,0,0,0,0,0,0,"14TB, ST14000DM001_100원/1GB_1,401,850|10TB, ST10000DM0004_89원/1GB_888,200"
124033225,Seagate Constellation ES.3 SAS/7200/128M/중고,0,0,0,0,0,0,"4TB, ST4000NM0023_25원/1GB_98,800",0,"4TB, ST4000NM0023_25원/1GB_98,800"
3273005,Seagate Constellation.2 SATA/7200/64/해외구매,0,0,0,0,0,0,"ST91000640NS, 1TB_98원/1GB_97,800",0,"ST91000640NS, 1TB_98원/1GB_97,800"
3273131,Seagate Constellation2 SAS/7200/64/해외구매,0,0,0,0,0,0,"ST91000640SS, 1TB_99원/1GB_99,000",0,"ST91000640SS, 1TB_99원/1GB_99,000"
2934077,Seagate Desktop HDD.15 5900/64M/해외구매,0,0,0,0,0,0,"ST4000DM000, 4TB_63원/1GB_250,000",0,"ST4000DM000, 4TB_63원/1GB_250,000"
123971851,Seagate Enterprise Performance SAS/10K/128M/중고,0,0,0,0,0,0,0,0,"1.2TB, ST1200MM0039_59원/1GB_70,250"
5639099,Seagate Enterprise Performance SAS/10K/128M/해외구매,0,0,0,0,0,0,"1.2TB, ST1200MM0088_83원/1GB_99,000",0,"1.2TB, ST1200MM0088_83원/1GB_99,000"
97124273,Seagate Exos 10E2400 SAS/10K/128M/해외구매,0,0,0,0,0,0,"1.2TB, ST1200MM0009_80원/1GB_95,960|600GB, ST600MM0009_432원/1GB_259,300",0,"1.2TB, ST1200MM0009_80원/1GB_95,960|600GB, ST600MM0009_432원/1GB_259,300"
6526384,Seagate Exos 10E2400 SAS/10K/256M,0,0,0,0,0,0,"2.4TB, ST2400MM0129_458원/1GB_1,098,990|1.8TB, ST1800MM0129_459원/1GB_826,770|1.2TB, ST1200MM0129_518원/1GB_622,170|600GB, ST600MM0099_713원/1GB_427,990",0,"2.4TB, ST2400MM0129_458원/1GB_1,098,990|1.8TB, ST1800MM0129_459원/1GB_826,770|1.2TB, ST1200MM0129_518원/1GB_622,170|600GB, ST600MM0099_713원/1GB_427,990"
123804125,Seagate Exos 10E2400 SAS/10K/256M/중고,0,0,0,0,0,0,"1.8TB, ST1800MM0129_49원/1GB_87,790",0,"1.8TB, ST1800MM0129_49원/1GB_87,790"
13228031,Seagate Exos 10E2400 SAS/10K/256M/해외구매,0,0,0,0,0,0,"1.8TB, ST1800MM0129_81원/1GB_146,670",0,"1.8TB, ST1800MM0129_81원/1GB_146,670"
6655927,Seagate Exos 15E900 SAS/15K/256M,0,0,0,0,0,0,"900GB, ST900MP0146_617원/1GB_555,000|600GB, ST600MP0136_652원/1GB_391,000|300GB, ST300MP0106_1,197원/1GB_359,000",0,"900GB, ST900MP0146_617원/1GB_555,000|600GB, ST600MP0136_652원/1GB_391,000|300GB, ST300MP0106_1,197원/1GB_359,000"
6453319,Seagate Exos 5E8 5400/256M/해외구매,0,0,0,0,0,0,"8TB, ST8000AS0003_80원/1GB_642,000",0,"8TB, ST8000AS0003_80원/1GB_642,000"
94129232,Seagate Exos 7200/512M,0,0,0,0,0,0,"30TB, ST30000NM004K_79원/1GB_2,369,000|32TB, ST32000NM004K_81원/1GB_2,603,070|28TB, ST28000NM003K_78원/1GB_2,184,560",0,"30TB, ST30000NM004K_79원/1GB_2,369,000|32TB, ST32000NM004K_81원/1GB_2,603,070|28TB, ST28000NM003K_78원/1GB_2,184,560"
94129154,Seagate Exos 7200/512M,0,0,0,0,0,0,"30TB, ST30000NM004K_79원/1GB_2,369,000|32TB, ST32000NM004K_81원/1GB_2,603,070|28TB, ST28000NM003K_78원/1GB_2,184,560",0,"30TB, ST30000NM004K_79원/1GB_2,369,000|32TB, ST32000NM004K_81원/1GB_2,603,070|28TB, ST28000NM003K_78원/1GB_2,184,560"
93859805,Seagate Exos 7200/512M/해외구매,0,0,0,0,0,0,"32TB, ST32000NM004K_82원/1GB_2,624,210|30TB, ST30000NM004K_76원/1GB_2,274,980",0,"32TB, ST32000NM004K_82원/1GB_2,624,210|30TB, ST30000NM004K_76원/1GB_2,274,980"
103880978,Seagate Exos 7200/512M/해외구매,0,0,0,0,0,0,"32TB, ST32000NM004K_82원/1GB_2,624,210|30TB, ST30000NM004K_76원/1GB_2,274,980",0,"32TB, ST32000NM004K_82원/1GB_2,624,210|30TB, ST30000NM004K_76원/1GB_2,274,980"
17494373,Seagate Exos 7E10 7200/256M,0,0,0,0,0,0,"10TB, ST10000NM017B_29원/1GB_293,310|8TB, ST8000NM017B_86원/1GB_687,270|6TB, ST6000NM019B_97원/1GB_584,970|4TB, ST4000NM024B_94원/1GB_384,890|2TB, ST2000NM000B_209원/1GB_418,940",0,"10TB, ST10000NM017B_29원/1GB_293,310|8TB, ST8000NM017B_86원/1GB_687,270|6TB, ST6000NM019B_97원/1GB_584,970|4TB, ST4000NM024B_96원/1GB_384,890|2TB, ST2000NM000B_209원/1GB_418,940"
68536373,Seagate Exos 7E10 7200/256M/해외구매,0,0,0,0,0,0,"4TB, ST4000NM024B_104원/1GB_414,700|2TB, ST2000NM000B_150원/1GB_300,000",0,"4TB, ST4000NM024B_104원/1GB_414,700|2TB, ST2000NM000B_150원/1GB_300,000"
68536319,Seagate Exos 7E10 7200/256M/해외구매,0,0,0,0,0,0,"4TB, ST4000NM024B_104원/1GB_414,700|2TB, ST2000NM000B_150원/1GB_300,000",0,"4TB, ST4000NM024B_104원/1GB_414,700|2TB, ST2000NM000B_150원/1GB_300,000"
17494853,Seagate Exos 7E10 SAS/7200/256M,0,0,0,0,0,0,"10TB, ST10000NM018B_83원/1GB_826,770|8TB, ST8000NM018B_95원/1GB_758,990|6TB, ST6000NM020B_105원/1GB_629,000|4TB, ST4000NM025B_120원/1GB_478,940|2TB, ST2000NM018B_209원/1GB_417,570|||",0,"10TB, ST10000NM018B_83원/1GB_826,770|8TB, ST8000NM018B_95원/1GB_757,990|6TB, ST6000NM020B_105원/1GB_629,000|4TB, ST4000NM025B_120원/1GB_478,940|2TB, ST2000NM018B_209원/1GB_417,570|||"
9809001,Seagate Exos 7E2 7200/128M/해외구매,0,0,0,0,0,0,"2TB, ST2000NM0008_88원/1GB_175,010|ST1000NM0008, 1TB_242원/1GB_242,000",0,"2TB, ST2000NM0008_88원/1GB_175,000|ST1000NM0008, 1TB_242원/1GB_242,000"
12700472,Seagate Exos 7E2000 7200/128M,0,0,0,0,0,0,"2TB, ST2000NX0253_327원/1GB_654,000|1TB, ST1000NX0313_375원/1GB_375,000",0,"2TB, ST2000NX0253_327원/1GB_654,000|1TB, ST1000NX0313_375원/1GB_375,000"
12700412,Seagate Exos 7E2000 SAS/7200/128M,0,0,0,0,0,0,"2TB, ST2000NX0273_327원/1GB_654,000|1TB, ST1000NX0333_593원/1GB_592,500",0,"2TB, ST2000NX0273_327원/1GB_654,000|1TB, ST1000NX0333_593원/1GB_592,500"
96775247,Seagate Exos 7E8 7200/128M/해외구매,0,0,0,0,0,0,"ST4000NM0115, 4TB_235원/1GB_940,000",0,"ST4000NM0115, 4TB_235원/1GB_940,000"
27919571,Seagate Exos 7E8 7200/256M,0,0,0,0,0,0,"2TB, ST2000NM001A_183원/1GB_366,000|8TB, ST8000NM000A_92원/1GB_739,000|6TB, ST6000NM021A_105원/1GB_629,000|4TB, ST4000NM002A_120원/1GB_479,000|2TB, ST2000NM000A_133원/1GB_266,650|1TB, ST1000NM000A_363원/1GB_363,000",0,"2TB, ST2000NM001A_183원/1GB_366,000|8TB, ST8000NM000A_92원/1GB_739,000|6TB, ST6000NM021A_105원/1GB_629,000|4TB, ST4000NM002A_120원/1GB_479,000|2TB, ST2000NM000A_133원/1GB_266,650|1TB, ST1000NM000A_363원/1GB_363,000"
124011309,Seagate Exos 7E8 7200/256M/중고,0,0,0,0,0,0,0,0,"2TB, ST2000NM000A_81원/1GB_162,000"
6453052,Seagate Exos 7E8 7200/256M/해외구매,0,0,0,0,0,0,"8TB, ST8000NM0055_84원/1GB_670,000|8TB, ST8000NM000A_95원/1GB_760,000|6TB, ST6000NM0115_95원/1GB_569,000",0,"8TB, ST8000NM0055_84원/1GB_670,000|8TB, ST8000NM000A_95원/1GB_760,000|6TB, ST6000NM0115_95원/1GB_569,000"
11777944,Seagate Exos 7E8 SAS/7200/256M,0,0,0,0,0,0,"8TB, ST8000NM001A_95원/1GB_759,000|6TB, ST6000NM029A_108원/1GB_646,500|4TB, ST4000NM005A_125원/1GB_499,000|2TB, ST2000NM004A_225원/1GB_449,000",0,"8TB, ST8000NM001A_95원/1GB_759,000|6TB, ST6000NM029A_107원/1GB_644,000|4TB, ST4000NM005A_125원/1GB_499,000|2TB, ST2000NM004A_225원/1GB_449,000"
13212737,Seagate Exos X12 7200/256M,0,0,0,0,0,0,"12TB, ST12000NM0008_80원/1GB_956,000",0,"12TB, ST12000NM0008_80원/1GB_956,000"
11777467,Seagate Exos X16 7200/256M,0,0,0,0,0,0,"12TB, ST12000NM001G_87원/1GB_1,039,000|10TB, ST10000NM001G_86원/1GB_859,000",0,"12TB, ST12000NM001G_87원/1GB_1,039,000|10TB, ST10000NM001G_86원/1GB_859,000"
13226762,Seagate Exos X16 7200/256M/해외구매,0,0,0,0,0,0,"16TB, ST16000NM001G_58원/1GB_928,060|14TB, ST14000NM001G_93원/1GB_1,300,000|12TB, ST12000NM001G_73원/1GB_870,000|10TB, ST10000NM001G_66원/1GB_660,000",0,"16TB, ST16000NM001G_58원/1GB_928,060|14TB, ST14000NM001G_93원/1GB_1,300,000|12TB, ST12000NM001G_73원/1GB_870,000|10TB, ST10000NM001G_66원/1GB_660,000"
11452572,Seagate Exos X16 SAS/7200/256M,0,0,0,0,0,0,"14TB, ST14000NM002G_84원/1GB_1,180,000|12TB, ST12000NM002G_88원/1GB_1,059,000|10TB, ST10000NM002G_89원/1GB_889,000",0,"14TB, ST14000NM002G_84원/1GB_1,180,000|12TB, ST12000NM002G_88원/1GB_1,059,000|10TB, ST10000NM002G_89원/1GB_889,000"
12719456,Seagate Exos X18 7200/256M,0,0,0,0,0,0,"18TB, ST18000NM000J_58원/1GB_1,050,000|16TB, ST16000NM000J_86원/1GB_1,368,000|14TB, ST14000NM000J_94원/1GB_1,314,000|12TB, ST12000NM000J_87원/1GB_1,038,000",0,"18TB, ST18000NM000J_58원/1GB_1,050,000|16TB, ST16000NM000J_86원/1GB_1,368,000|14TB, ST14000NM000J_94원/1GB_1,314,000|12TB, ST12000NM000J_87원/1GB_1,038,000"
13940384,Seagate Exos X18 7200/256M/해외구매,0,0,0,0,0,0,"18TB, ST18000NM000J_32원/1GB_584,640|16TB, ST16000NM000J_56원/1GB_888,400|12TB, ST12000NM000J_66원/1GB_792,260",0,"18TB, ST18000NM000J_32원/1GB_584,640|16TB, ST16000NM000J_56원/1GB_888,400|12TB, ST12000NM000J_66원/1GB_792,260"
12719516,Seagate Exos X18 SAS/7200/256M,0,0,0,0,0,0,"18TB, ST18000NM004J_63원/1GB_1,129,000|16TB, ST16000NM004J_73원/1GB_1,318,970|14TB, ST14000NM004J_95원/1GB_1,330,000|12TB, ST12000NM004J_88원/1GB_1,058,000",0,"18TB, ST18000NM004J_63원/1GB_1,129,000|16TB, ST16000NM004J_73원/1GB_1,318,970|14TB, ST14000NM004J_95원/1GB_1,330,000|12TB, ST12000NM004J_88원/1GB_1,058,000"
124011305,Seagate Exos X18 SAS/7200/256M/중고,0,0,0,0,0,0,"18TB, ST18000NM004J_33원/1GB_589,280",0,"18TB, ST18000NM004J_33원/1GB_589,280"
16407728,Seagate Exos X20 7200/256M,0,0,0,0,0,0,"20TB, ST20000NM007D_80원/1GB_1,599,000",0,"20TB, ST20000NM007D_80원/1GB_1,599,000"
16517627,Seagate Exos X20 SAS/7200/256M,0,0,0,0,0,0,"20TB, ST20000NM002D_86원/1GB_1,719,000",0,"20TB, ST20000NM002D_86원/1GB_1,719,000"
68364803,Seagate Exos X20 SAS/7200/256M/해외구매,0,0,0,0,0,0,"20TB, ST20000NM002D_41원/1GB_824,280",0,"20TB, ST20000NM002D_41원/1GB_824,280"
19834277,Seagate Exos X22 7200/512M,0,0,0,0,0,0,"22TB, ST22000NM001E_80원/1GB_1,749,000",0,"22TB, ST22000NM001E_80원/1GB_1,749,000"
19834310,Seagate Exos X22 SAS/7200/512M,0,0,0,0,0,0,"22TB, ST22000NM000E_84원/1GB_1,843,000",0,"22TB, ST22000NM000E_84원/1GB_1,843,000"
33802007,Seagate Exos X24 7200/512M,0,0,0,0,0,0,"24TB, ST24000NM002H_79원/1GB_1,886,960|20TB, ST20000NM002H_79원/1GB_1,580,070|16TB, ST16000NM002H_79원/1GB_1,259,000|12TB, ST12000NM002H_81원/1GB_966,270",0,"24TB, ST24000NM002H_79원/1GB_1,886,960|20TB, ST20000NM002H_79원/1GB_1,580,070|16TB, ST16000NM002H_79원/1GB_1,259,000|12TB, ST12000NM002H_81원/1GB_966,270"
33813077,Seagate Exos X24 7200/512M/해외구매,0,0,0,0,0,0,"24TB, ST24000NM002H_78원/1GB_1,866,000|20TB, ST20000NM002H_95원/1GB_1,896,800|12TB, ST12000NM002H_86원/1GB_1,033,290",0,0
33823007,Seagate Exos X24 SAS/7200/512M,0,0,0,0,0,0,"24TB, ST24000NM007H_79원/1GB_1,886,960|20TB, ST20000NM007H_80원/1GB_1,598,670|16TB, ST16000NM007H_81원/1GB_1,291,770|12TB, ST12000NM007H_82원/1GB_984,870",0,"24TB, ST24000NM007H_79원/1GB_1,886,960|20TB, ST20000NM007H_80원/1GB_1,598,670|16TB, ST16000NM007H_81원/1GB_1,291,770|12TB, ST12000NM007H_82원/1GB_984,870"
43947065,Seagate Exos X24 SAS/7200/512M/해외구매,0,0,0,0,0,0,"24TB, ST24000NM007H_79원/1GB_1,890,000",0,0
18486122,Seagate IronWolf 5400/256M,0,0,0,0,0,0,"8TB, ST8000VN002_71원/1GB_564,900|6TB, ST6000VN006_79원/1GB_473,300|6TB, ST6000VN001_83원/1GB_499,000|4TB, ST4000VN006_83원/1GB_331,990|2TB, ST2000VN003_164원/1GB_328,980",0,"8TB, ST8000VN002_71원/1GB_564,900|6TB, ST6000VN006_79원/1GB_473,300|6TB, ST6000VN001_83원/1GB_499,000|4TB, ST4000VN006_83원/1GB_331,980|2TB, ST2000VN003_164원/1GB_328,980"
63420605,Seagate IronWolf 5400/256M/해외구매,0,0,0,0,0,0,"8TB, ST8000VN002_71원/1GB_567,000|6TB, ST6000VN001_107원/1GB_642,670|6TB, ST6000VN006_99원/1GB_592,710|4TB, ST4000VN006_96원/1GB_382,600|1TB, ST1000VN008_156원/1GB_156,000",0,"8TB, ST8000VN002_71원/1GB_567,000|6TB, ST6000VN001_107원/1GB_642,670|6TB, ST6000VN006_99원/1GB_592,710|4TB, ST4000VN006_96원/1GB_382,600|1TB, ST1000VN008_156원/1GB_156,000"
13226873,Seagate IronWolf 5400/256M/해외구매,0,0,0,0,0,0,0,0,"8TB, ST8000VN002_71원/1GB_567,000|6TB, ST6000VN001_107원/1GB_642,670|6TB, ST6000VN006_99원/1GB_592,710|4TB, ST4000VN006_96원/1GB_382,600|1TB, ST1000VN008_156원/1GB_156,000"
4555795,Seagate IronWolf 5900/64M,0,0,0,0,0,0,"4TB, ST4000VN008_87원/1GB_349,000|2TB, ST2000VN004_169원/1GB_338,000",0,"4TB, ST4000VN008_87원/1GB_349,000|2TB, ST2000VN004_169원/1GB_338,000"
5639055,Seagate IronWolf 5900/64M/해외구매,0,0,0,0,0,0,"4TB, ST4000VN008_62원/1GB_249,600|3TB, ST3000VN007_109원/1GB_327,000|2TB, ST2000VN004_165원/1GB_330,000|1TB, ST1000VN002_154원/1GB_153,830",0,"4TB, ST4000VN008_62원/1GB_249,600|3TB, ST3000VN007_109원/1GB_327,000|2TB, ST2000VN004_165원/1GB_330,000|1TB, ST1000VN002_154원/1GB_153,830"
5639077,Seagate IronWolf 7200/128M/해외구매,0,0,0,0,0,0,"6TB, ST6000VN0041_101원/1GB_607,600",0,"6TB, ST6000VN0041_101원/1GB_607,600"
9348588,Seagate IronWolf 7200/256M,0,0,0,0,0,0,"16TB, ST16000VN001_72원/1GB_1,152,000|12TB, ST12000VN0008_72원/1GB_863,960|12TB, ST12000VN0007_77원/1GB_929,000|10TB, ST10000VN000_73원/1GB_725,800|10TB, ST10000VN0008_78원/1GB_779,990|10TB, ST10000VN0004_79원/1GB_789,000||",0,"16TB, ST16000VN001_72원/1GB_1,152,000|12TB, ST12000VN0008_72원/1GB_863,960|12TB, ST12000VN0007_77원/1GB_929,000|10TB, ST10000VN000_73원/1GB_725,800|10TB, ST10000VN0008_78원/1GB_779,990|10TB, ST10000VN0004_79원/1GB_789,000||"
124011314,Seagate IronWolf 7200/256M/중고,0,0,0,0,0,0,"8TB, ST8000VN004_50원/1GB_399,000",0,"8TB, ST8000VN004_50원/1GB_399,000"
54962708,Seagate IronWolf 7200/256M/해외구매,0,0,0,0,0,0,"18TB, ST18000VN000_74원/1GB_1,330,000|16TB, ST16000VN001_45원/1GB_727,000|14TB, ST14000VN0008_43원/1GB_606,400|12TB, ST12000VN0008_55원/1GB_664,000|10TB, ST10000VN000_76원/1GB_759,000|10TB, ST10000VN0008_56원/1GB_563,880|||",0,"18TB, ST18000VN000_74원/1GB_1,330,000|16TB, ST16000VN001_45원/1GB_727,000|14TB, ST14000VN0008_43원/1GB_606,400|12TB, ST12000VN0008_55원/1GB_664,000|10TB, ST10000VN000_76원/1GB_759,000|10TB, ST10000VN0008_56원/1GB_563,880|||"
5639062,Seagate IronWolf 7200/256M/해외구매,0,0,0,0,0,0,0,0,"18TB, ST18000VN000_74원/1GB_1,330,000|16TB, ST16000VN001_45원/1GB_727,000|14TB, ST14000VN0008_43원/1GB_606,400|12TB, ST12000VN0008_55원/1GB_664,000|10TB, ST10000VN000_76원/1GB_759,000|10TB, ST10000VN0008_56원/1GB_563,880|||"
18207194,Seagate IronWolf Pro 7200/256M,0,0,0,0,0,0,"20TB, ST20000NT001_79원/1GB_1,580,070||16TB, ST16000NT001_80원/1GB_1,273,170||12TB, ST12000NT001_80원/1GB_955,870|12TB, ST12000NE0008_62원/1GB_741,670|10TB, ST10000NT001_80원/1GB_798,870|||8TB, ST8000NT001_88원/1GB_700,010||||||||",0,"20TB, ST20000NT001_79원/1GB_1,580,070||16TB, ST16000NT001_80원/1GB_1,273,170||12TB, ST12000NT001_80원/1GB_955,870|12TB, ST12000NE0008_62원/1GB_741,670|10TB, ST10000NT001_80원/1GB_798,870|||8TB, ST8000NT001_88원/1GB_700,010||||||||"
18739145,Seagate IronWolf Pro 7200/256M/해외구매,0,0,0,0,0,0,"20TB, ST20000NE000_70원/1GB_1,409,460|20TB, ST20000NT001_70원/1GB_1,400,000|18TB, ST18000NE000_74원/1GB_1,332,000|18TB, ST18000NT001_87원/1GB_1,560,000|16TB, ST16000NE000_51원/1GB_817,850|16TB, ST16000NT001_71원/1GB_1,133,600|||||||||||",0,"20TB, ST20000NE000_70원/1GB_1,409,450|20TB, ST20000NT001_70원/1GB_1,400,000|18TB, ST18000NE000_74원/1GB_1,332,000|18TB, ST18000NT001_87원/1GB_1,560,000|16TB, ST16000NE000_51원/1GB_817,850|16TB, ST16000NT001_71원/1GB_1,133,600|||||||||||"
103811198,Seagate IronWolf Pro 7200/512M,0,0,0,0,0,0,"32TB, ST32000NT000_81원/1GB_2,603,070|30TB, ST30000NT011_80원/1GB_2,398,990|28TB, ST28000NT000_78원/1GB_2,184,560|24TB, ST24000NT002_77원/1GB_1,857,590|22TB, ST22000NT001_84원/1GB_1,673,320",0,"32TB, ST32000NT000_81원/1GB_2,603,070|30TB, ST30000NT011_80원/1GB_2,398,990|28TB, ST28000NT000_78원/1GB_2,184,560|24TB, ST24000NT002_77원/1GB_1,857,590|22TB, ST22000NT001_84원/1GB_1,673,130"
54966698,Seagate IronWolf Pro 7200/512M 패키지 ST24000NT002,0,0,0,0,0,0,"4x24TB_82원/1GB_7,873,000|2x24TB_83원/1GB_3,977,000",0,0
54966704,Seagate IronWolf Pro 7200/512M 패키지 ST24000NT002,0,0,0,0,0,0,"4x24TB_82원/1GB_7,873,000|2x24TB_83원/1GB_3,977,000",0,"4x24TB_82원/1GB_7,873,000|2x24TB_83원/1GB_3,977,000"
104939345,Seagate IronWolf Pro 7200/512M 패키지 ST32000NT000,0,0,0,0,0,0,"2x32TB_83원/1GB_5,299,990|4x32TB_85원/1GB_10,860,000",0,"2x32TB_83원/1GB_5,299,990|4x32TB_85원/1GB_10,860,000"
122724372,Seagate IronWolf Pro 7200/512M/해외구매,0,0,0,0,0,0,"32TB, ST32000NT000_52원/1GB_1,661,200|24TB, ST24000NT002_52원/1GB_1,259,300|22TB, ST22000NT001_82원/1GB_1,642,850",0,"32TB, ST32000NT000_52원/1GB_1,661,200|24TB, ST24000NT002_52원/1GB_1,259,300|22TB, ST22000NT001_82원/1GB_1,642,850"
19948601,Seagate IronWolf Pro 7200/512M/해외구매,0,0,0,0,0,0,0,0,"32TB, ST32000NT000_52원/1GB_1,661,200|24TB, ST24000NT002_52원/1GB_1,259,300|22TB, ST22000NT001_82원/1GB_1,642,850"
18449930,Seagate IronWolf Pro 패키지 7200/256M ST10000NT001,0,0,0,0,0,0,"4x10TB_83원/1GB_3,333,000|2x10TB_84원/1GB_1,684,000",0,"4x10TB_83원/1GB_3,333,000|2x10TB_84원/1GB_1,684,000"
18449792,Seagate IronWolf Pro 패키지 7200/256M ST12000NT001,0,0,0,0,0,0,"4x12TB_84원/1GB_4,030,990|2x12TB_85원/1GB_2,036,000",0,"4x12TB_84원/1GB_4,030,990|2x12TB_85원/1GB_2,036,000"
18449444,Seagate IronWolf Pro 패키지 7200/256M ST16000NT001,0,0,0,0,0,0,"4x16TB_83원/1GB_5,311,990|2x16TB_84원/1GB_2,683,000",0,"4x16TB_83원/1GB_5,311,990|2x16TB_84원/1GB_2,683,000"
18449120,Seagate IronWolf Pro 패키지 7200/256M ST20000NT001,0,0,0,0,0,0,"4x20TB_82원/1GB_6,592,000|2x20TB_167원/1GB_3,330,000",0,"4x20TB_82원/1GB_6,592,000|2x20TB_167원/1GB_3,330,000"
18450506,Seagate IronWolf Pro 패키지 7200/256M ST4000NT001,0,0,0,0,0,0,"4x4TB_109원/1GB_1,742,000|2x4TB_110원/1GB_880,000",0,"4x4TB_109원/1GB_1,742,000|2x4TB_110원/1GB_880,000"
18450362,Seagate IronWolf Pro 패키지 7200/256M ST6000NT001,0,0,0,0,0,0,"4x6TB_100원/1GB_2,402,000|2x6TB_101원/1GB_1,213,000",0,"4x6TB_100원/1GB_2,402,000|2x6TB_101원/1GB_1,213,000"
18450152,Seagate IronWolf Pro 패키지 7200/256M ST8000NT001,0,0,0,0,0,0,"4x8TB_87원/1GB_2,790,000|2x8TB_88원/1GB_1,408,990",0,"4x8TB_87원/1GB_2,790,000|2x8TB_88원/1GB_1,408,990"
27735518,Seagate IronWolf Pro 패키지 7200/512M ST22000NT001,0,0,0,0,0,0,"4x22TB_81원/1GB_7,160,000|2x22TB_82원/1GB_3,599,700",0,"4x22TB_81원/1GB_7,160,000|2x22TB_82원/1GB_3,599,700"
98415440,Seagate IronWolf Pro 패키지 7200/512M ST28000NT000,0,0,0,0,0,0,"2x28TB_80원/1GB_4,506,000|4x28TB_81원/1GB_9,114,000",0,"2x28TB_80원/1GB_4,506,000|4x28TB_81원/1GB_9,114,000"
94201127,Seagate IronWolf Pro 패키지 7200/512M ST30000NT011,0,0,0,0,0,0,"4x30TB_84원/1GB_10,083,990|2x30TB_85원/1GB_5,093,990",0,"4x30TB_84원/1GB_10,083,990|2x30TB_85원/1GB_5,093,990"
94201148,Seagate IronWolf Pro 패키지 7200/512M ST30000NT011,0,0,0,0,0,0,"4x30TB_84원/1GB_10,083,990|2x30TB_85원/1GB_5,093,990",0,"4x30TB_84원/1GB_10,083,990|2x30TB_85원/1GB_5,093,990"
62652617,Seagate IronWolf 패키지 5400/256M ST4000VN006,0,0,0,0,0,0,"4x4TB_85원/1GB_1,354,000|2x4TB_86원/1GB_684,000",0,"4x4TB_85원/1GB_1,354,000|2x4TB_86원/1GB_684,000"
62652629,Seagate IronWolf 패키지 5400/256M ST4000VN006,0,0,0,0,0,0,"4x4TB_85원/1GB_1,354,000|2x4TB_86원/1GB_684,000",0,"4x4TB_85원/1GB_1,354,000|2x4TB_86원/1GB_684,000"
63087995,Seagate IronWolf 패키지 5400/256M ST6000VN006,0,0,0,0,0,0,"4x6TB_81원/1GB_1,935,990|2x6TB_81원/1GB_977,990",0,"4x6TB_81원/1GB_1,935,990|2x6TB_81원/1GB_977,990"
63088004,Seagate IronWolf 패키지 5400/256M ST6000VN006,0,0,0,0,0,0,"4x6TB_81원/1GB_1,935,990|2x6TB_81원/1GB_977,990",0,"4x6TB_81원/1GB_1,935,990|2x6TB_81원/1GB_977,990"
62653481,Seagate IronWolf 패키지 5400/256M ST8000VN002,0,0,0,0,0,0,"4x8TB_73원/1GB_2,323,990|2x8TB_66원/1GB_1,060,000",0,"4x8TB_73원/1GB_2,323,990|2x8TB_66원/1GB_1,060,000"
68575247,Seagate IronWolf 패키지 5400/256M ST8000VN002,0,0,0,0,0,0,"4x8TB_73원/1GB_2,323,990|2x8TB_66원/1GB_1,060,000",0,"4x8TB_73원/1GB_2,323,990|2x8TB_66원/1GB_1,060,000"
62652551,Seagate IronWolf 패키지 7200/256M ST10000VN000,0,0,0,0,0,0,"4x10TB_77원/1GB_3,061,000|2x10TB_77원/1GB_1,546,000",0,"4x10TB_77원/1GB_3,061,000|2x10TB_77원/1GB_1,546,000"
62652566,Seagate IronWolf 패키지 7200/256M ST10000VN000,0,0,0,0,0,0,"4x10TB_77원/1GB_3,061,000|2x10TB_77원/1GB_1,546,000",0,"4x10TB_77원/1GB_3,061,000|2x10TB_77원/1GB_1,546,000"
17053457,Seagate IronWolf 패키지 7200/256M ST12000VN0008,0,0,0,0,0,0,"4x12TB_75원/1GB_3,605,000|2x12TB_76원/1GB_1,821,000",0,"4x12TB_75원/1GB_3,605,000|2x12TB_76원/1GB_1,821,000"
17054174,Seagate IronWolf 패키지 7200/256M ST16000VN001,0,0,0,0,0,0,"4x16TB_76원/1GB_4,894,000|2x16TB_77원/1GB_2,457,000",0,"4x16TB_76원/1GB_4,894,000|2x16TB_77원/1GB_2,457,000"
123971838,Seagate Mobile HDD 5400/128M/노트북용/중고,0,0,0,0,0,0,0,0,"1TB, ST1000LM035_59원/1GB_59,330"
2934092,Seagate Momentus 5400/32M/노트북용/해외구매,0,0,0,0,0,0,"2TB, ST2000LM003_87원/1GB_174,440",0,"2TB, ST2000LM003_87원/1GB_174,440"
2227320,Seagate NAS HDD 5900/64M,0,0,0,0,0,0,"3TB, ST3000VN000_110원/1GB_331,200",0,"3TB, ST3000VN000_110원/1GB_331,200"
18477242,Seagate SkyHawk 5400/256M,0,0,0,0,0,0,"8TB, ST8000VX010_79원/1GB_628,000|6TB, ST6000VX009_80원/1GB_480,000|6TB, ST6000VX001_85원/1GB_509,990|4TB, ST4000VX016_90원/1GB_359,990|3TB, ST3000VX015_107원/1GB_320,000|2TB, ST2000VX017_159원/1GB_318,690|",0,"8TB, ST8000VX010_79원/1GB_628,000|6TB, ST6000VX009_80원/1GB_480,000|6TB, ST6000VX001_85원/1GB_509,990|4TB, ST4000VX016_90원/1GB_359,990|3TB, ST3000VX015_107원/1GB_320,000|2TB, ST2000VX017_159원/1GB_318,690|"
9442020,Seagate SkyHawk 5400/256M/해외구매,0,0,0,0,0,0,"6TB, ST6000VX001_66원/1GB_394,220|4TB, ST4000VX016_87원/1GB_347,360|6TB, ST6000VX009_81원/1GB_483,830|8TB, ST8000VX010_67원/1GB_534,490|4TB, ST4000VX013_65원/1GB_258,240",0,"6TB, ST6000VX001_66원/1GB_394,220|4TB, ST4000VX016_87원/1GB_347,360|6TB, ST6000VX009_81원/1GB_483,830|8TB, ST8000VX010_67원/1GB_534,490|4TB, ST4000VX013_65원/1GB_258,240"
9344370,Seagate SkyHawk 5400/64M,0,0,0,0,0,0,"3TB, ST3000VX009_84원/1GB_253,000",0,"3TB, ST3000VX009_84원/1GB_253,000"
4555564,Seagate SkyHawk 5900/64M,0,0,0,0,0,0,"4TB, ST4000VX007_85원/1GB_338,000|3TB, ST3000VX010_110원/1GB_330,000|2TB, ST2000VX008_85원/1GB_169,790|1TB, ST1000VX005_260원/1GB_260,000",0,"4TB, ST4000VX007_85원/1GB_338,000|3TB, ST3000VX010_110원/1GB_330,000|2TB, ST2000VX008_85원/1GB_169,790|1TB, ST1000VX005_260원/1GB_260,000"
5639106,Seagate SkyHawk 5900/64M/해외구매,0,0,0,0,0,0,"4TB, ST4000VX007_65원/1GB_258,240|2TB, ST2000VX008_131원/1GB_261,230|1TB, ST1000VX005_176원/1GB_176,000",0,"4TB, ST4000VX007_65원/1GB_258,240|2TB, ST2000VX008_131원/1GB_261,230|1TB, ST1000VX005_176원/1GB_176,000"
4411634,Seagate SkyHawk 7200/256M,0,0,0,0,0,0,"10TB, ST10000VX0004_88원/1GB_879,000|8TB, ST8000VX004_79원/1GB_628,000|8TB, ST8000VX0022_104원/1GB_833,000|6TB, ST6000VX0023_76원/1GB_455,000",0,"10TB, ST10000VX0004_88원/1GB_879,000|8TB, ST8000VX004_79원/1GB_628,000|8TB, ST8000VX0022_104원/1GB_833,000|6TB, ST6000VX0023_76원/1GB_455,000"
16741385,Seagate SkyHawk AI 7200/256M,0,0,0,0,0,0,"20TB, ST20000VE002_85원/1GB_1,697,610|18TB, ST18000VE002_83원/1GB_1,498,990|16TB, ST16000VE002_85원/1GB_1,363,990|14TB, ST14000VE0008_78원/1GB_1,088,000|12TB, ST12000VE001_87원/1GB_1,038,990|12TB, ST12000VE0008_82원/1GB_988,000||",0,"20TB, ST20000VE002_85원/1GB_1,697,590|18TB, ST18000VE002_83원/1GB_1,498,990|16TB, ST16000VE002_85원/1GB_1,363,990|14TB, ST14000VE0008_78원/1GB_1,088,000|12TB, ST12000VE001_87원/1GB_1,038,990|12TB, ST12000VE0008_82원/1GB_988,000||"
15966869,Seagate SkyHawk AI 7200/256M 해외구매,0,0,0,0,0,0,"12TB, ST12000VE001_69원/1GB_826,650",0,"12TB, ST12000VE001_69원/1GB_826,650"
13211987,Seagate SkyHawk AI 7200/256M/해외구매,0,0,0,0,0,0,"18TB, ST18000VE002_74원/1GB_1,330,000|16TB, ST16000VE002_53원/1GB_850,000|12TB, ST12000VE0008_47원/1GB_561,330|10TB, ST10000VE001_80원/1GB_796,000|8TB, ST8000VE001_70원/1GB_560,000",0,"18TB, ST18000VE002_74원/1GB_1,330,000|16TB, ST16000VE002_53원/1GB_850,000|12TB, ST12000VE0008_47원/1GB_561,330|10TB, ST10000VE001_80원/1GB_796,000|8TB, ST8000VE001_70원/1GB_560,000"
94811081,Seagate SkyHawk AI 7200/512M,0,0,0,0,0,0,"32TB, ST32000VE000_87원/1GB_2,797,990|24TB, ST24000VE002_71원/1GB_1,699,000|20TB, ST20000VE003_83원/1GB_1,659,000|16TB, ST16000VE004_86원/1GB_1,368,000|12TB, ST12000VE003_87원/1GB_1,038,000",0,0
103811207,Seagate SkyHawk AI 7200/512M,0,0,0,0,0,0,"32TB, ST32000VE000_87원/1GB_2,797,990|24TB, ST24000VE002_71원/1GB_1,699,000|20TB, ST20000VE003_83원/1GB_1,659,000|16TB, ST16000VE004_86원/1GB_1,368,000|12TB, ST12000VE003_87원/1GB_1,038,000",0,"32TB, ST32000VE000_87원/1GB_2,797,990|24TB, ST24000VE002_71원/1GB_1,699,000|20TB, ST20000VE003_83원/1GB_1,659,000|16TB, ST16000VE004_86원/1GB_1,368,000|12TB, ST12000VE003_87원/1GB_1,038,000"
34372835,Seagate SkyHawk AI 7200/512M/해외구매,0,0,0,0,0,0,"24TB, ST24000VE002_70원/1GB_1,690,000|12TB, ST12000VE003_70원/1GB_844,000",0,"24TB, ST24000VE002_70원/1GB_1,690,000|12TB, ST12000VE003_70원/1GB_844,000"
104966987,Seagate SkyHawk AI 패키지 7200/512M ST32000VE000,0,0,0,0,0,0,"4x32TB_85원/1GB_10,860,000|2x32TB_86원/1GB_5,486,000",0,"4x32TB_85원/1GB_10,860,000|2x32TB_86원/1GB_5,486,000"
104966996,Seagate SkyHawk AI 패키지 7200/512M ST32000VE000,0,0,0,0,0,0,"4x32TB_85원/1GB_10,860,000|2x32TB_86원/1GB_5,486,000",0,"4x32TB_85원/1GB_10,860,000|2x32TB_86원/1GB_5,486,000"
3335803,Seagate SpinPoint F3 SATA2/7200/16M/해외구매,0,0,0,0,0,0,"ST500DM005, 500GB_560원/1GB_280,000",0,"ST500DM005, 500GB_560원/1GB_280,000"
3286546,Seagate Video SATA/5900/64M/해외구매,0,0,0,0,0,0,"4TB, ST4000VM000_51원/1GB_202,500",0,"4TB, ST4000VM000_51원/1GB_202,500"
9416958,Sebap Amigos 5400/256M/리퍼비시,0,0,0,0,0,0,"6TB, SM1600RS_43원/1GB_257,330",0,"6TB, SM1600RS_43원/1GB_257,330"
7137502,Sebap Amigos 5400/64M/리퍼비시,0,0,0,0,0,0,"4TB, SM1400RS_31원/1GB_125,990|3TB, SM1300RS_57원/1GB_170,820|2TB, SM1200RS_76원/1GB_152,400",0,"4TB, SM1400RS_31원/1GB_125,990|3TB, SM1300RS_57원/1GB_170,820|2TB, SM1200RS_76원/1GB_152,400"
7137016,Sebap Amigos 7200/32M/리퍼비시,0,0,0,0,0,0,"500GB, SM1050RS_176원/1GB_88,000",0,"500GB, SM1050RS_176원/1GB_88,000"
7137346,Sebap Amigos 7200/64M/리퍼비시,0,0,0,0,0,0,"1TB, SM1100RS_134원/1GB_133,980",0,"1TB, SM1100RS_134원/1GB_133,980"
20674850,Sebap BUSCAR CCTV 5400/64M/리퍼비시,0,0,0,0,0,0,"6TB, SVP1600RS_52원/1GB_310,320|5TB, SVP1500RS_37원/1GB_184,500|4TB, SVP1400RS_57원/1GB_229,990|3TB, SVP1300RS_60원/1GB_180,950|2TB, SVP1200RS_76원/1GB_152,270|1TB, SVP1100RS_135원/1GB_135,280",0,"6TB, SVP1600RS_52원/1GB_310,320|5TB, SVP1500RS_37원/1GB_184,500|4TB, SVP1400RS_57원/1GB_229,990|3TB, SVP1300RS_60원/1GB_180,950|2TB, SVP1200RS_76원/1GB_152,270|1TB, SVP1100RS_135원/1GB_135,280"
6669655,Sebap Brillante 5400/128M/노트북용/리퍼비시,0,0,0,0,0,0,"500GB, SM500RS_154원/1GB_77,040",0,"500GB, SM500RS_154원/1GB_77,040"
99478238,Synology Enterprise Series 7200/512M/해외구매,0,0,0,0,0,0,"18TB, HAT5310-18T_67원/1GB_1,208,050",0,"18TB, HAT5310-18T_67원/1GB_1,208,050"
20441486,Synology Plus Series 5400/256M,0,0,0,0,0,0,"8TB, HAT3300-8T_84원/1GB_669,990|6TB, HAT3300-6T_81원/1GB_488,990|4TB, HAT3300-4T_86원/1GB_343,980|2TB, HAT3300-2T_185원/1GB_370,000",0,"8TB, HAT3300-8T_84원/1GB_669,990|6TB, HAT3300-6T_81원/1GB_488,990|4TB, HAT3300-4T_86원/1GB_343,980|2TB, HAT3300-2T_185원/1GB_370,000"
65224205,Synology Plus Series 5400/256M/해외구매,0,0,0,0,0,0,"4TB, HAT3300-4T_69원/1GB_274,500",0,"4TB, HAT3300-4T_69원/1GB_274,500"
123669765,Synology Plus Series 7200/1000M,0,0,0,0,0,0,"20TB, HAT3320-20T_61원/1GB_1,214,990",0,"20TB, HAT3320-20T_61원/1GB_1,214,990"
20441531,Synology Plus Series 7200/256M,0,0,0,0,0,0,"12TB, HAT3300-12T_71원/1GB_852,990|8TB, HAT3310-8T_84원/1GB_669,990",0,"12TB, HAT3300-12T_71원/1GB_852,990|8TB, HAT3310-8T_84원/1GB_669,990"
33440654,Synology Plus Series 7200/256M/해외구매,0,0,0,0,0,0,"8TB, HAT3310-8T_89원/1GB_709,000",0,"8TB, HAT3310-8T_89원/1GB_709,000"
33421079,Synology Plus Series 7200/512M,0,0,0,0,0,0,"16TB, HAT3310-16T_64원/1GB_1,017,980|12TB, HAT3310-12T_71원/1GB_852,990|8TB, HAT3320-8T_84원/1GB_669,990",0,0
38345558,Synology Plus Series 7200/512M,0,0,0,0,0,0,"16TB, HAT3310-16T_64원/1GB_1,017,980|12TB, HAT3310-12T_71원/1GB_852,990|8TB, HAT3320-8T_84원/1GB_669,990",0,"16TB, HAT3310-16T_64원/1GB_1,017,980|12TB, HAT3310-12T_71원/1GB_852,990|8TB, HAT3320-8T_84원/1GB_669,990"
33440615,Synology Plus Series 7200/512M/해외구매,0,0,0,0,0,0,"12TB, HAT3310-12T_107원/1GB_1,286,800",0,"12TB, HAT3310-12T_107원/1GB_1,286,800"
73560314,Western Digital Ultrastar DC HA340 7200/256M,0,0,0,0,0,0,"8TB, WUS721208BLE6L4_86원/1GB_687,120|6TB, WUS721206BLE6L4_95원/1GB_568,940|4TB, WUS721204BLE6L4_115원/1GB_458,990",0,"8TB, WUS721208BLE6L4_86원/1GB_687,110|6TB, WUS721206BLE6L4_95원/1GB_568,930|4TB, WUS721204BLE6L4_115원/1GB_458,990"
80979842,Western Digital Ultrastar DC HA340 7200/256M,0,0,0,0,0,0,"8TB, WUS721208BLE6L4_86원/1GB_687,120|6TB, WUS721206BLE6L4_95원/1GB_568,940|4TB, WUS721204BLE6L4_115원/1GB_458,990",0,"8TB, WUS721208BLE6L4_86원/1GB_687,110|6TB, WUS721206BLE6L4_95원/1GB_568,930|4TB, WUS721204BLE6L4_115원/1GB_458,990"
124278364,Western Digital Ultrastar DC HA340 7200/512M,0,0,0,0,0,0,"12TB, WUS721212BLE6L4_80원/1GB_965,950|10TB, WUS721210BLE6L4_70원/1GB_838,980",0,"12TB, WUS721212BLE6L4_80원/1GB_965,940|10TB, WUS721210BLE6L4_70원/1GB_838,980"
94812245,Western Digital Ultrastar DC HA340 7200/512M,0,0,0,0,0,0,"12TB, WUS721212BLE6L4_80원/1GB_965,950|10TB, WUS721210BLE6L4_70원/1GB_838,980",0,"12TB, WUS721212BLE6L4_80원/1GB_965,940|10TB, WUS721210BLE6L4_70원/1GB_838,980"
73560386,Western Digital Ultrastar DC HA340 박스 패키지 7200/256M WUS721208BLE604,0,0,0,0,0,0,"2x8TB_92원/1GB_1,474,000",0,"2x8TB_92원/1GB_1,474,000"
76875500,Western Digital Ultrastar DC HA340 패키지 7200/256M WUS721204BLE6L4,0,0,0,0,0,0,"8x4TB_118원/1GB_3,791,730|4x4TB_106원/1GB_1,697,880|2x4TB_117원/1GB_939,340",0,"8x4TB_118원/1GB_3,791,710|4x4TB_110원/1GB_1,763,180|2x4TB_117원/1GB_939,340"
76875509,Western Digital Ultrastar DC HA340 패키지 7200/256M WUS721204BLE6L4,0,0,0,0,0,0,"8x4TB_118원/1GB_3,791,730|4x4TB_106원/1GB_1,697,880|2x4TB_117원/1GB_939,340",0,"8x4TB_118원/1GB_3,791,710|4x4TB_110원/1GB_1,763,180|2x4TB_117원/1GB_939,340"
124237549,Western Digital Ultrastar DC HA340 패키지 7200/256M WUS721206BLE6L4,0,0,0,0,0,0,"8x6TB_104원/1GB_4,991,570|4x6TB_102원/1GB_2,436,580|2x6TB_103원/1GB_1,234,790",0,"8x6TB_104원/1GB_4,991,550|4x6TB_102원/1GB_2,436,580|2x6TB_103원/1GB_1,234,790"
124278335,Western Digital Ultrastar DC HA340 패키지 7200/256M WUS721206BLE6L4,0,0,0,0,0,0,"8x6TB_104원/1GB_4,991,570|4x6TB_102원/1GB_2,436,580|2x6TB_103원/1GB_1,234,790",0,"8x6TB_104원/1GB_4,991,550|4x6TB_102원/1GB_2,436,580|2x6TB_103원/1GB_1,234,790"
124225798,Western Digital Ultrastar DC HA340 패키지 7200/256M WUS721208BLE6L4,0,0,0,0,0,0,"8x8TB_85원/1GB_5,471,030|4x8TB_86원/1GB_2,737,910|2x8TB_86원/1GB_1,368,310",0,"8x8TB_85원/1GB_5,470,910|4x8TB_86원/1GB_2,737,910|2x8TB_86원/1GB_1,368,310"
124278339,Western Digital Ultrastar DC HA340 패키지 7200/256M WUS721208BLE6L4,0,0,0,0,0,0,"8x8TB_85원/1GB_5,471,030|4x8TB_86원/1GB_2,737,910|2x8TB_86원/1GB_1,368,310",0,"8x8TB_85원/1GB_5,470,910|4x8TB_86원/1GB_2,737,910|2x8TB_86원/1GB_1,368,310"
124278365,Western Digital Ultrastar DC HA340 패키지 7200/512M WUS721210BLE6L4,0,0,0,0,0,0,"8x10TB_70원/1GB_6,719,990|4x10TB_72원/1GB_3,459,740|2x10TB_72원/1GB_1,733,660",0,"8x10TB_70원/1GB_6,719,990|4x10TB_72원/1GB_3,459,720|2x10TB_72원/1GB_1,733,540"
124278367,Western Digital Ultrastar DC HA340 패키지 7200/512M WUS721210BLE6L4,0,0,0,0,0,0,"8x10TB_70원/1GB_6,719,990|4x10TB_72원/1GB_3,459,740|2x10TB_72원/1GB_1,733,660",0,"8x10TB_70원/1GB_6,719,990|4x10TB_72원/1GB_3,459,720|2x10TB_72원/1GB_1,733,540"
124237586,Western Digital Ultrastar DC HA340 패키지 7200/512M WUS721212BLE6L4,0,0,0,0,0,0,"8x12TB_82원/1GB_7,830,730|4x12TB_79원/1GB_3,793,750|2x12TB_78원/1GB_1,874,240",0,"8x12TB_82원/1GB_7,830,710|4x12TB_79원/1GB_3,783,720|2x12TB_78원/1GB_1,864,210"
124238293,Western Digital Ultrastar DC HA340 패키지 7200/512M WUS721212BLE6L4,0,0,0,0,0,0,"8x12TB_82원/1GB_7,830,730|4x12TB_79원/1GB_3,793,750|2x12TB_78원/1GB_1,874,240",0,"8x12TB_82원/1GB_7,830,710|4x12TB_79원/1GB_3,783,720|2x12TB_78원/1GB_1,864,210"
7298146,Western Digital Ultrastar DC HC310 7200/256M,0,0,0,0,0,0,"6TB, HUS726T6TALE6L4_104원/1GB_621,820|4TB, HUS726T4TALA6L4_90원/1GB_361,710",0,"6TB, HUS726T6TALE6L4_104원/1GB_621,800|4TB, HUS726T4TALA6L4_90원/1GB_361,710"
7298104,Western Digital Ultrastar DC HC310 SAS/7200/256M,0,0,0,0,0,0,"6TB, HUS726T6TAL5204_98원/1GB_588,990|4TB, HUS726T4TAL5204_119원/1GB_474,040",0,"6TB, HUS726T6TAL5204_98원/1GB_588,990|4TB, HUS726T4TAL5204_119원/1GB_474,040"
7617088,Western Digital Ultrastar DC HC310 박스 패키지 7200/256M HUS726T6TALE6L4,0,0,0,0,0,0,"4x6TB_100원/1GB_2,408,520|2x6TB_99원/1GB_1,190,390|6TB_105원/1GB_628,990",0,"4x6TB_100원/1GB_2,408,500|2x6TB_99원/1GB_1,190,390|6TB_105원/1GB_628,990"
6443865,Western Digital Ultrastar DC HC320 7200/256M,0,0,0,0,0,0,"8TB, HUS728T8TALE6L4_85원/1GB_676,570",0,"8TB, HUS728T8TALE6L4_85원/1GB_676,470"
7298278,Western Digital Ultrastar DC HC320 SAS/7200/256M,0,0,0,0,0,0,"8TB, HUS728T8TAL5204_91원/1GB_728,980",0,"8TB, HUS728T8TAL5204_91원/1GB_728,980"
13227035,Western Digital Ultrastar DC HC320 SAS/7200/256M/해외구매,0,0,0,0,0,0,"8TB, HUS728T8TAL5204_59원/1GB_473,000",0,0
10339344,Western Digital Ultrastar DC HC330 7200/256M,0,0,0,0,0,0,"10TB, WUS721010ALE6L4_84원/1GB_844,540",0,"10TB, WUS721010ALE6L4_84원/1GB_844,540"
7297303,Western Digital Ultrastar DC HC520 7200/256M,0,0,0,0,0,0,"12TB, HUH721212ALE600_84원/1GB_1,008,980",0,"12TB, HUH721212ALE600_84원/1GB_1,008,980"
13227497,Western Digital Ultrastar DC HC520 7200/256M/해외구매,0,0,0,0,0,0,"12TB, HUH721212ALE600_70원/1GB_840,000",0,0
7297729,Western Digital Ultrastar DC HC520 SAS/7200/256M,0,0,0,0,0,0,"12TB, HUH721212AL5204_82원/1GB_978,000",0,0
7080283,Western Digital Ultrastar DC HC530 7200/512M,0,0,0,0,0,0,"14TB, WUH721414ALE6L4_86원/1GB_1,199,000",0,"14TB, WUH721414ALE6L4_86원/1GB_1,199,000"
10059927,Western Digital Ultrastar DC HC530 SAS/7200/512M,0,0,0,0,0,0,"14TB, WUH721414AL5204_79원/1GB_1,108,990",0,"14TB, WUH721414AL5204_79원/1GB_1,108,990"
7617349,Western Digital Ultrastar DC HC530 박스 패키지 7200/512M WUH721414ALE6L4,0,0,0,0,0,0,"4x14TB_85원/1GB_4,776,000|2x14TB_85원/1GB_2,392,000|14TB_86원/1GB_1,199,000",0,"4x14TB_85원/1GB_4,776,000|2x14TB_85원/1GB_2,392,000|14TB_86원/1GB_1,199,000"
12068405,Western Digital Ultrastar DC HC550 7200/512M,0,0,0,0,0,0,"18TB, WUH721818ALE6L4_83원/1GB_1,490,000|16TB, WUH721816ALE6L4_83원/1GB_1,323,580|14TB, WUH721814ALE6L4_78원/1GB_1,089,000",0,"18TB, WUH721818ALE6L4_83원/1GB_1,490,000|16TB, WUH721816ALE6L4_83원/1GB_1,323,480|14TB, WUH721814ALE6L4_78원/1GB_1,089,000"
12068387,Western Digital Ultrastar DC HC550 7200/512M,0,0,0,0,0,0,0,0,"18TB, WUH721818ALE6L4_83원/1GB_1,490,000|16TB, WUH721816ALE6L4_83원/1GB_1,323,480|14TB, WUH721814ALE6L4_78원/1GB_1,089,000"
20276816,Western Digital Ultrastar DC HC550 7200/512M/해외구매,0,0,0,0,0,0,"18TB, WUH721818ALE6L4_78원/1GB_1,396,000|16TB, WUH721816ALE6L4_77원/1GB_1,228,000",0,"18TB, WUH721818ALE6L4_78원/1GB_1,396,000|16TB, WUH721816ALE6L4_77원/1GB_1,228,000"
12068492,Western Digital Ultrastar DC HC550 SAS/7200/512M,0,0,0,0,0,0,"18TB, WUH721818AL5204_84원/1GB_1,507,840|16TB, WUH721816AL5204_82원/1GB_1,308,990",0,"18TB, WUH721818AL5204_84원/1GB_1,507,820|16TB, WUH721816AL5204_82원/1GB_1,308,990"
13226939,Western Digital Ultrastar DC HC550 SAS/7200/512M/해외구매,0,0,0,0,0,0,"18TB, WUH721818AL5204_90원/1GB_1,620,000|16TB, WUH721816AL5204_53원/1GB_842,000",0,"18TB, WUH721818AL5204_90원/1GB_1,620,000|16TB, WUH721816AL5204_53원/1GB_842,000"
73561691,Western Digital Ultrastar DC HC550 박스 패키지 7200/512M WUH721814ALE6L4,0,0,0,0,0,0,"4x14TB_80원/1GB_4,474,080|2x14TB_81원/1GB_2,274,480|14TB_88원/1GB_1,229,990",0,"4x14TB_80원/1GB_4,473,960|2x14TB_81원/1GB_2,274,460|14TB_88원/1GB_1,229,990"
73561721,Western Digital Ultrastar DC HC550 박스 패키지 7200/512M WUH721814ALE6L4,0,0,0,0,0,0,"4x14TB_80원/1GB_4,474,080|2x14TB_81원/1GB_2,274,480|14TB_88원/1GB_1,229,990",0,"4x14TB_80원/1GB_4,473,960|2x14TB_81원/1GB_2,274,460|14TB_88원/1GB_1,229,990"
94812674,Western Digital Ultrastar DC HC555 7200/512M,0,0,0,0,0,0,"20TB, WUH722020CLE6L4_81원/1GB_1,624,750|18TB, WUH722018CLE6L4_80원/1GB_1,443,360|16TB, WUH722016CLE6L4_77원/1GB_1,235,300|14TB, WUH722014CLE6L4_78원/1GB_1,088,920",0,"20TB, WUH722020CLE6L4_81원/1GB_1,624,630|18TB, WUH722018CLE6L4_80원/1GB_1,443,350|16TB, WUH722016CLE6L4_77원/1GB_1,235,290|14TB, WUH722014CLE6L4_78원/1GB_1,088,910"
94815044,Western Digital Ultrastar DC HC555 7200/512M,0,0,0,0,0,0,"20TB, WUH722020CLE6L4_81원/1GB_1,624,750|18TB, WUH722018CLE6L4_80원/1GB_1,443,360|16TB, WUH722016CLE6L4_77원/1GB_1,235,300|14TB, WUH722014CLE6L4_78원/1GB_1,088,920",0,"20TB, WUH722020CLE6L4_81원/1GB_1,624,630|18TB, WUH722018CLE6L4_80원/1GB_1,443,350|16TB, WUH722016CLE6L4_77원/1GB_1,235,290|14TB, WUH722014CLE6L4_78원/1GB_1,088,910"
94812779,Western Digital Ultrastar DC HC555 박스 패키지 7200/512M WUH722014CLE6L4,0,0,0,0,0,0,"2x14TB_85원/1GB_2,392,000|4x14TB_85원/1GB_4,776,000|14TB_86원/1GB_1,199,000",0,"2x14TB_85원/1GB_2,392,000|4x14TB_85원/1GB_4,776,000|14TB_86원/1GB_1,199,000"
78711641,Western Digital Ultrastar DC HC555 박스 패키지 7200/512M WUH722016CLE6L4,0,0,0,0,0,0,"2x16TB_85원/1GB_2,732,000|4x16TB_85원/1GB_5,456,000|16TB_86원/1GB_1,369,000",0,"2x16TB_85원/1GB_2,732,000|4x16TB_85원/1GB_5,456,000|16TB_86원/1GB_1,369,000"
73948778,Western Digital Ultrastar DC HC555 박스 패키지 7200/512M WUH722018CLE6L4,0,0,0,0,0,0,"4x18TB_87원/1GB_6,256,000|2x18TB_87원/1GB_3,132,000|18TB_87원/1GB_1,569,000",0,"4x18TB_87원/1GB_6,256,000|2x18TB_87원/1GB_3,132,000|18TB_87원/1GB_1,569,000"
73948865,Western Digital Ultrastar DC HC555 박스 패키지 7200/512M WUH722018CLE6L4,0,0,0,0,0,0,"4x18TB_87원/1GB_6,256,000|2x18TB_87원/1GB_3,132,000|18TB_87원/1GB_1,569,000",0,"4x18TB_87원/1GB_6,256,000|2x18TB_87원/1GB_3,132,000|18TB_87원/1GB_1,569,000"
94815101,Western Digital Ultrastar DC HC555 박스 패키지 7200/512M WUH722020CLE6L4,0,0,0,0,0,0,"2x20TB_86원/1GB_3,434,000|20TB_88원/1GB_1,769,000",0,"2x20TB_86원/1GB_3,434,000|20TB_88원/1GB_1,769,000"
124237736,Western Digital Ultrastar DC HC555 패키지 7200/512M WUH722014CLE6L4,0,0,0,0,0,0,"8x14TB_81원/1GB_9,111,120|4x14TB_78원/1GB_4,383,280|2x14TB_79원/1GB_2,217,020",0,"8x14TB_81원/1GB_9,111,100|4x14TB_78원/1GB_4,375,990|2x14TB_79원/1GB_2,217,020"
124237756,Western Digital Ultrastar DC HC555 패키지 7200/512M WUH722014CLE6L4,0,0,0,0,0,0,"8x14TB_81원/1GB_9,111,120|4x14TB_78원/1GB_4,383,280|2x14TB_79원/1GB_2,217,020",0,"8x14TB_81원/1GB_9,111,100|4x14TB_78원/1GB_4,375,990|2x14TB_79원/1GB_2,217,020"
124238182,Western Digital Ultrastar DC HC555 패키지 7200/512M WUH722016CLE6L4,0,0,0,0,0,0,"8x16TB_82원/1GB_10,435,440|4x16TB_79원/1GB_5,055,990|2x16TB_78원/1GB_2,488,050",0,"8x16TB_82원/1GB_10,435,420|4x16TB_79원/1GB_5,055,990|2x16TB_77원/1GB_2,478,020"
124238150,Western Digital Ultrastar DC HC555 패키지 7200/512M WUH722016CLE6L4,0,0,0,0,0,0,"8x16TB_82원/1GB_10,435,440|4x16TB_79원/1GB_5,055,990|2x16TB_78원/1GB_2,488,050",0,"8x16TB_82원/1GB_10,435,420|4x16TB_79원/1GB_5,055,990|2x16TB_77원/1GB_2,478,020"
76162442,Western Digital Ultrastar DC HC555 패키지 7200/512M WUH722018CLE6L4,0,0,0,0,0,0,"8x18TB_83원/1GB_11,971,520|4x18TB_81원/1GB_5,855,020|2x18TB_79원/1GB_2,860,030",0,"8x18TB_83원/1GB_11,971,500|4x18TB_81원/1GB_5,854,900|2x18TB_79원/1GB_2,850,000"
76162451,Western Digital Ultrastar DC HC555 패키지 7200/512M WUH722018CLE6L4,0,0,0,0,0,0,"8x18TB_83원/1GB_11,971,520|4x18TB_81원/1GB_5,855,020|2x18TB_79원/1GB_2,860,030",0,"8x18TB_83원/1GB_11,971,500|4x18TB_81원/1GB_5,854,900|2x18TB_79원/1GB_2,850,000"
124238223,Western Digital Ultrastar DC HC555 패키지 7200/512M WUH722020CLE6L4,0,0,0,0,0,0,"8x20TB_82원/1GB_13,132,500|4x20TB_83원/1GB_6,654,960|2x20TB_86원/1GB_3,449,910",0,"8x20TB_82원/1GB_13,132,380|4x20TB_83원/1GB_6,654,840|2x20TB_86원/1GB_3,449,890"
124238235,Western Digital Ultrastar DC HC555 패키지 7200/512M WUH722020CLE6L4,0,0,0,0,0,0,"8x20TB_82원/1GB_13,132,500|4x20TB_83원/1GB_6,654,960|2x20TB_86원/1GB_3,449,910",0,"8x20TB_82원/1GB_13,132,380|4x20TB_83원/1GB_6,654,840|2x20TB_86원/1GB_3,449,890"
16534316,Western Digital Ultrastar DC HC560 7200/512M,0,0,0,0,0,0,"20TB, WUH722020ALE6L4_81원/1GB_1,627,470|20TB, WUH722020BLE6L4_88원/1GB_1,767,000",0,"20TB, WUH722020ALE6L4_81원/1GB_1,627,470|20TB, WUH722020BLE6L4_88원/1GB_1,767,000"
18532622,Western Digital Ultrastar DC HC560 SAS/7200/512M,0,0,0,0,0,0,"20TB, WUH722020BL5204_80원/1GB_1,599,700",0,"20TB, WUH722020BL5204_80원/1GB_1,599,680"
16638548,Western Digital Ultrastar DC HC560 박스 패키지 7200/512M WUH722020ALE6L4,0,0,0,0,0,0,"4x20TB_81원/1GB_6,511,460|2x20TB_83원/1GB_3,300,340|20TB_83원/1GB_1,659,620",0,"4x20TB_81원/1GB_6,511,440|2x20TB_83원/1GB_3,300,320|20TB_83원/1GB_1,659,600"
69470558,Western Digital Ultrastar DC HC560 박스 패키지 7200/512M WUH722020BLE6L4,0,0,0,0,0,0,"4x20TB_88원/1GB_7,020,000|2x20TB_89원/1GB_3,560,000",0,"4x20TB_88원/1GB_7,020,000|2x20TB_89원/1GB_3,560,000"
17645129,Western Digital Ultrastar DC HC570 7200/512M,0,0,0,0,0,0,"22TB, WUH722222ALE6L4_77원/1GB_1,698,000",0,"22TB, WUH722222ALE6L4_77원/1GB_1,698,000"
19321856,Western Digital Ultrastar DC HC570 7200/512M/해외구매,0,0,0,0,0,0,"22TB, WUH722222ALE6L4_64원/1GB_1,412,990",0,"22TB, WUH722222ALE6L4_64원/1GB_1,412,990"
17645645,Western Digital Ultrastar DC HC570 박스 패키지 7200/512M WUH722222ALE6L4,0,0,0,0,0,0,"4x22TB_75원/1GB_6,570,000|2x22TB_75원/1GB_3,289,000|22TB_75원/1GB_1,646,500",0,"4x22TB_75원/1GB_6,570,000|2x22TB_75원/1GB_3,289,000|22TB_75원/1GB_1,646,500"
94815338,Western Digital Ultrastar DC HC580 7200/512M,0,0,0,0,0,0,"24TB, WUH722424ALE6L4_78원/1GB_1,987,680|22TB, WUH722422ALE6L4_81원/1GB_1,779,920",0,0
43923137,Western Digital Ultrastar DC HC580 7200/512M,0,0,0,0,0,0,"24TB, WUH722424ALE6L4_78원/1GB_1,987,680|22TB, WUH722422ALE6L4_81원/1GB_1,779,920",0,"24TB, WUH722424ALE6L4_83원/1GB_1,987,560|22TB, WUH722422ALE6L4_81원/1GB_1,779,910"
102005171,Western Digital Ultrastar DC HC580 SAS/7200/512M,0,0,0,0,0,0,"24TB, WUH722424AL5204_85원/1GB_2,039,000|22TB, WUH722422AL5204_85원/1GB_1,868,980",0,"24TB, WUH722424AL5204_85원/1GB_2,038,990|22TB, WUH722422AL5204_85원/1GB_1,868,980"
76402004,Western Digital Ultrastar DC HC580 SAS/7200/512M,0,0,0,0,0,0,"24TB, WUH722424AL5204_85원/1GB_2,039,000|22TB, WUH722422AL5204_85원/1GB_1,868,980",0,"24TB, WUH722424AL5204_85원/1GB_2,038,990|22TB, WUH722422AL5204_85원/1GB_1,868,980"
94815359,Western Digital Ultrastar DC HC580 박스 패키지 7200/512M WUH722422ALE6L4,0,0,0,0,0,0,"4x22TB_83원/1GB_7,260,000|22TB_87원/1GB_1,919,000",0,"4x22TB_83원/1GB_7,260,000|22TB_87원/1GB_1,919,000"
43931435,Western Digital Ultrastar DC HC580 박스 패키지 7200/512M WUH722424ALE6L4,0,0,0,0,0,0,"4x24TB_80원/1GB_7,726,050|2x24TB_80원/1GB_3,861,980|24TB_81원/1GB_1,944,270",0,0
124238042,Western Digital Ultrastar DC HC580 패키지 7200/512M WUH722422ALE6L4,0,0,0,0,0,0,"8x22TB_83원/1GB_14,659,560|4x22TB_82원/1GB_7,254,790|2x22TB_80원/1GB_3,528,610",0,"8x22TB_83원/1GB_14,659,540|4x22TB_82원/1GB_7,254,670|2x22TB_80원/1GB_3,528,610"
124238253,Western Digital Ultrastar DC HC580 패키지 7200/512M WUH722422ALE6L4,0,0,0,0,0,0,"8x22TB_83원/1GB_14,659,560|4x22TB_82원/1GB_7,254,790|2x22TB_80원/1GB_3,528,610",0,"8x22TB_83원/1GB_14,659,540|4x22TB_82원/1GB_7,254,670|2x22TB_80원/1GB_3,528,610"
94815440,Western Digital Ultrastar DC HC590 7200/512M,0,0,0,0,0,0,"26TB, WUH722626ALE6L4_78원/1GB_2,036,990|24TB, WUH722624ALE6L4_79원/1GB_1,906,940",0,"26TB, WUH722626ALE6L4_78원/1GB_2,036,990|24TB, WUH722624ALE6L4_79원/1GB_1,906,930"
77788532,Western Digital Ultrastar DC HC590 7200/512M,0,0,0,0,0,0,"26TB, WUH722626ALE6L4_78원/1GB_2,036,990|24TB, WUH722624ALE6L4_79원/1GB_1,906,940",0,"26TB, WUH722626ALE6L4_78원/1GB_2,036,990|24TB, WUH722624ALE6L4_79원/1GB_1,906,930"
91346153,Western Digital Ultrastar DC HC590 7200/512M/해외구매,0,0,0,0,0,0,"26TB, WUH722626ALE6L4_68원/1GB_1,763,000",0,"26TB, WUH722626ALE6L4_68원/1GB_1,763,000"
77788715,Western Digital Ultrastar DC HC590 SAS/7200/512M,0,0,0,0,0,0,"26TB, WUH722626AL5204_86원/1GB_2,244,020|24TB, WUH722624AL5204_85원/1GB_2,038,980",0,"26TB, WUH722626AL5204_86원/1GB_2,244,020|24TB, WUH722624AL5204_85원/1GB_2,038,980"
94815530,Western Digital Ultrastar DC HC590 박스 패키지 7200/512M WUH722624ALE6L4,0,0,0,0,0,0,"24TB_86원/1GB_2,069,000",0,"24TB_86원/1GB_2,069,000"
78101576,Western Digital Ultrastar DC HC590 박스 패키지 7200/512M WUH722626ALE6L4,0,0,0,0,0,0,"26TB_87원/1GB_2,259,000",0,"26TB_87원/1GB_2,259,000"
124217622,Western Digital Ultrastar DC HC590 패키지 7200/512M WUH722624ALE6L4,0,0,0,0,0,0,"8x24TB_82원/1GB_15,811,460|4x24TB_82원/1GB_7,854,870|2x24TB_79원/1GB_3,790,030",0,"8x24TB_82원/1GB_15,811,440|4x24TB_82원/1GB_7,854,850|2x24TB_79원/1GB_3,782,500"
124238090,Western Digital Ultrastar DC HC590 패키지 7200/512M WUH722624ALE6L4,0,0,0,0,0,0,"8x24TB_82원/1GB_15,811,460|4x24TB_82원/1GB_7,854,870|2x24TB_79원/1GB_3,790,030",0,"8x24TB_82원/1GB_15,811,440|4x24TB_82원/1GB_7,854,850|2x24TB_79원/1GB_3,780,000"
92687015,Western Digital Ultrastar DC HC590 패키지 7200/512M WUH722626ALE6L4,0,0,0,0,0,0,"8x26TB_83원/1GB_17,270,740|4x26TB_81원/1GB_8,451,240|2x26TB_79원/1GB_4,111,990",0,"8x26TB_83원/1GB_17,270,720|4x26TB_81원/1GB_8,451,120|2x26TB_79원/1GB_4,111,990"
92687144,Western Digital Ultrastar DC HC590 패키지 7200/512M WUH722626ALE6L4,0,0,0,0,0,0,"8x26TB_83원/1GB_17,270,740|4x26TB_81원/1GB_8,451,240|2x26TB_79원/1GB_4,111,990",0,"8x26TB_83원/1GB_17,270,720|4x26TB_81원/1GB_8,451,120|2x26TB_79원/1GB_4,111,990"
68534528,Western Digital WD BLACK 7200/256M/해외구매,0,0,0,0,0,0,"8TB, WD8002FZBX_108원/1GB_865,000|8TB, WD8001FZBX_68원/1GB_540,600|4TB, WD4005FZBX_103원/1GB_410,000",0,"8TB, WD8002FZBX_108원/1GB_865,000|8TB, WD8001FZBX_68원/1GB_540,600|4TB, WD4005FZBX_103원/1GB_410,000"
80570033,Western Digital WD BLACK 7200/512M/해외구매,0,0,0,0,0,0,"10TB, WD102FZBX_43원/1GB_426,630",0,"10TB, WD102FZBX_43원/1GB_426,630"
2885838,Western Digital WD BLACK 7200/64M/해외구매,0,0,0,0,0,0,"WD2003FZEX, 2TB_118원/1GB_235,000",0,"WD2003FZEX, 2TB_118원/1GB_235,000"
104374406,Western Digital WD Blue 5400/128M,0,0,0,0,0,0,"4TB, WD40EZZX_72원/1GB_286,640",0,"4TB, WD40EZZX_72원/1GB_286,640"
123845463,Western Digital WD Blue 5400/128M/해외구매,0,0,0,0,0,0,"4TB, WD40EZZX_54원/1GB_215,940",0,"4TB, WD40EZZX_54원/1GB_215,940"
20033990,Western Digital WD Blue 5400/256M,0,0,0,0,0,0,"6TB, WD60EZAX_66원/1GB_398,580|3TB, WD30EZAX_103원/1GB_307,990",0,"6TB, WD60EZAX_66원/1GB_398,580|3TB, WD30EZAX_103원/1GB_307,990"
124011983,Western Digital WD Blue 5400/256M/중고,0,0,0,0,0,0,0,0,"4TB, WD40EZAZ_49원/1GB_195,000"
14785154,Western Digital WD Blue 5400/256M/해외구매,0,0,0,0,0,0,"6TB, WD60EZAZ_55원/1GB_327,500|6TB, WD60EZAX_68원/1GB_410,690|4TB, WD40EZAX_68원/1GB_270,630|4TB, WD40EZAZ_55원/1GB_218,250|3TB, WD30EZAX_100원/1GB_299,000",0,"6TB, WD60EZAZ_55원/1GB_327,500|6TB, WD60EZAX_68원/1GB_410,690|4TB, WD40EZAX_68원/1GB_270,630|4TB, WD40EZAZ_55원/1GB_218,250|3TB, WD30EZAX_100원/1GB_299,000"
31477805,Western Digital WD Blue 5400/64M,0,0,0,0,0,0,"2TB, WD20EARZ_91원/1GB_181,080|1TB, WD10EARZ_219원/1GB_218,890",0,"2TB, WD20EARZ_91원/1GB_181,080|1TB, WD10EARZ_219원/1GB_218,890"
13808963,Western Digital WD Blue 5400/64M/해외구매,0,0,0,0,0,0,"4TB, WD40EZRZ_66원/1GB_263,620|2TB, WD20EZRZ_72원/1GB_143,810|2TB, WD20EARZ_81원/1GB_161,230|1TB, WD10EZRZ_140원/1GB_140,000|500GB, WD5000AZRZ_240원/1GB_120,000",0,"4TB, WD40EZRZ_66원/1GB_263,620|2TB, WD20EZRZ_72원/1GB_143,810|2TB, WD20EARZ_81원/1GB_161,230|1TB, WD10EZRZ_140원/1GB_140,000|500GB, WD5000AZRZ_240원/1GB_120,000"
15765761,Western Digital WD Blue 5640/128M,0,0,0,0,0,0,"8TB, WD80EAZZ_62원/1GB_498,980",0,"8TB, WD80EAZZ_62원/1GB_498,980"
42286460,Western Digital WD Blue 5640/256M,0,0,0,0,0,0,"8TB, WD80EAAZ_50원/1GB_398,980",0,"8TB, WD80EAAZ_50원/1GB_398,970"
42286526,Western Digital WD Blue 5640/256M/해외구매,0,0,0,0,0,0,"8TB, WD80EAAZ_56원/1GB_451,080",0,"8TB, WD80EAAZ_56원/1GB_451,070"
13522751,Western Digital WD Blue 7200/256M,0,0,0,0,0,0,"2TB, WD20EZBX_121원/1GB_241,950",0,"2TB, WD20EZBX_121원/1GB_241,930"
5271955,Western Digital WD Blue 7200/32M/해외구매,0,0,0,0,0,0,"500GB, WD5000AZLX_143원/1GB_71,370",0,"500GB, WD5000AZLX_143원/1GB_71,370"
91351049,Western Digital WD Blue 7200/512M,0,0,0,0,0,0,"12TB, WD120EAGZ_72원/1GB_869,060|10TB, WD100EAGZ_71원/1GB_707,000",0,"12TB, WD120EAGZ_72원/1GB_869,060|10TB, WD100EAGZ_71원/1GB_707,000"
91351064,Western Digital WD Blue 7200/512M,0,0,0,0,0,0,"12TB, WD120EAGZ_72원/1GB_869,060|10TB, WD100EAGZ_71원/1GB_707,000",0,"12TB, WD120EAGZ_72원/1GB_869,060|10TB, WD100EAGZ_71원/1GB_707,000"
91495454,Western Digital WD Blue 7200/512M/해외구매,0,0,0,0,0,0,"10TB, WD100EAGZ_66원/1GB_661,390|12TB, WD120EAGZ_62원/1GB_739,300",0,"10TB, WD100EAGZ_66원/1GB_661,390|12TB, WD120EAGZ_62원/1GB_739,300"
92149715,Western Digital WD Blue 7200/512M/해외구매,0,0,0,0,0,0,"10TB, WD100EAGZ_66원/1GB_661,390|12TB, WD120EAGZ_62원/1GB_739,300",0,"10TB, WD100EAGZ_66원/1GB_661,390|12TB, WD120EAGZ_62원/1GB_739,300"
1706996,Western Digital WD Blue 7200/64M,0,0,0,0,0,0,"1TB, WD10EZEX_228원/1GB_228,120",0,"1TB, WD10EZEX_228원/1GB_228,050"
123845369,Western Digital WD Blue 7200/64M/중고,0,0,0,0,0,0,"1TB, WD10EZEX_40원/1GB_39,900",0,"1TB, WD10EZEX_40원/1GB_39,900"
71904200,Western Digital WD Blue 7200/64M/해외구매,0,0,0,0,0,0,"1TB, WD10EZEX_176원/1GB_176,220",0,"1TB, WD10EZEX_176원/1GB_176,220"
2943785,Western Digital WD Caviar Black 7200/64M/해외구매,0,0,0,0,0,0,"WD1002FAEX, 1TB_81원/1GB_81,000",0,"WD1002FAEX, 1TB_81원/1GB_81,000"
2936147,Western Digital WD Caviar Blue 7200/16M/리퍼비시,0,0,0,0,0,0,"500GB, WD5000AAKX_74원/1GB_37,000",0,"500GB, WD5000AAKX_74원/1GB_37,000"
111984839,Western Digital WD Caviar Blue 7200/16M/중고,0,0,0,0,0,0,"500GB, WD5000AAKX_29원/1GB_14,500",0,"500GB, WD5000AAKX_29원/1GB_14,500"
2703466,Western Digital WD Caviar Blue 7200/64M/해외구매,0,0,0,0,0,0,"1TB, WD10EZEX_186원/1GB_186,000",0,0
124033216,Western Digital WD Caviar Blue SATA2/7200/16M/중고,0,0,0,0,0,0,0,0,"500GB, WD5000AAKS_82원/1GB_40,970"
15544226,Western Digital WD GOLD 7200/128M 해외구매,0,0,0,0,0,0,"2TB, WD2005FBYZ_125원/1GB_250,000|1TB, WD1005FBYZ_152원/1GB_151,530",0,"2TB, WD2005FBYZ_125원/1GB_250,000|1TB, WD1005FBYZ_152원/1GB_151,530"
12834413,Western Digital WD MOBILE BLACK 7200/64M/노트북용,0,0,0,0,0,0,"500GB, WD5000LPSX_216원/1GB_107,790",0,"500GB, WD5000LPSX_216원/1GB_107,790"
15727463,Western Digital WD MOBILE BLACK 7200/64M/노트북용/해외구매,0,0,0,0,0,0,"1TB, WD10SPSX_190원/1GB_190,000",0,"1TB, WD10SPSX_190원/1GB_190,000"
5862779,Western Digital WD MOBILE Blue 5400/128M/노트북용,0,0,0,0,0,0,"2TB, WD20SPZX_121원/1GB_242,260",0,"2TB, WD20SPZX_121원/1GB_242,260"
13657916,Western Digital WD MOBILE Blue 5400/128M/노트북용/해외구매,0,0,0,0,0,0,"2TB, WD20SPZX_236원/1GB_471,800|1TB, WD10SPZX_129원/1GB_129,180",0,"2TB, WD20SPZX_236원/1GB_471,800|1TB, WD10SPZX_129원/1GB_129,180"
3375717,Western Digital WD MOBILE Blue 5400/8M/노트북용/벌크,0,0,0,0,0,0,"500GB, WD5000LPVX_96원/1GB_47,810",0,"500GB, WD5000LPVX_96원/1GB_47,810"
3316965,Western Digital WD MOBILE Blue SATA2/5400/8M/해외구매,0,0,0,0,0,0,"WD5000LPVT, 500GB_82원/1GB_41,000",0,"WD5000LPVT, 500GB_82원/1GB_41,000"
5993132,Western Digital WD Purple 5400/128M,0,0,0,0,0,0,"8TB, WD80PURZ_103원/1GB_824,990|4TB, WD44PURZ_92원/1GB_369,990|3TB, WD34PURZ_113원/1GB_340,000",0,"8TB, WD80PURZ_103원/1GB_824,990|4TB, WD44PURZ_92원/1GB_369,990|3TB, WD34PURZ_113원/1GB_340,000"
106735586,Western Digital WD Purple 5400/128M/해외구매,0,0,0,0,0,0,"4TB, WD44PURZ_78원/1GB_311,500",0,"4TB, WD44PURZ_78원/1GB_311,500"
5127056,Western Digital WD Purple 5400/256M,0,0,0,0,0,0,"10TB, WD100PURZ_737원/1TB_737,000|8TB, WD81PURZ_75원/1GB_597,000|6TB, WD63PURZ_99원/1GB_594,000|6TB, WD64PURZ_99원/1GB_593,990|4TB, WD43PURZ_92원/1GB_369,990|4TB, WD42PURZ_93원/1GB_370,000||",0,"10TB, WD100PURZ_737원/1TB_737,000|8TB, WD81PURZ_75원/1GB_597,000|6TB, WD63PURZ_99원/1GB_594,000|6TB, WD64PURZ_99원/1GB_593,990|4TB, WD43PURZ_92원/1GB_369,990|4TB, WD42PURZ_93원/1GB_370,000||"
5993148,Western Digital WD Purple 5400/64M,0,0,0,0,0,0,"6TB, WD60PURZ_81원/1GB_488,990|4TB, WD40PURZ_82원/1GB_327,450|3TB, WD30PURZ_104원/1GB_312,570|2TB, WD20PURZ_122원/1GB_243,990||1TB, WD10PURZ_233원/1GB_232,700|1TB, WD11PURZ_260원/1GB_259,990",0,"6TB, WD60PURZ_81원/1GB_488,990|4TB, WD40PURZ_82원/1GB_327,450|3TB, WD30PURZ_104원/1GB_312,570|2TB, WD20PURZ_122원/1GB_243,990||1TB, WD10PURZ_233원/1GB_232,700|1TB, WD11PURZ_260원/1GB_259,990"
123994711,Western Digital WD Purple 5400/64M/중고,0,0,0,0,0,0,"3TB, WD30PURZ_32원/1GB_95,420",0,"3TB, WD30PURZ_32원/1GB_95,420"
14785742,Western Digital WD Purple 5400/64M/해외구매,0,0,0,0,0,0,"4TB, WD40PURZ_90원/1GB_360,000|3TB, WD30PURZ_131원/1GB_393,000|2TB, WD23PURZ_163원/1GB_325,000",0,"4TB, WD40PURZ_90원/1GB_360,000|3TB, WD30PURZ_131원/1GB_393,000|2TB, WD23PURZ_163원/1GB_325,000"
17059112,Western Digital WD Purple 5640/128M,0,0,0,0,0,0,"8TB, WD84PURZ_83원/1TB_660,000|6TB, WD62PURZ_77원/1GB_462,940",0,"8TB, WD84PURZ_83원/1TB_660,000|6TB, WD62PURZ_77원/1GB_462,940"
68691866,Western Digital WD Purple 5640/128M/해외구매,0,0,0,0,0,0,"8TB, WD84PURZ_83원/1TB_660,000|6TB, WD62PURZ_76원/1GB_457,000",0,"8TB, WD84PURZ_83원/1TB_660,000|6TB, WD62PURZ_76원/1GB_457,000"
62565236,Western Digital WD Purple 5640/256M,0,0,0,0,0,0,"8TB, WD85PURZ_83원/1TB_660,000",0,"8TB, WD85PURZ_83원/1TB_660,000"
103808015,Western Digital WD Purple 5640/256M/해외구매,0,0,0,0,0,0,"8TB, WD85PURZ_71원/1TB_569,640",0,"8TB, WD85PURZ_71원/1TB_569,640"
2925525,Western Digital WD Purple 64M/해외구매,0,0,0,0,0,0,"2TB, WD20PURX_75원/1GB_150,000",0,"2TB, WD20PURX_75원/1GB_150,000"
6575830,Western Digital WD Purple 7200/256M,0,0,0,0,0,0,"12TB, WD121PURZ_75원/1TB_897,000|10TB, WD102PURZ_74원/1TB_737,000|10TB, WD101PURZ_92원/1TB_920,000",0,"12TB, WD121PURZ_75원/1TB_897,000|10TB, WD102PURZ_74원/1TB_737,000|10TB, WD101PURZ_92원/1TB_920,000"
28920998,Western Digital WD Purple Pro 7200/256M,0,0,0,0,0,0,"12TB, WD121PURP_93원/1GB_1,115,000|10TB, WD101PURP_88원/1GB_875,000|8TB, WD8002PURP_95원/1GB_760,000|8TB, WD8001PURP_96원/1GB_770,000",0,"12TB, WD121PURP_93원/1GB_1,115,000|10TB, WD101PURP_88원/1GB_875,000|8TB, WD8002PURP_95원/1GB_760,000|8TB, WD8001PURP_96원/1GB_770,000"
17556995,Western Digital WD Purple Pro 7200/512M,0,0,0,0,0,0,"18TB, WD181PURP_99원/1GB_1,780,000|14TB, WD142PURP_92원/1GB_1,286,990|14TB, WD141PURP_92원/1GB_1,287,000|12TB, WD122PURP_93원/1GB_1,115,000|10TB, WD102PURP_89원/1GB_888,370",0,"18TB, WD181PURP_99원/1GB_1,780,000|14TB, WD142PURP_92원/1GB_1,286,990|14TB, WD141PURP_92원/1GB_1,287,000|12TB, WD122PURP_93원/1GB_1,115,000|10TB, WD102PURP_89원/1GB_888,260"
68917079,Western Digital WD Purple Pro 7200/512M/해외구매,0,0,0,0,0,0,"22TB, WD221PURP_50원/1GB_1,104,000|18TB, WD181PURP_99원/1GB_1,780,000|14TB, WD142PURP_132원/1GB_1,850,800|14TB, WD141PURP_79원/1GB_1,100,000|12TB, WD122PURP_40원/1GB_478,170|10TB, WD102PURP_104원/1GB_1,035,340",0,"22TB, WD221PURP_50원/1GB_1,104,000|18TB, WD181PURP_99원/1GB_1,780,000|14TB, WD142PURP_132원/1GB_1,850,800|14TB, WD141PURP_79원/1GB_1,100,000|12TB, WD122PURP_40원/1GB_478,170|10TB, WD102PURP_106원/1GB_1,061,060"
15727391,Western Digital WD Purple Pro 7200/512M/해외구매,0,0,0,0,0,0,0,0,"22TB, WD221PURP_50원/1GB_1,104,000|18TB, WD181PURP_99원/1GB_1,780,000|14TB, WD142PURP_132원/1GB_1,850,800|14TB, WD141PURP_79원/1GB_1,100,000|12TB, WD122PURP_40원/1GB_478,170|10TB, WD102PURP_106원/1GB_1,061,060"
11286420,Western Digital WD Purple 패키지 5400/64M WD40PURZ,0,0,0,0,0,0,"2x4TB_75원/1GB_597,000|4x4TB_75원/1GB_1,197,000",0,"2x4TB_75원/1GB_597,000|4x4TB_75원/1GB_1,197,000"
11286435,Western Digital WD Purple 패키지 5400/64M WD60PURZ,0,0,0,0,0,0,"2x6TB_80원/1GB_960,000|4x6TB_80원/1GB_1,920,000",0,"2x6TB_80원/1GB_960,000|4x6TB_80원/1GB_1,920,000"
5198822,Western Digital WD RED 5400/256M,0,0,0,0,0,0,"10TB, WD100EFAX_96원/1GB_957,000|6TB, WD60EFAX_77원/1GB_460,000|4TB, WD40EFAX_77원/1GB_307,600|2TB, WD20EFAX_135원/1GB_269,000",0,"10TB, WD100EFAX_96원/1GB_957,000|6TB, WD60EFAX_77원/1GB_460,000|4TB, WD40EFAX_77원/1GB_307,600|2TB, WD20EFAX_135원/1GB_269,000"
13600025,Western Digital WD RED 5400/64M 해외구매,0,0,0,0,0,0,"1TB, WD10EFRX_190원/1GB_190,080",0,"1TB, WD10EFRX_190원/1GB_190,080"
102550253,Western Digital WD RED Plus 5400/128M,0,0,0,0,0,0,"4TB, WD40EFZZ_76원/1GB_305,090",0,"4TB, WD40EFZZ_76원/1GB_305,090"
122708926,Western Digital WD RED Plus 5400/128M/중고,0,0,0,0,0,0,"4TB, WD40EFZX_34원/1GB_137,400",0,"4TB, WD40EFZX_34원/1GB_137,400"
106763552,Western Digital WD RED Plus 5400/128M/해외구매,0,0,0,0,0,0,"4TB, WD40EFZZ_72원/1GB_286,200|4TB, WD40EFZX_89원/1GB_354,400|2TB, WD20EFZX_120원/1GB_240,000",0,"4TB, WD40EFZZ_71원/1GB_284,070|4TB, WD40EFZX_89원/1GB_354,400|2TB, WD20EFZX_120원/1GB_240,000"
19618481,Western Digital WD RED Plus 5400/256M,0,0,0,0,0,0,"6TB, WD60EFPX_73원/1GB_440,100",0,"6TB, WD60EFPX_73원/1GB_440,100"
19618580,Western Digital WD RED Plus 5400/256M/해외구매,0,0,0,0,0,0,"6TB, WD60EFPX_75원/1GB_450,000|4TB, WD40EFPX_163원/1GB_650,000|3TB, WD30EFPX_100원/1GB_300,000",0,0
28021712,Western Digital WD RED Plus 5400/64M,0,0,0,0,0,0,"2TB, WD20EFPX_121원/1GB_242,090",0,"2TB, WD20EFPX_121원/1GB_242,090"
67681715,Western Digital WD RED Plus 5400/64M/해외구매,0,0,0,0,0,0,"2TB, WD20EFPX_149원/1GB_298,110|1TB, WD10EFRX_166원/1GB_166,000",0,"2TB, WD20EFPX_149원/1GB_297,880|1TB, WD10EFRX_166원/1GB_166,000"
59928887,Western Digital WD RED Plus 5640/256M,0,0,0,0,0,0,"8TB, WD80EFPX_64원/1GB_512,100",0,"8TB, WD80EFPX_64원/1GB_512,100"
59928923,Western Digital WD RED Plus 5640/256M/해외구매,0,0,0,0,0,0,"8TB, WD80EFPX_92원/1GB_736,990",0,0
15016814,Western Digital WD RED Plus 7200/256M,0,0,0,0,0,0,"12TB, WD120EFBX_72원/1GB_863,960|10TB, WD101EFBX_79원/1GB_788,990|8TB, WD80EFBX_71원/1GB_569,000",0,"12TB, WD120EFBX_72원/1GB_863,960|10TB, WD101EFBX_79원/1GB_788,990|8TB, WD80EFBX_71원/1GB_569,000"
15138146,Western Digital WD RED Plus 7200/256M/해외구매,0,0,0,0,0,0,"12TB, WD120EFBX_53원/1GB_638,530|10TB, WD101EFBX_96원/1GB_960,000|8TB, WD80EFBX_105원/1GB_840,000",0,"12TB, WD120EFBX_53원/1GB_638,530|10TB, WD101EFBX_96원/1GB_960,000|8TB, WD80EFBX_105원/1GB_840,000"
91909778,Western Digital WD RED Plus 7200/512M,0,0,0,0,0,0,"12TB, WD120EFGX_73원/1GB_876,480|10TB, WD100EFGX_79원/1GB_786,980",0,"12TB, WD120EFGX_73원/1GB_876,480|10TB, WD100EFGX_79원/1GB_786,980"
96986180,Western Digital WD RED Plus 7200/512M/해외구매,0,0,0,0,0,0,"10TB, WD100EFGX_28원/1GB_284,400|12TB, WD120EFGX_79원/1GB_943,900",0,"10TB, WD100EFGX_28원/1GB_284,400|12TB, WD120EFGX_79원/1GB_943,900"
9896460,Western Digital WD RED Pro 7200/256M,0,0,0,0,0,0,"12TB, WD121KFBX_80원/1GB_956,000|10TB, WD102KFBX_88원/1GB_877,990|8TB, WD8003FFBX_89원/1GB_709,000|8TB, WD8005FFBX_82원/1GB_654,290|6TB, WD6003FFBX_98원/1GB_585,990|6TB, WD6005FFBX_100원/1GB_597,980||",0,"12TB, WD121KFBX_80원/1GB_956,000|10TB, WD102KFBX_88원/1GB_877,990|8TB, WD8003FFBX_89원/1GB_709,000|8TB, WD8005FFBX_82원/1GB_654,290|6TB, WD6003FFBX_98원/1GB_585,990|6TB, WD6005FFBX_100원/1GB_597,980||"
6521135,Western Digital WD RED Pro 7200/256M,0,0,0,0,0,0,0,0,"12TB, WD121KFBX_80원/1GB_956,000|10TB, WD102KFBX_88원/1GB_877,990|8TB, WD8003FFBX_89원/1GB_709,000|8TB, WD8005FFBX_82원/1GB_654,290|6TB, WD6003FFBX_98원/1GB_585,990|6TB, WD6005FFBX_100원/1GB_597,980||"
15269792,Western Digital WD RED Pro 7200/256M/해외구매,0,0,0,0,0,0,"12TB, WD121KFBX_96원/1GB_1,152,000|10TB, WD102KFBX_73원/1GB_726,000|8TB, WD8005FFBX_109원/1GB_874,990|8TB, WD8003FFBX_90원/1GB_719,000|6TB, WD6005FFBX_121원/1GB_725,500|6TB, WD6003FFBX_72원/1GB_433,000|",0,"12TB, WD121KFBX_96원/1GB_1,152,000|10TB, WD102KFBX_73원/1GB_726,000|8TB, WD8005FFBX_109원/1GB_874,990|8TB, WD8003FFBX_90원/1GB_719,000|6TB, WD6005FFBX_121원/1GB_725,500|6TB, WD6003FFBX_72원/1GB_433,000|"
15248567,Western Digital WD RED Pro 7200/256M/해외구매,0,0,0,0,0,0,0,0,"12TB, WD121KFBX_96원/1GB_1,152,000|10TB, WD102KFBX_73원/1GB_726,000|8TB, WD8005FFBX_109원/1GB_874,990|8TB, WD8003FFBX_90원/1GB_719,000|6TB, WD6005FFBX_121원/1GB_725,500|6TB, WD6003FFBX_72원/1GB_433,000|"
91910000,Western Digital WD RED Pro 7200/512M,0,0,0,0,0,0,"26TB, WD260KFGX_86원/1GB_2,227,980|24TB, WD241KFGX_84원/1GB_2,018,980|24TB, WD240KFGX_84원/1GB_2,027,990|22TB, WD221KFGX_82원/1GB_1,804,990|20TB, WD201KFGX_83원/1GB_1,653,990|18TB, WD181KFGX_83원/1GB_1,497,530|||",0,"26TB, WD260KFGX_86원/1GB_2,227,980|24TB, WD241KFGX_84원/1GB_2,018,980|24TB, WD240KFGX_84원/1GB_2,027,990|22TB, WD221KFGX_82원/1GB_1,804,990|20TB, WD201KFGX_83원/1GB_1,653,990|18TB, WD181KFGX_83원/1GB_1,497,510|||"
78096329,Western Digital WD RED Pro 7200/512M/해외구매,0,0,0,0,0,0,"26TB, WD260KFGX_12원/1GB_323,360|24TB, WD241KFGX_72원/1GB_1,716,700|22TB, WD221KFGX_85원/1GB_1,859,000|20TB, WD201KFGX_23원/1GB_455,530|16TB, WD161KFGX_27원/1GB_428,930|10TB, WD103KFBX_89원/1GB_893,870",0,"26TB, WD260KFGX_12원/1GB_323,360|24TB, WD241KFGX_72원/1GB_1,716,700|22TB, WD221KFGX_85원/1GB_1,859,000|20TB, WD201KFGX_23원/1GB_455,530|16TB, WD161KFGX_27원/1GB_428,930|10TB, WD103KFBX_89원/1GB_893,750"
2718031,Western Digital WD RED Pro 7200/64M,0,0,0,0,0,0,"4TB, WD4001FFSX_108원/1GB_431,000|2TB, WD2002FFSX_188원/1GB_375,050",0,"4TB, WD4001FFSX_108원/1GB_431,000|2TB, WD2002FFSX_188원/1GB_375,050"
2701678,Western Digital WD Scorpio Blue SATA2/5400/8M/노트북용/해외구매,0,0,0,0,0,0,"500GB, WD5000BPVT_160원/1GB_80,000|250GB, WD2500BPVT_72원/1GB_18,000|320GB, WD3200BPVT_97원/1GB_31,000",0,"500GB, WD5000BPVT_160원/1GB_80,000|250GB, WD2500BPVT_72원/1GB_18,000|320GB, WD3200BPVT_97원/1GB_31,000"
2849665,Western Digital WD Scorpio Blue SATA3/5400/8M/노트북용/해외구매,0,0,0,0,0,0,"1TB, WD10JPVX_72원/1GB_71,910",0,"1TB, WD10JPVX_72원/1GB_71,910"
102005369,Western Digital WD Ultrastar DC HC555 SAS/7200/512M,0,0,0,0,0,0,"20TB, WUH722020CL5204_88원/1GB_1,768,990|18TB, WUH722018CL5204_85원/1GB_1,528,980|16TB, WUH722016CL5204_86원/1GB_1,378,980|14TB, WUH722014CL5204_80원/1GB_1,115,060|12TB, WUH722012CL5204_86원/1GB_1,029,000",0,"20TB, WUH722020CL5204_88원/1GB_1,768,990|18TB, WUH722018CL5204_85원/1GB_1,528,980|16TB, WUH722016CL5204_86원/1GB_1,378,980|14TB, WUH722014CL5204_80원/1GB_1,115,060|12TB, WUH722012CL5204_86원/1GB_1,032,290"
122658228,Western Digital WD Ultrastar DC HC555 SAS/7200/512M,0,0,0,0,0,0,"20TB, WUH722020CL5204_88원/1GB_1,768,990|18TB, WUH722018CL5204_85원/1GB_1,528,980|16TB, WUH722016CL5204_86원/1GB_1,378,980|14TB, WUH722014CL5204_80원/1GB_1,115,060|12TB, WUH722012CL5204_86원/1GB_1,029,000",0,"20TB, WUH722020CL5204_88원/1GB_1,768,990|18TB, WUH722018CL5204_85원/1GB_1,528,980|16TB, WUH722016CL5204_86원/1GB_1,378,980|14TB, WUH722014CL5204_80원/1GB_1,115,060|12TB, WUH722012CL5204_86원/1GB_1,032,290"
3315977,Western Digital WD WD3200BUCT SATA2/5400/16M/해외구매,0,0,0,0,0,0,"320GB_81원/1GB_26,000",0,0
4937566,도시바 DT01 7200/32M/중고,0,0,0,0,0,0,"1TB, DT01ACA100_39원/1GB_38,780|500GB, DT01ACA050_24원/1GB_11,990",0,"1TB, DT01ACA100_39원/1GB_38,780|500GB, DT01ACA050_24원/1GB_11,990"
2233367,도시바 DT01 7200/32M/해외구매,0,0,0,0,0,0,"1TB, DT01ACA100_120원/1GB_120,000|500GB, DT01ACA050_129원/1GB_64,260",0,"1TB, DT01ACA100_120원/1GB_120,000|500GB, DT01ACA050_129원/1GB_64,260"
1790810,도시바 DT01 7200/64M,0,0,0,0,0,0,"2TB, DT01ACA200_120원/1GB_240,000",0,"2TB, DT01ACA200_120원/1GB_240,000"
3125334,도시바 DT01 7200/64M/해외구매,0,0,0,0,0,0,"3TB, DT01ACA300_55원/1GB_166,410",0,"3TB, DT01ACA300_55원/1GB_166,410"
2897797,도시바 DT01-V 5940/32M,0,0,0,0,0,0,"3TB, DT01ABA300V_90원/1GB_269,000",0,"3TB, DT01ABA300V_90원/1GB_269,000"
4457477,도시바 DT01-V 5940/64M,0,0,0,0,0,0,"3TB, DT01ABA300V_95원/1GB_285,930",0,"3TB, DT01ABA300V_95원/1GB_285,930"
76404461,도시바 L200 5400/128M/해외구매,0,0,0,0,0,0,"2TB, HDWL120XZSTA_142원/1GB_283,800",0,"2TB, HDWL120XZSTA_142원/1GB_283,800"
3491321,도시바 MG04ACA Enterprise 7200/128M,0,0,0,0,0,0,"6TB, MG04ACA600_101원/1GB_608,990|4TB, MG04ACA400_127원/1GB_509,000|1TB, MG04ACA100_412원/1GB_411,980",0,"6TB, MG04ACA600_101원/1GB_608,990|4TB, MG04ACA400_127원/1GB_509,000|1TB, MG04ACA100_412원/1GB_411,980"
6985252,도시바 MG06A Enterprise 7200/256M,0,0,0,0,0,0,"10TB, MG06ACA10T_87원/1GB_869,000|8TB, MG06ACA800_92원/1GB_739,000",0,"10TB, MG06ACA10T_87원/1GB_869,000|8TB, MG06ACA800_92원/1GB_739,000"
6985345,도시바 MG07ACA Enterprise 7200/256M,0,0,0,0,0,0,"14TB, MG07ACA14T_77원/1GB_1,080,000|12TB, MG07ACA12T_86원/1GB_1,029,000",0,"14TB, MG07ACA14T_77원/1GB_1,080,000|12TB, MG07ACA12T_86원/1GB_1,029,000"
13860743,도시바 MG08ACA Enterprise 7200/512M,0,0,0,0,0,0,"16TB, MG08ACA16T_85원/1GB_1,359,000",0,"16TB, MG08ACA16T_85원/1GB_1,359,000"
124021936,도시바 MG08ACA Enterprise 7200/512M/중고,0,0,0,0,0,0,"16TB, MG08ACA16T_31원/1GB_499,000",0,"16TB, MG08ACA16T_31원/1GB_499,000"
78845477,도시바 MG08ADA Enterprise 7200/256M,0,0,0,0,0,0,"8TB, MG08ADA800_92원/1GB_739,000|6TB, MG08ADA600_102원/1GB_609,000|4TB, MG08ADA400_159원/1GB_637,000",0,"8TB, MG08ADA800_92원/1GB_739,000|6TB, MG08ADA600_102원/1GB_609,000|4TB, MG08ADA400_159원/1GB_637,000"
78845597,도시바 MG08ADA Enterprise 7200/256M,0,0,0,0,0,0,0,0,"8TB, MG08ADA800_92원/1GB_739,000|6TB, MG08ADA600_102원/1GB_609,000|4TB, MG08ADA400_159원/1GB_637,000"
15652292,도시바 MG09ACA Enterprise 7200/512M,0,0,0,0,0,0,"18TB, MG09ACA18T_66원/1GB_1,189,000|16TB, MG09ACA16T_84원/1GB_1,344,210|14TB, MG09ACA14T_81원/1GB_1,134,580|12TB, MG09ACA12T_81원/1GB_971,890",0,"18TB, MG09ACA18T_66원/1GB_1,189,000|16TB, MG09ACA16T_84원/1GB_1,344,210|14TB, MG09ACA14T_81원/1GB_1,134,580|12TB, MG09ACA12T_81원/1GB_971,890"
124021944,도시바 MG09ACA Enterprise 7200/512M/중고,0,0,0,0,0,0,"18TB, MG09ACA18T_29원/1GB_529,000",0,"18TB, MG09ACA18T_29원/1GB_529,000"
68440355,도시바 MG09ACA Enterprise 7200/512M/해외구매,0,0,0,0,0,0,"18TB, MG09ACA18T_53원/1GB_948,000",0,"18TB, MG09ACA18T_53원/1GB_948,000"
42205340,도시바 MG10ACA Enterprise 7200/512M,0,0,0,0,0,0,"20TB, MG10ACA20T_84원/1GB_1,687,430",0,0
91634552,도시바 MG10ACA Enterprise 7200/512M/해외구매,0,0,0,0,0,0,"20TB, MG10ACA20T_96원/1GB_1,929,120",0,"20TB, MG10ACA20T_96원/1GB_1,929,120"
72979229,도시바 MG10ADA Enterprise 7200/512M,0,0,0,0,0,0,"10TB, MG10ADA10T_87원/1GB_869,000|8TB, MG10ADA800_92원/1GB_735,000|6TB, MG10ADA600_101원/1GB_608,980|4TB, MG10ADA400_127원/1GB_508,980|2TB, MG10ADA200_148원/1GB_295,000|1TB, MG10ADA100_298원/1GB_297,530",0,"10TB, MG10ADA10T_87원/1GB_869,000|8TB, MG10ADA800_92원/1GB_735,000|6TB, MG10ADA600_101원/1GB_608,980|4TB, MG10ADA400_126원/1GB_505,990|2TB, MG10ADA200_148원/1GB_295,000|1TB, MG10ADA100_297원/1GB_297,410"
73074497,도시바 MG10ADA Enterprise 7200/512M,0,0,0,0,0,0,"10TB, MG10ADA10T_87원/1GB_869,000|8TB, MG10ADA800_92원/1GB_735,000|6TB, MG10ADA600_101원/1GB_608,980|4TB, MG10ADA400_127원/1GB_508,980|2TB, MG10ADA200_148원/1GB_295,000|1TB, MG10ADA100_298원/1GB_297,530",0,"10TB, MG10ADA10T_87원/1GB_869,000|8TB, MG10ADA800_92원/1GB_735,000|6TB, MG10ADA600_101원/1GB_608,980|4TB, MG10ADA400_126원/1GB_505,990|2TB, MG10ADA200_148원/1GB_295,000|1TB, MG10ADA100_297원/1GB_297,410"
75465824,도시바 MG10AFA Enterprise 7200/512M,0,0,0,0,0,0,"22TB, MG10AFA22T_80원/1GB_1,768,000",0,"22TB, MG10AFA22T_80원/1GB_1,768,000"
92621669,도시바 MG11ACA Enterprise 7200/512M,0,0,0,0,0,0,"24TB, MG11ACA24T_113원/1GB_2,028,970",0,"24TB, MG11ACA24T_113원/1GB_2,028,970"
2664020,도시바 MQ01ABF 5400/8M/노트북용,0,0,0,0,0,0,"500GB, MQ01ABF050_184원/1GB_92,220",0,"500GB, MQ01ABF050_184원/1GB_92,220"
2570473,도시바 MQ01ABF SATA2/5400/8M/노트북용,0,0,0,0,0,0,"500GB, MQ01ABF050_182원/1GB_91,100",0,"500GB, MQ01ABF050_182원/1GB_91,100"
124021971,도시바 MQ01ABF SATA2/5400/8M/노트북용/중고,0,0,0,0,0,0,"500GB, MQ01ABF050_28원/1GB_14,000",0,"500GB, MQ01ABF050_28원/1GB_14,000"
7721707,도시바 MQ04 5400/128M/노트북용,0,0,0,0,0,0,"1TB, MQ04ABF100_179원/1GB_179,000",0,"1TB, MQ04ABF100_179원/1GB_179,000"
8038489,도시바 N300 7200/128M,0,0,0,0,0,0,"6TB, HDWN160_92원/1GB_549,000|4TB, HDWQ140_115원/1GB_459,000",0,"6TB, HDWN160_92원/1GB_549,000|4TB, HDWQ140_115원/1GB_459,000"
8038720,도시바 N300 7200/256M,0,0,0,0,0,0,"14TB, HDWG21E_78원/1GB_1,086,380|12TB, HDWG21C_78원/1GB_939,000|10TB, HDWG11A_93원/1GB_930,000|8TB, HDWG480_81원/1GB_648,000|8TB, HDWG180_83원/1GB_660,000|6TB, HDWG460_91원/1GB_548,000|",0,"14TB, HDWG21E_78원/1GB_1,086,380|12TB, HDWG21C_78원/1GB_939,000|10TB, HDWG11A_93원/1GB_930,000|8TB, HDWG480_81원/1GB_648,000|8TB, HDWG180_83원/1GB_660,000|6TB, HDWG460_91원/1GB_548,000|"
68366825,도시바 N300 7200/256M/해외구매,0,0,0,0,0,0,"8TB, HDWG480_81원/1GB_646,000",0,"8TB, HDWG480_81원/1GB_646,000"
74971682,도시바 N300 7200/512M,0,0,0,0,0,0,"22TB, HDWG62C_81원/1GB_1,776,650|18TB, HDWG51J_75원/1GB_1,348,000|16TB, HDWG51G_79원/1GB_1,265,000|16TB, HDWG31G_79원/1GB_1,262,980|14TB, HDWG51E_76원/1GB_1,061,990|12TB, HDWG51C_77원/1GB_926,480||||",0,"22TB, HDWG62C_81원/1GB_1,776,650|18TB, HDWG51J_75원/1GB_1,348,000|16TB, HDWG51G_79원/1GB_1,265,000|16TB, HDWG31G_79원/1GB_1,262,980|14TB, HDWG51E_76원/1GB_1,061,990|12TB, HDWG51C_77원/1GB_926,480||||"
15097169,도시바 N300 7200/512M,0,0,0,0,0,0,0,0,"22TB, HDWG62C_81원/1GB_1,776,650|18TB, HDWG51J_75원/1GB_1,348,000|16TB, HDWG51G_79원/1GB_1,265,000|16TB, HDWG31G_79원/1GB_1,262,980|14TB, HDWG51E_76원/1GB_1,061,990|12TB, HDWG51C_77원/1GB_926,480||||"
60309929,도시바 N300 7200/512M/해외구매,0,0,0,0,0,0,"20TB, HDWG62AXZSTA_41원/1GB_817,200|18TB, HDWG51J_71원/1GB_1,280,000|16TB, HDWG51G_46원/1GB_730,200",0,"20TB, HDWG62AXZSTA_41원/1GB_817,200|18TB, HDWG51J_71원/1GB_1,280,000|16TB, HDWG51G_46원/1GB_730,200"
77861426,도시바 N300 7200/512M/해외구매,0,0,0,0,0,0,"20TB, HDWG62AXZSTA_41원/1GB_817,200|18TB, HDWG51J_71원/1GB_1,280,000|16TB, HDWG51G_46원/1GB_730,200",0,"20TB, HDWG62AXZSTA_41원/1GB_817,200|18TB, HDWG51J_71원/1GB_1,280,000|16TB, HDWG51G_46원/1GB_730,200"
71161862,도시바 N300 PRO 7200/512M/해외구매,0,0,0,0,0,0,"22TB, HDWG62CXZSTB_72원/1GB_1,592,000|20TB, HDWG62AXZSTB_39원/1GB_780,750",0,"22TB, HDWG62CXZSTB_72원/1GB_1,592,000|20TB, HDWG62AXZSTB_39원/1GB_780,750"
11291367,도시바 N300 패키지 7200/256M HDWG11A,0,0,0,0,0,0,"4x10TB_82원/1GB_3,260,000|2x10TB_81원/1GB_1,625,000",0,"4x10TB_82원/1GB_3,260,000|2x10TB_81원/1GB_1,625,000"
11291349,도시바 N300 패키지 7200/256M HDWG180,0,0,0,0,0,0,"4x8TB_73원/1GB_2,320,000",0,"4x8TB_73원/1GB_2,320,000"
12008966,도시바 P300 5400/128M,0,0,0,0,0,0,"6TB, HDWD260_71원/1GB_427,990|4TB, HDWD240_79원/1GB_314,880",0,"6TB, HDWD260_71원/1GB_427,990|4TB, HDWD240_79원/1GB_314,880"
17253821,도시바 P300 7200/256M,0,0,0,0,0,0,"2TB, HDWD320_134원/1GB_268,990",0,"2TB, HDWD320_134원/1GB_268,990"
6288821,도시바 P300 7200/64M,0,0,0,0,0,0,"3TB, HDWD130_102원/1GB_306,200",0,"3TB, HDWD130_102원/1GB_306,200"
5487628,도시바 P300 7200/64M/해외구매,0,0,0,0,0,0,"3TB, HDWD130_52원/1GB_155,690",0,"3TB, HDWD130_52원/1GB_155,690"
75857006,도시바 S300 PRO 7200/512M,0,0,0,0,0,0,"10TB, HDWTA1A_81원/1GB_811,300|8TB, HDWTA80_82원/1GB_654,990|6TB, HDWTA60_92원/1GB_553,320|4TB, HDWTA40_116원/1GB_463,410",0,"10TB, HDWTA1A_81원/1GB_811,300|8TB, HDWTA80_82원/1GB_654,990|6TB, HDWTA60_92원/1GB_553,310|4TB, HDWTA40_116원/1GB_463,400"
70003292,도시바 S300 PRO 7200/512M/해외구매,0,0,0,0,0,0,"10TB, HDWTA1AUZSVAR_56원/1GB_555,000|8TB, HDWTA80UZSVAR_55원/1GB_440,000",0,"10TB, HDWTA1AUZSVAR_56원/1GB_555,000|8TB, HDWTA80UZSVAR_55원/1GB_440,000"
74013362,도시바 X300 7200/256M 해외구매,0,0,0,0,0,0,"12TB, HDWR21C_67원/1GB_800,000",0,"12TB, HDWR21C_67원/1GB_800,000"
70770140,도시바 X300 Refresh 7200/512M,0,0,0,0,0,0,"10TB, HDWR71A_77원/1TB_774,730|8TB, HDWR780_76원/1TB_604,980|6TB, HDWR760_82원/1TB_489,250|4TB, HDWR740_109원/1TB_434,000",0,"10TB, HDWR71A_77원/1TB_774,610|8TB, HDWR780_76원/1TB_604,980|6TB, HDWR760_82원/1TB_489,250|4TB, HDWR740_109원/1TB_434,000"
124033202,삼성전자 Spinpoint F3 SATA2/7200/16M/중고,0,0,0,0,0,0,"500GB, HD502HJ_29원/1GB_14,890",0,"500GB, HD502HJ_30원/1GB_14,880"
