Id,Name,2026-10-01 09:32:51,2026-10-02 01:21:18,2026-10-02 09:46:17,2026-10-03 00:44:16,2026-10-03 09:23:44,2026-10-03 23:22:08,2026-10-04 08:49:13,2026-10-04 23:49:50,2026-10-05 09:02:37,2026-10-06 03:17:21,2026-10-06 10:49:52,2026-10-07 00:54:29,2026-10-07 09:35:56
10651296,ANYZEN AZ-380 게이밍 헤드셋,0,0,"8,900",0,0,0,0,0,0,0,"8,900","8,900",0
30333290,ANYZEN AZ-380C,0,0,"10,070",0,0,0,0,0,0,0,"10,070","10,070",0
30193853,ANYZEN AZ-580C,0,0,"11,910",0,0,0,0,0,0,0,"12,040","12,040",0
7207030,ASUS ROG DELTA CORE,0,0,"정품_79,000",0,0,0,0,0,0,0,0,0,0
75471311,ASUS ROG DELTA II WIRELESS 게이밍 헤드셋,0,0,"블랙, 정품_349,000|화이트, 정품_349,000|해외구매_284,820",0,0,0,0,0,0,0,"블랙, 정품_349,000|화이트, 정품_349,000|해외구매_291,020","블랙, 정품_349,000|화이트, 정품_349,000|해외구매_291,020",0
13484066,ASUS ROG DELTA S,0,0,0,0,0,0,0,0,0,0,"정품_159,000|해외구매_335,580","정품_159,000|해외구매_335,580",0
122643993,ASUS ROG KITHARA,0,0,"정품_470,000|해외구매_589,250",0,0,0,0,0,0,0,"정품_470,000|해외구매_589,250","정품_470,000|해외구매_589,250",0
12621641,ASUS ROG THETA 7.1채널,0,0,"해외구매_352,800",0,0,0,0,0,0,0,"해외구매_352,800",0,0
16303130,ASUS TUF H1 WIRELESS,0,0,0,0,0,0,0,0,0,0,"정품_71,100|해외구매_164,600","정품_71,100|해외구매_164,600",0
123588972,ATK N9 Ultra 무선 게이밍 헤드셋,0,0,"블랙+퍼플, 정품_54,900||||해외구매_47,350",0,0,0,0,0,0,0,"블랙+퍼플, 정품_54,900||||해외구매_48,300","블랙+퍼플, 정품_54,900||||해외구매_48,300",0
95206757,AULA A500,0,0,"해외구매_44,370",0,0,0,0,0,0,0,"해외구매_44,370","해외구매_44,370",0
95059091,AULA G7,0,0,"해외구매_22,600",0,0,0,0,0,0,0,"해외구매_22,600","해외구매_22,600",0
95059202,AULA G7 PRO,0,0,"해외구매_26,700",0,0,0,0,0,0,0,"해외구매_27,510","해외구매_27,600",0
95986589,AULA S8,0,0,"해외구매_25,940",0,0,0,0,0,0,0,"해외구매_26,220","해외구매_26,220",0
7117405,Actto BKS-78 USB 게이밍 헤드셋,0,0,"22,890",0,0,0,0,0,0,0,"22,890","22,890",0
15731177,Actto BKS-84,0,0,"28,920",0,0,0,0,0,0,0,"28,920","28,920",0
3282119,Actto GBKS-01,0,0,"13,240",0,0,0,0,0,0,0,"13,440","13,440",0
7245013,Actto GBKS-06,0,0,"50,780",0,0,0,0,0,0,0,"51,340","51,340",0
15239159,Actto 레벨 게이밍 헤드셋 GBKS-14,0,0,"24,200",0,0,0,0,0,0,0,"24,410","24,410",0
5260655,Actto 팝팝 키즈 BKS-74,0,0,"19,900",0,0,0,0,0,0,0,"19,900","19,900",0
20120261,Audeze Maxwell,0,0,0,0,0,0,0,0,0,0,0,"PS, 해외구매_641,700|Xbox, 해외구매_682,000",0
14904911,Audeze Penrose X,0,0,"정품_484,000|해외구매_475,060",0,0,0,0,0,0,0,"정품_484,000|해외구매_475,060","정품_484,000|해외구매_475,060",0
12683798,Britz 브리츠인터내셔널 BA-MPK1 게이밍 헤드셋,0,0,"24,840",0,0,0,0,0,0,0,"24,840","24,840",0
13466102,Britz 브리츠인터내셔널 BA-MPK10,0,0,"121,000",0,0,0,0,0,0,0,"121,000","121,000",0
17694248,Britz 브리츠인터내셔널 BE-HF10BT,0,0,"44,800",0,0,0,0,0,0,0,"44,800","44,800",0
18210281,Britz 브리츠인터내셔널 BR-ML3,0,0,"36,230",0,0,0,0,0,0,0,"36,230","36,230",0
16279004,Britz 브리츠인터내셔널 BT3900,0,0,"정품_80,100",0,0,0,0,0,0,0,"정품_80,100","정품_80,100",0
12433733,Britz 브리츠인터내셔널 BZ-HK40,0,0,"75,000",0,0,0,0,0,0,0,"75,000","75,000",0
6443249,Britz 브리츠인터내셔널 HS20 게이밍 헤드셋,0,0,"정품_68,510",0,0,0,0,0,0,0,"정품_68,510","정품_69,900",0
18682721,Britz 브리츠인터내셔널 K3,0,0,"29,900",0,0,0,0,0,0,0,"29,900","29,900",0
4874516,Britz 브리츠인터내셔널 K35GH,0,0,"정품_21,800",0,0,0,0,0,0,0,"정품_21,800","정품_21,800",0
12834641,Britz 브리츠인터내셔널 K71GH 가상 7.1채널 RGB 게이밍 헤드셋,0,0,"24,800",0,0,0,0,0,0,0,"24,800","24,800",0
12616313,Britz 브리츠인터내셔널 K820,0,0,"29,000",0,0,0,0,0,0,0,"29,000","29,000",0
92969102,Britz 브리츠인터내셔널 KG1100,0,0,"정품_49,760",0,0,0,0,0,0,0,"정품_52,920","정품_53,890",0
8098264,Britz 브리츠인터내셔널 KG95X 리얼 5.2 멀티채널 진동 게이밍 헤드셋,0,0,"49,000",0,0,0,0,0,0,0,"49,000","49,000",0
1642765,CAMAC CMK-1090MV,0,0,"6,770",0,0,0,0,0,0,0,"6,770","6,770",0
1283241,CAMAC CMK-1102MV,0,0,"6,190",0,0,0,0,0,0,0,"6,190","6,190",0
4749339,CAMAC CMK-1300 USB,0,0,"9,930",0,0,0,0,0,0,0,"9,930","9,930",0
838897,CAMAC CMK-502MV,0,0,"2,390",0,0,0,0,0,0,0,"2,390","2,390",0
898184,CAMAC CMK-503MV,0,0,"2,850",0,0,0,0,0,0,0,"2,870","2,870",0
104628464,CHERRY XTRFY H3 무선 게이밍 헤드셋,0,0,"정품_139,000",0,0,0,0,0,0,0,"정품_139,000","정품_139,000",0
6870865,CJ ENM ENTUS H5 스테레오,0,0,"16,900",0,0,0,0,0,0,0,"16,900","16,900",0
6530732,CJ ENM ENTUS LV400 CAMO LED 가상 7.1채널 진동,0,0,"19,510",0,0,0,0,0,0,0,"19,510","19,510",0
16611842,CJ ENM ENTUS-H6,0,0,"16,500",0,0,0,0,0,0,0,"16,500","16,500",0
48476708,CORSAIR HS35 SURROUND v2 7.1채널 게이밍 헤드셋,0,0,"74,750",0,0,0,0,0,0,0,"73,125","73,125",0
48476885,CORSAIR HS35 v2 게이밍 헤드셋,0,0,"블랙_65,900|블루_62,290",0,0,0,0,0,0,0,"블랙_65,900|블루_62,046","블랙_76,840|블루_63,000",0
122710649,CORSAIR HS35 v3 게이밍 헤드셋,0,0,"블랙, 정품_55,460|",0,0,0,0,0,0,0,"블랙, 정품_50,100|","블랙, 정품_50,100|",0
122710607,CORSAIR HS35 v3 무선 게이밍 헤드셋,0,0,"블랙, 정품_91,080||해외구매_183,330",0,0,0,0,0,0,0,"블랙, 정품_80,400||해외구매_183,330","블랙, 정품_80,400||해외구매_183,330",0
8379099,CORSAIR HS35 스테레오,0,0,"정품_119,240",0,0,0,0,0,0,0,"정품_119,240","정품_119,240",0
5675621,CORSAIR HS50,0,0,"정품_80,900",0,0,0,0,0,0,0,"정품_80,900","정품_80,900",0
17979854,CORSAIR HS55 CORE 무선 블루투스 게이밍 헤드셋,0,0,"정품_142,390",0,0,0,0,0,0,0,"정품_142,390","정품_142,390",0
17003411,CORSAIR HS55 STEREO 게이밍 헤드셋,0,0,"화이트, 정품_78,560|블랙, 정품_78,610|해외구매_153,270|블랙, 벌크_58,000",0,0,0,0,0,0,0,"화이트, 정품_78,560|블랙, 정품_78,610|해외구매_153,270|블랙, 벌크_58,000","화이트, 정품_78,560|블랙, 정품_78,610|해외구매_153,270|블랙, 벌크_58,000",0
17009168,CORSAIR HS55 SURROUND 7.1채널 게이밍 헤드셋,0,0,"블랙, 정품_81,990|화이트, 정품_81,990|블랙, 해외구매_105,690",0,0,0,0,0,0,0,"블랙, 정품_81,990|화이트, 정품_81,990|블랙, 해외구매_105,690","블랙, 정품_81,990|화이트, 정품_81,990|블랙, 해외구매_105,690",0
19020101,CORSAIR HS55 무선 블루투스 게이밍 헤드셋,0,0,"블랙, 정품_140,900|화이트, 정품_142,410|블랙, 해외구매_152,070|화이트, 해외구매_140,670",0,0,0,0,0,0,0,"블랙, 정품_118,400|화이트, 정품_118,400|블랙, 해외구매_152,070|화이트, 해외구매_140,670","블랙, 정품_118,400|화이트, 정품_118,400|블랙, 해외구매_152,070|화이트, 해외구매_140,670",0
12572522,CORSAIR HS60 HAPTIC 스테레오 게이밍 헤드셋,0,0,"카모, 정품_188,650|카본블랙, 정품_200,900|카모, 해외구매_218,990",0,0,0,0,0,0,0,"카모, 정품_188,650|카본블랙, 정품_200,900|카모, 해외구매_225,990","카모, 정품_188,650|카본블랙, 정품_200,900|카모, 해외구매_218,990",0
17004548,CORSAIR HS65 SURROUND 7.1채널 게이밍 헤드셋,0,0,"화이트, 정품_107,350|블랙, 정품_86,500|화이트, 해외구매_96,680|블랙, 해외구매_121,980",0,0,0,0,0,0,0,"화이트, 정품_61,000|블랙, 정품_61,000|화이트, 해외구매_99,800|블랙, 해외구매_115,680","화이트, 정품_61,000|블랙, 정품_61,000|화이트, 해외구매_99,800|블랙, 해외구매_115,680",0
19023920,CORSAIR HS65 무선 7.1채널 게이밍 헤드셋,0,0,"블랙, 정품_132,370|화이트, 정품_132,370|블랙, 해외구매_131,450|화이트, 해외구매_226,600",0,0,0,0,0,0,0,"블랙, 정품_132,370|화이트, 정품_132,370|블랙, 해외구매_131,450|화이트, 해외구매_201,680","블랙, 정품_132,370|화이트, 정품_132,370|블랙, 해외구매_131,450|화이트, 해외구매_201,680",0
12913094,CORSAIR HS70 블루투스 게이밍 헤드셋,0,0,"정품_229,710|해외구매_144,470",0,0,0,0,0,0,0,"정품_229,710|해외구매_144,470","정품_229,710|해외구매_144,470",0
27550187,CORSAIR HS80 MAX RGB 무선 게이밍 헤드셋,0,0,"스틸그레이, 정품_199,000|화이트, 정품_199,900|스틸그레이, 벌크_136,250",0,0,0,0,0,0,0,"스틸그레이, 정품_198,000|화이트, 정품_199,900|스틸그레이, 벌크_136,250","스틸그레이, 정품_198,000|화이트, 정품_199,900|스틸그레이, 벌크_136,250",0
17009279,CORSAIR HS80 RGB USB 7.1채널 게이밍 헤드셋,0,0,"블랙, 정품_136,000|화이트, 정품_134,590|해외구매_149,400|벌크_96,680",0,0,0,0,0,0,0,"블랙, 정품_136,000|화이트, 정품_135,990|해외구매_149,400|벌크_97,870","블랙, 정품_136,000|화이트, 정품_135,990|해외구매_149,400|벌크_96,680",0
15050054,CORSAIR HS80 RGB 무선 게이밍 헤드셋,0,0,"블랙, 정품_169,100|화이트, 정품_169,100|블랙, 해외구매_162,720|화이트, 해외구매_227,000|벌크_126,860",0,0,0,0,0,0,0,"블랙, 정품_142,100|화이트, 정품_142,100|블랙, 해외구매_162,720|화이트, 해외구매_227,000|벌크_121,820","블랙, 정품_142,100|화이트, 정품_142,100|블랙, 해외구매_162,720|화이트, 해외구매_227,000|벌크_121,800",0
72005501,CORSAIR HS80 RGB 무선 콜오브듀티 블랙옵스6 에디션 게이밍 헤드셋,0,0,"216,100",0,0,0,0,0,0,0,"138,700","138,700",0
68889164,CORSAIR VIRTUOSO MAX RGB 무선 게이밍 헤드셋,0,0,"블랙, 정품_375,000|실버, 정품_375,060|블랙, 해외구매_441,260|실버, 해외구매_412,000",0,0,0,0,0,0,0,"블랙, 정품_375,000|실버, 정품_267,300|블랙, 해외구매_441,260|실버, 해외구매_416,480","블랙, 정품_375,000|실버, 정품_267,300|블랙, 해외구매_441,260|실버, 해외구매_416,480",0
28415717,CORSAIR VIRTUOSO PRO 오픈백 게이밍 헤드셋,0,0,"카본_243,390|화이트_259,000",0,0,0,0,0,0,0,"카본_253,600|화이트_243,310","카본_253,600|화이트_243,310",0
9619119,CORSAIR VIRTUOSO RGB SE 무선 게이밍 헤드셋,0,0,"정품_447,060",0,0,0,0,0,0,0,"정품_447,060","정품_447,060",0
15050357,CORSAIR VIRTUOSO RGB XT 무선 게이밍 헤드셋,0,0,"정품_337,460|해외구매_264,630",0,0,0,0,0,0,0,"정품_218,900|해외구매_264,630","정품_218,900|해외구매_264,630",0
12591152,CORSAIR VIRTUOSO SE Espresso 게이밍 헤드셋,0,0,"정품_375,000",0,0,0,0,0,0,0,"정품_375,000","정품_375,000",0
12670133,CORSAIR VOID ELITE 스테레오 게이밍 헤드셋,0,0,"정품_135,020|벌크_52,500",0,0,0,0,0,0,0,"정품_135,020|벌크_52,500","정품_135,020|벌크_52,500",0
10193070,CORSAIR VOID RGB ELITE USB,0,0,"화이트, 정품_140,600|카본 블랙, 정품_140,600|벌크_86,500",0,0,0,0,0,0,0,"화이트, 정품_140,600|카본 블랙, 정품_140,600|벌크_86,500","화이트, 정품_140,600|카본 블랙, 정품_140,600|벌크_86,500",0
9963978,CORSAIR VOID RGB ELITE 무선 게이밍 헤드셋,0,0,"카본 블랙, 정품_129,000|화이트, 정품_129,000|해외구매_140,600|벌크_138,390",0,0,0,0,0,0,0,"카본 블랙, 정품_99,900|화이트, 정품_99,900|해외구매_140,600|벌크_139,860","카본 블랙, 정품_99,900|화이트, 정품_99,900|해외구매_140,600|벌크_139,860",0
124326311,CORSAIR VOID v2 MAX RGB 무선 게이밍 헤드셋,0,0,"정품_196,190|벌크_142,750",0,0,0,0,0,0,0,"정품_196,190|벌크_144,230","정품_199,900|벌크_144,270",0
98545736,CORSAIR VOID v2 MAX RGB 무선 게이밍 헤드셋,0,0,"정품_196,190|벌크_142,750",0,0,0,0,0,0,0,"정품_196,190|벌크_144,230","정품_199,900|벌크_144,270",0
122704232,CORSAIR VOID v2 RGB 무선 게이밍 헤드셋,0,0,"병행수입_96,890|블랙_150,300|화이트_150,300|판다_150,300|베이비핑크_150,300|",0,0,0,0,0,0,0,"병행수입_96,890|블랙_120,900|화이트_120,900|판다_120,900|베이비핑크_120,900|","병행수입_96,890|블랙_120,900|화이트_120,900|판다_120,900|베이비핑크_120,900|",0
122722975,COX CACOXZA100 포커스 스터디 노이즈 캔슬링 무선 헤드셋,0,0,"59,000",0,0,0,0,0,0,0,"59,000","59,000",0
99886214,COX CH03 게이밍 라이트 헤드셋,0,0,"블랙, 정품_8,900|화이트, 정품_8,900",0,0,0,0,0,0,0,"블랙, 정품_8,900|화이트, 정품_8,900","블랙, 정품_8,900|화이트, 정품_8,800",0
18797711,COX CH300 진동 가상 7.1 레인보우 게이밍 헤드셋,0,0,"45,050",0,0,0,0,0,0,0,"45,050","45,050",0
70103192,COX CH31 항공 가상 7.1 LED 게이밍 헤드셋,0,0,"19,000",0,0,0,0,0,0,0,"19,000","19,000",0
14364227,COX CH43 가상 7.1 ENC EQ RGB 초경량 게이밍 헤드셋,0,0,"26,800",0,0,0,0,0,0,0,"26,800","26,800",0
18602348,COX CH48 애비에이션 가상 7.1 ENC RGB 진동 게이밍 헤드셋,0,0,"55,980",0,0,0,0,0,0,0,"55,980","55,980",0
7959565,COX CH50 IMPACT 가상 7.1채널 RGB LED 진동 게이밍 헤드셋,0,0,"160,300",0,0,0,0,0,0,0,"160,300","160,300",0
79396229,COX CH7 초경량 7.1 LED 게이밍 헤드셋,0,0,"정품_18,900",0,0,0,0,0,0,0,"정품_18,900","정품_18,900",0
59757848,COX CH71 게이밍 라이팅 헤드셋,0,0,"16,980",0,0,0,0,0,0,0,"17,000","17,000",0
122619065,COX CH81 가상 7.1 LED 게이밍 헤드셋,0,0,"19,800",0,0,0,0,0,0,0,"19,800","19,800",0
91191854,COX CX-4 MEGA-CUP 가상 7.1 채널 RGB 게이밍 헤드셋,0,0,"블랙_29,800|핑크_29,800|블루_29,800",0,0,0,0,0,0,0,"블랙_29,800|핑크_29,800|블루_29,800","블랙_29,800|핑크_29,800|블루_29,800",0
124076011,COX CX-5 무선 2.4GHz 통합형 게이밍 헤드셋,0,0,"68,000",0,0,0,0,0,0,0,"68,000","68,000",0
77621891,COX EH310 어린이용 무선 헤드셋,0,0,"정품_23,000",0,0,0,0,0,0,0,"정품_23,000","정품_23,000",0
9412881,COX SCARLET 가상 7.1채널 RGB 노이즈캔슬링 마이크 진동 초경량 게이밍 헤드셋,0,0,"34,900",0,0,0,0,0,0,0,"34,900","34,900",0
98231783,COX V800 가상 7.1 ENC RGB 진동 게이밍 헤드셋,0,0,"블랙_29,800|화이트_29,800",0,0,0,0,0,0,0,"블랙_29,800|화이트_29,800","블랙_29,800|화이트_29,800",0
90889091,COX WCH150 무선 3MODE 게이밍 헤드셋,0,0,"정품_34,000",0,0,0,0,0,0,0,"정품_34,000","정품_34,000",0
83007362,COX WCH200 무선 가상 7.1 게이밍 헤드셋,0,0,"정품_58,000",0,0,0,0,0,0,0,"정품_58,000","정품_58,000",0
13507823,COX WCH220 가상 7.1채널 무선 게이밍 헤드셋,0,0,"84,970",0,0,0,0,0,0,0,"84,970","84,970",0
73890794,COX WCH300 무선 3모드 게이밍 헤드셋,0,0,"42,880",0,0,0,0,0,0,0,"42,880","42,880",0
56063660,Creative CHAT USB,0,0,"정품_44,900",0,0,0,0,0,0,0,"정품_44,900","정품_44,900",0
74899145,Creative HS-230,0,0,"정품_26,900",0,0,0,0,0,0,0,"정품_26,900","정품_26,900",0
32860658,Creative ZEN HYBRID PRO CLASSIC,0,0,"정품_185,070",0,0,0,0,0,0,0,"정품_185,070","정품_189,050",0
19517003,DELL 에일리언웨어 AW920H,0,0,"다크, 정품_335,990|루나, 정품_335,990",0,0,0,0,0,0,0,0,0,0
3254474,DH-027TB,0,0,"47,500",0,0,0,0,0,0,0,"47,500","47,500",0
15734273,DOXX DX-5 가상 7.1채널 LED 게이밍 헤드셋,0,0,"46,490",0,0,0,0,0,0,0,"43,317","46,490",0
97225946,EKSA E900 Pro,0,0,"해외구매_54,730",0,0,0,0,0,0,0,"해외구매_54,730","해외구매_54,730",0
15425594,EPOS H3hybrid USB 블루투스 헤드셋,0,0,0,0,0,0,0,0,0,0,"189,120","189,120",0
122689542,EPOS H3pro ANC 무선 헤드셋,0,0,"해외구매_134,710",0,0,0,0,0,0,0,"해외구매_134,710","해외구매_134,710",0
15639134,EPOS H6Pro 게이밍 헤드셋,0,0,"밀폐형, 해외구매_243,010|오픈형, 해외구매_158,900",0,0,0,0,0,0,0,"밀폐형, 해외구매_243,020|오픈형, 해외구매_158,730","밀폐형, 해외구매_243,020|오픈형, 해외구매_158,720",0
72673334,EPOS IMPACT 430T,0,0,"정품_139,000",0,0,0,0,0,0,0,"정품_139,000","정품_139,000",0
106222988,EPOS IMPACT SC30 USB,0,0,"정품_75,140",0,0,0,0,0,0,0,"정품_76,230","정품_75,120",0
106222775,EPOS IMPACT SC60 USB,0,0,"정품_84,540",0,0,0,0,0,0,0,"정품_85,880","정품_84,540",0
2577439,EPOS 젠하이저 GAME ZERO 게이밍 헤드셋,0,0,"해외구매_162,800",0,0,0,0,0,0,0,0,0,0
4703866,EPOS 젠하이저 GSP 300 게이밍 헤드셋,0,0,"해외구매_130,590",0,0,0,0,0,0,0,"해외구매_130,590",0,0
10114806,EPOS 젠하이저 GSP 370 무선 게이밍 헤드셋,0,0,"정품_196,000",0,0,0,0,0,0,0,"정품_196,000","정품_196,000",0
12602552,EPOS 젠하이저 PC 2 CHAT,0,0,"정품_24,890",0,0,0,0,0,0,0,"정품_24,890","정품_24,890",0
11950604,EPOS 젠하이저 PC 5 CHAT,0,0,"정품_28,200",0,0,0,0,0,0,0,"정품_28,200","정품_28,200",0
12617453,EPOS 젠하이저 PC 8 USB,0,0,0,0,0,0,0,0,0,0,"정품_45,500","정품_45,500",0
14165903,EPOS 젠하이저 게이밍헤드셋 H3,0,0,"해외구매_121,530",0,0,0,0,0,0,0,"해외구매_121,530","해외구매_121,530",0
92625485,FIFINE TECHNOLOGY H6,0,0,"해외구매_43,630",0,0,0,0,0,0,0,"해외구매_43,630","해외구매_43,630",0
100382831,For LG LGA-950,0,0,"정품_20,490",0,0,0,0,0,0,0,"정품_20,490","정품_20,490",0
16013201,For LG LGA-HS100,0,0,"14,900",0,0,0,0,0,0,0,"14,900","14,900",0
5195029,For LG LH-950,0,0,"14,000",0,0,0,0,0,0,0,"14,000","14,000",0
96311582,Fractal Design Scape,0,0,"다크_298,680|라이트_298,680",0,0,0,0,0,0,0,"다크_298,670|라이트_298,670","다크_298,990|라이트_299,000",0
21634454,GDEVIL G535 AURORA 가상 7.1채널 RGB 게이밍 헤드셋,0,0,"19,980",0,0,0,0,0,0,0,"18,900","19,980",0
36199940,GDEVIL G538 WILDCAT 가상 7.1채널 RGB 게이밍 헤드셋,0,0,"블랙_28,900|화이트_34,420|그레이_28,900|그린_28,900",0,0,0,0,0,0,0,"블랙_28,900|화이트_34,670|그레이_28,773|그린_28,593","블랙_28,900|화이트_34,670|그레이_28,900|그린_28,900",0
31264631,GDEVIL G737 TUNE PRO 블루투스 무선 헤드셋,0,0,"블랙_63,200|화이트_63,200",0,0,0,0,0,0,0,"블랙_63,200|화이트_63,200","블랙_63,200|화이트_63,200",0
27359375,GDEVIL G737 TUNE71 가상 7.1채널 RGB 게이밍 헤드셋,0,0,"34,410",0,0,0,0,0,0,0,"34,410","34,410",0
105182522,GEOMAX GM-GH1500 USB 7.1 채널 게이밍 헤드셋,0,0,"정품_18,810",0,0,0,0,0,0,0,"정품_18,800","정품_18,800",0
10715451,HP H200GS LED 가상 7.1채널 게이밍 헤드셋,0,0,"25,890",0,0,0,0,0,0,0,"25,890","25,890",0
10621590,HP H220S 스테레오 게이밍 헤드셋,0,0,"34,790",0,0,0,0,0,0,0,"34,790","34,790",0
6294660,HP 오멘 800 1KF76AA,0,0,"정품_59,900",0,0,0,0,0,0,0,"정품_59,900","정품_59,900",0
5785920,HyperX Cloud Alpha,0,0,"정품_109,000|해외구매_89,380",0,0,0,0,0,0,0,"정품_109,000|해외구매_89,370","정품_109,000|해외구매_89,370",0
16928027,HyperX Cloud Alpha Wireless 4P5D4AA,0,0,"정품_203,350|해외구매_206,700",0,0,0,0,0,0,0,"정품_203,340|해외구매_206,700","정품_203,340|해외구매_206,700",0
3490520,HyperX Cloud II,0,0,"해외구매_78,620",0,0,0,0,0,0,0,"해외구매_78,420","해외구매_78,420",0
105182081,HyperX Cloud II Alpha Wireless,0,0,"정품_399,000|해외구매_503,100",0,0,0,0,0,0,0,"정품_399,000|해외구매_560,000","정품_399,000|해외구매_560,000",0
20397689,HyperX Cloud III,0,0,"블랙, 정품_101,210|화이트핑크, 정품_99,000|레드, 정품_99,000|해외구매_96,570",0,0,0,0,0,0,0,"블랙, 정품_101,210|화이트핑크, 정품_99,000|레드, 정품_99,000|해외구매_96,570","블랙, 정품_101,210|화이트핑크, 정품_99,000|레드, 정품_99,000|해외구매_96,570",0
92151113,HyperX Cloud III S,0,0,"블랙_199,000|화이트_211,020|레드_211,020|해외구매_244,920",0,0,0,0,0,0,0,"블랙_199,000|화이트_211,020|레드_211,020|해외구매_210,975","블랙_199,000|화이트_211,020|레드_211,020|해외구매_210,975",0
28089137,HyperX Cloud III Wireless,0,0,"블랙, 정품_225,860|블랙, 해외구매_245,900|레드, 해외구매_181,600",0,0,0,0,0,0,0,"블랙, 정품_225,860|블랙, 해외구매_245,900|레드, 해외구매_181,600","블랙, 정품_225,860|블랙, 해외구매_245,900|레드, 해외구매_181,600",0
77964791,HyperX Cloud Jet,0,0,"블랙_106,890|라이트블루_109,000",0,0,0,0,0,0,0,"블랙_106,000|라이트블루_109,000","블랙_106,000|라이트블루_109,000",0
76556087,HyperX Cloud MIX 2 7P5J2AA,0,0,"정품_196,880",0,0,0,0,0,0,0,"정품_196,880","정품_196,880",0
18107420,HyperX Cloud Stinger 2 Core 683L9AA,0,0,"정품_44,490|해외구매_44,490",0,0,0,0,0,0,0,"정품_44,490|해외구매_44,490","정품_44,490|해외구매_44,490",0
122705330,HyperX Cloud Stinger 2 Core 6H9B5AA,0,0,"정품_49,900",0,0,0,0,0,0,0,"정품_49,410","정품_49,410",0
14021966,HyperX Cloud Stinger Core Wireless,0,0,0,0,0,0,0,0,0,0,"화이트, 해외구매_78,380|블랙, 벌크_1,192,500","화이트, 해외구매_78,370|블랙, 벌크_1,192,500",0
122727955,JBL QUANTUM 250,0,0,"정품_86,240",0,0,0,0,0,0,0,"정품_82,980","정품_82,980",0
11596577,JBL QUANTUM 300,0,0,"정품_70,850|해외구매_89,890",0,0,0,0,0,0,0,0,0,0
17628086,JBL QUANTUM 350,0,0,"정품_190,750|해외구매_169,160",0,0,0,0,0,0,0,"정품_190,750|해외구매_168,490","정품_190,750|해외구매_167,590",0
124259155,JBL QUANTUM 650,0,0,"정품_198,778",0,0,0,0,0,0,0,"정품_202,400","정품_202,400",0
17808188,JBL QUANTUM 810,0,0,"해외구매_219,900",0,0,0,0,0,0,0,0,0,0
124259120,JBL QUANTUM 950,0,0,"정품_374,000",0,0,0,0,0,0,0,"정품_374,000","정품_374,000",0
18020603,KOSS GMR540A,0,0,"82,080",0,0,0,0,0,0,0,"82,080","82,080",0
15249359,KOSS GMR545 Air,0,0,0,0,0,0,0,0,0,0,"정품_86,400|해외구매_176,540","정품_86,400|해외구매_176,540",0
3318808,KOTION G2000,0,0,"정품_10,890|해외구매_23,500",0,0,0,0,0,0,0,"정품_10,890|해외구매_23,500","정품_10,890|해외구매_23,500",0
12451880,KOTION G5300,0,0,"18,700",0,0,0,0,0,0,0,"18,700","18,700",0
6082670,KOTION GS100,0,0,"31,320",0,0,0,0,0,0,0,"31,870","31,870",0
67693184,MAXTILL GM-GHC200 버추얼 7.1 C타입 게이밍 헤드셋,0,0,"21,810",0,0,0,0,0,0,0,"21,790","21,890",0
93317294,MAXTILL GM-GHC500 가상7.1채널 게이밍 헤드셋,0,0,0,0,0,0,0,0,0,0,"정품_21,900","정품_21,900",0
122626999,MAXTILL GM-GHU710 PRO 가상 7.1 LED,0,0,"정품_21,900",0,0,0,0,0,0,0,"정품_21,900","정품_21,900",0
21509210,MAXTILL GM-HC10,0,0,"24,890",0,0,0,0,0,0,0,"24,890","24,890",0
16175066,MAXTILL GM-L100H 다이나믹 스테레오 헤드셋,0,0,"블랙_10,000|화이트_9,450",0,0,0,0,0,0,0,"블랙_10,000|화이트_9,450","블랙_10,000|화이트_9,450",0
16064687,MAXTILL GM-M100U 가상 7.1채널 LED 게이밍 헤드셋,0,0,"17,830",0,0,0,0,0,0,0,"17,830","17,830",0
35770523,MAXTILL GM-P500B 가상 7.1채널 무선 게이밍 헤드셋,0,0,"29,900",0,0,0,0,0,0,0,"29,900","29,900",0
28062368,MAXTILL MO-GH300U,0,0,0,0,0,0,0,0,0,0,0,"24,900",0
13949867,MAXTILL TRON G900 가상7.1 채널 RGB LED 게이밍 헤드셋,0,0,"36,480",0,0,0,0,0,0,0,"36,480","36,480",0
50129669,MONKA HG9069W 유무선 RGB 게이밍 헤드셋,0,0,"66,400",0,0,0,0,0,0,0,"62,910","62,910",0
14408960,MPOW EG3 PRO 가상 7.1 채널 게이밍 헤드셋,0,0,"정품_25,900",0,0,0,0,0,0,0,"정품_25,900","정품_25,900",0
33369605,MSI GH50 무선 게이밍 헤드셋,0,0,"정품_114,320",0,0,0,0,0,0,0,"정품_114,320","정품_114,320",0
16311884,MSI H991,0,0,"14,360",0,0,0,0,0,0,0,"14,360","14,360",0
11265486,MadCatz F.R.E.Q.2,0,0,"정품_39,000",0,0,0,0,0,0,0,"정품_39,000","정품_39,000",0
11304504,MadCatz F.R.E.Q.4,0,0,"정품_55,000",0,0,0,0,0,0,0,"정품_55,000","정품_55,000",0
18128012,MadCatz P.I.L.O.T 5,0,0,"68,990",0,0,0,0,0,0,0,"68,990","68,990",0
18647024,Microsoft Xbox Wireless,0,0,"정품_77,900|해외구매_181,280",0,0,0,0,0,0,0,"정품_79,000|해외구매_181,280","정품_79,000|해외구매_181,280",0
20656073,NZXT RELAY 유선 헤드셋,0,0,"블랙, 정품_130,680|화이트, 정품_145,000|블랙, 해외구매_185,860|화이트, 해외구매_164,920",0,0,0,0,0,0,0,"블랙, 정품_130,680|화이트, 정품_145,000|블랙, 해외구매_185,860|화이트, 해외구매_164,920","블랙, 정품_130,680|화이트, 정품_145,000|블랙, 해외구매_185,860|화이트, 해외구매_164,920",0
101630693,ONIKUMA X31,0,0,"해외구매_26,600",0,0,0,0,0,0,0,"해외구매_26,600","해외구매_26,600",0
3702344,OVLENG OV-X6,0,0,"정품_15,270",0,0,0,0,0,0,0,"정품_15,270","정품_15,270",0
124087247,QCY 히어로드 GT2 3모드 유무선 게이밍 헤드셋,0,0,"해외구매_23,330|해외구매, 2개_62,200",0,0,0,0,0,0,0,"해외구매_23,350|해외구매, 2개_63,940","해외구매_24,310|해외구매, 2개_63,940",0
60167036,RHINO GEAR RG-GH500,0,0,"12,740",0,0,0,0,0,0,0,"12,740","12,740",0
19940912,RODE NTH-100M,0,0,"정품_319,033",0,0,0,0,0,0,0,"정품_319,033","정품_319,033",0
18535982,Razer Barracuda,0,0,0,0,0,0,0,0,0,0,0,"쿼츠, 정품_249,000|블랙, 해외구매_331,200|화이트, 해외구매_202,300|쿼츠, 해외구매_202,300",0
17246339,Razer Barracuda Pro,0,0,"정품_389,000|해외구매_216,300",0,0,0,0,0,0,0,"정품_240,000|해외구매_216,300","정품_240,000|해외구매_216,300",0
14779604,Razer Barracuda X,0,0,"블랙, 정품_249,990|블랙, 해외구매_82,670|화이트, 해외구매_82,670|쿼츠, 해외구매_82,670|블랙, 벌크_82,500",0,0,0,0,0,0,0,"블랙, 정품_249,990|블랙, 해외구매_85,120|화이트, 해외구매_85,460|쿼츠, 해외구매_85,460|블랙, 벌크_82,500","블랙, 정품_249,990|블랙, 해외구매_85,120|화이트, 해외구매_85,460|쿼츠, 해외구매_85,460|블랙, 벌크_82,500",0
71972552,Razer Barracuda X Chroma,0,0,"블랙, 정품_189,000|화이트, 정품_189,000|블랙, 해외구매_174,120|화이트, 해외구매_173,870|벌크_89,560",0,0,0,0,0,0,0,"블랙, 정품_189,000|화이트, 정품_189,000|블랙, 해외구매_174,120|화이트, 해외구매_173,880|벌크_88,920","블랙, 정품_189,000|화이트, 정품_189,000|블랙, 해외구매_174,120|화이트, 해외구매_173,870|벌크_88,830",0
96856196,Razer Barracuda X Chroma 팬텀 그린 에디션,0,0,"정품_259,000|",0,0,0,0,0,0,0,"정품_259,000|","정품_259,000|",0
99739823,Razer Barracuda X Chroma 팬텀 화이트 에디션,0,0,"정품_259,000|해외구매_272,120",0,0,0,0,0,0,0,"정품_259,000|해외구매_281,000","정품_259,000|해외구매_281,000",0
17228420,Razer Barracuda X Plus,0,0,"블랙, 정품_99,900|화이트, 정품_99,900|쿼츠, 정품_99,900|블랙, 해외구매_98,000|화이트, 해외구매_98,000|||",0,0,0,0,0,0,0,"블랙, 정품_99,900|화이트, 정품_99,900|쿼츠, 정품_99,900|블랙, 해외구매_98,000|화이트, 해외구매_98,000|||","블랙, 정품_99,900|화이트, 정품_99,900|쿼츠, 정품_99,900|블랙, 해외구매_98,000|화이트, 해외구매_98,000|||",0
28778972,Razer BlackShark V2 Hyperspeed,0,0,"블랙, 정품_199,000|화이트, 정품_199,000|블랙, 해외구매_128,100|화이트, 해외구매_184,490|블랙, 벌크_103,400|",0,0,0,0,0,0,0,"블랙, 정품_199,000|화이트, 정품_199,000|블랙, 해외구매_128,100|화이트, 해외구매_180,640|블랙, 벌크_98,400|","블랙, 정품_199,000|화이트, 정품_199,000|블랙, 해외구매_128,100|화이트, 해외구매_180,640|블랙, 벌크_98,400|",0
16275680,Razer BlackShark V2 Pro,0,0,"화이트, 정품_299,000|블랙, 해외구매_187,120|화이트, 해외구매_262,530|블랙, 벌크_224,220|화이트, 벌크_261,990",0,0,0,0,0,0,0,"화이트, 정품_299,000|블랙, 해외구매_179,400|화이트, 해외구매_262,530|블랙, 벌크_224,930|화이트, 벌크_255,810","화이트, 정품_299,000|블랙, 해외구매_179,400|화이트, 해외구매_262,530|블랙, 벌크_224,220|화이트, 벌크_261,990",0
19990316,Razer BlackShark V2 Pro 2023,0,0,"블랙, 정품_279,000|화이트, 정품_279,000|블랙, 해외구매_232,990|화이트, 해외구매_173,280|블랙, 벌크_173,690|",0,0,0,0,0,0,0,"블랙, 정품_276,000|화이트, 정품_276,000|블랙, 해외구매_261,050|화이트, 해외구매_169,520|블랙, 벌크_169,690|","블랙, 정품_276,000|화이트, 정품_276,000|블랙, 해외구매_261,050|화이트, 해외구매_169,470|블랙, 벌크_169,690|",0
49831460,Razer BlackShark V2 Pro Xbox Licensed,0,0,"블랙, 정품_299,000|화이트, 정품_299,000|블랙, 해외구매_271,980|화이트, 해외구매_209,410|병행수입_169,690",0,0,0,0,0,0,0,"블랙, 정품_299,000|화이트, 정품_299,000|블랙, 해외구매_271,980|화이트, 해외구매_202,850|병행수입_167,650","블랙, 정품_299,000|화이트, 정품_299,000|블랙, 해외구매_271,980|화이트, 해외구매_202,850|병행수입_167,690",0
49831190,Razer BlackShark V2 Pro for PlayStation,0,0,"블랙, 정품_279,000|화이트, 정품_279,000|블랙, 해외구매_212,130|화이트, 해외구매_395,030",0,0,0,0,0,0,0,"블랙, 정품_276,000|화이트, 정품_276,000|블랙, 해외구매_212,130|화이트, 해외구매_395,030","블랙, 정품_276,000|화이트, 정품_276,000|블랙, 해외구매_212,130|화이트, 해외구매_395,030",0
12045284,Razer BlackShark V2 X,0,0,"블랙, 정품_151,500|쿼츠, 정품_89,000|그린, 정품_89,000|화이트, 정품_480,000|블랙, 해외구매_43,720||||",0,0,0,0,0,0,0,"블랙, 정품_151,500|쿼츠, 정품_89,000|그린, 정품_89,000|화이트, 정품_480,000|블랙, 해외구매_43,430||||","블랙, 정품_151,500|쿼츠, 정품_89,000|그린, 정품_89,000|화이트, 정품_480,000|블랙, 해외구매_44,790||||",0
123589074,Razer BlackShark V2 X Essential,0,0,"정품_49,900",0,0,0,0,0,0,0,"정품_49,900","정품_49,900",0
17763425,Razer BlackShark V2 X USB,0,0,"정품_106,560|벌크_106,890",0,0,0,0,0,0,0,"정품_104,340|벌크_106,890","정품_102,120|벌크_106,890",0
124115431,Razer BlackShark V3,0,0,"블랙_239,000|벌크_165,290|화이트_239,000|해외구매_227,800",0,0,0,0,0,0,0,"블랙_239,000|벌크_165,290|화이트_239,000|해외구매_227,800","블랙_229,000|벌크_165,290|화이트_239,000|해외구매_227,800",0
97123982,Razer BlackShark V3,0,0,"블랙_239,000|벌크_165,290|화이트_239,000|해외구매_227,800",0,0,0,0,0,0,0,"블랙_239,000|벌크_165,290|화이트_239,000|해외구매_227,800","블랙_229,000|벌크_165,290|화이트_239,000|해외구매_227,800",0
97123877,Razer BlackShark V3 Pro,0,0,"블랙_399,000|화이트_399,000|해외구매_423,405",0,0,0,0,0,0,0,"블랙_398,760|화이트_399,000|해외구매_418,150","블랙_398,720|화이트_399,000|해외구매_418,150",0
122692822,Razer BlackShark V3 Pro Niko EDITION,0,0,"정품_449,000|해외구매_520,520",0,0,0,0,0,0,0,"정품_449,000|해외구매_531,850","정품_429,000|해외구매_531,850",0
99890480,Razer BlackShark V3 Pro for PLAYSTATION,0,0,"블랙_389,000|화이트_389,000|해외구매_504,630",0,0,0,0,0,0,0,"블랙_389,000|화이트_389,000|해외구매_504,630","블랙_389,000|화이트_389,000|해외구매_504,630",0
98484350,Razer BlackShark V3 Pro for Xbox,0,0,"블랙_389,000|화이트_389,000|해외구매_375,000",0,0,0,0,0,0,0,"블랙_389,000|화이트_389,000|해외구매_375,000","블랙_379,000|화이트_379,000|해외구매_375,000",0
97124111,Razer BlackShark V3 X HyperSpeed,0,0,"정품_159,000|해외구매_142,310",0,0,0,0,0,0,0,"정품_159,000|해외구매_143,640","정품_149,000|해외구매_143,640",0
100619054,Razer BlackShark V3 X HyperSpeed for PlayStation,0,0,"정품, 블랙_154,000|정품, 화이트_159,000|해외구매_180,000",0,0,0,0,0,0,0,"정품, 블랙_154,000|정품, 화이트_159,000|해외구매_180,000","정품, 블랙_154,000|정품, 화이트_159,000|해외구매_180,000",0
98483996,Razer BlackShark V3 X HyperSpeed for Xbox,0,0,"정품, 블랙_159,000|정품, 화이트_159,000|해외구매_142,380",0,0,0,0,0,0,0,"정품, 블랙_159,000|정품, 화이트_159,000|해외구매_142,380","정품, 블랙_159,000|정품, 화이트_159,000|해외구매_142,380",0
100701647,Razer BlackShark V3 for PlayStation,0,0,"정품_239,000|해외구매_265,680",0,0,0,0,0,0,0,"정품_239,000|해외구매_265,680","정품_239,000|해외구매_265,680",0
98484185,Razer BlackShark V3 for Xbox,0,0,"블랙, 정품_239,000|해외구매_226,540|화이트, 정품_239,000",0,0,0,0,0,0,0,"블랙, 정품_239,000|해외구매_226,550|화이트, 정품_239,000","블랙, 정품_239,000|해외구매_226,550|화이트, 정품_229,000",0
27672353,Razer Kraken Kitty V2,0,0,0,0,0,0,0,0,0,0,"블랙, 정품_149,000|화이트, 정품_149,000|쿼츠, 정품_149,000|쿼츠, 벌크_68,290","블랙, 정품_149,000|화이트, 정품_149,000|쿼츠, 정품_149,000|쿼츠, 벌크_68,290",0
91871735,Razer Kraken Kitty V2 BT,0,0,"블랙, 정품_169,000|쿼츠, 정품_169,000|화이트, 정품_169,000|블랙, 해외구매_163,500|쿼츠, 해외구매_196,890|",0,0,0,0,0,0,0,"블랙, 정품_169,000|쿼츠, 정품_169,000|화이트, 정품_169,000|블랙, 해외구매_163,500|쿼츠, 해외구매_196,640|","블랙, 정품_159,000|쿼츠, 정품_159,000|화이트, 정품_159,000|블랙, 해외구매_163,500|쿼츠, 해외구매_196,560|",0
19063310,Razer Kraken Kitty V2 Pro,0,0,"블랙, 정품_299,000|쿼츠, 정품_299,000|블랙, 해외구매_152,480|쿼츠, 해외구매_292,900|벌크_129,820",0,0,0,0,0,0,0,"블랙, 정품_299,000|쿼츠, 정품_299,000|블랙, 해외구매_152,480|쿼츠, 해외구매_292,900|벌크_129,800","블랙, 정품_299,000|쿼츠, 정품_299,000|블랙, 해외구매_152,480|쿼츠, 해외구매_292,900|벌크_129,800",0
97307042,Razer Kraken Kitty V3 Pro,0,0,"블랙_288,990|쿼츠_288,990|화이트_288,990|해외구매_270,720",0,0,0,0,0,0,0,"블랙_289,000|쿼츠_289,000|화이트_289,000|해외구매_273,350","블랙_289,000|쿼츠_289,000|화이트_289,000|해외구매_273,350",0
97306799,Razer Kraken Kitty V3 X,0,0,"블랙_99,000|화이트_99,000|쿼츠_99,000|해외구매_91,620",0,0,0,0,0,0,0,"블랙_99,000|화이트_99,000|쿼츠_99,000|해외구매_99,590","블랙_99,000|화이트_99,000|쿼츠_99,000|해외구매_99,590",0
6517117,Razer Kraken Tournament Edition,0,0,"정품_138,170",0,0,0,0,0,0,0,"정품_138,990","정품_138,990",0
15799142,Razer Kraken V3,0,0,"정품_148,990|벌크_65,060",0,0,0,0,0,0,0,"정품_148,990|벌크_65,040","정품_148,990|벌크_65,040",0
16255412,Razer Kraken V3 Pro,0,0,"정품_249,000|해외구매_253,700|벌크_125,900|해외리퍼_178,900",0,0,0,0,0,0,0,"정품_249,000|해외구매_247,800|벌크_125,900|해외리퍼_178,900","정품_249,000|해외구매_247,800|벌크_125,900|해외리퍼_178,900",0
14050562,Razer Kraken V3 X,0,0,"정품_69,000|병행수입_55,360|해외구매_75,750|벌크_107,090",0,0,0,0,0,0,0,"정품_85,980|해외구매_74,170|벌크_107,090","정품_59,000|해외구매_74,170|벌크_107,090",0
68691911,Razer Kraken V4,0,0,"정품_259,000|해외구매_251,715",0,0,0,0,0,0,0,"정품_259,000|해외구매_251,715","정품_239,000|해외구매_251,715",0
123696085,Razer Kraken V4 EVANGELION Edition,0,0,"해외구매_447,010",0,0,0,0,0,0,0,"해외구매_447,010","해외구매_447,010",0
71783651,Razer Kraken V4 Pro,0,0,"정품_579,000|해외구매_597,700|벌크_317,690",0,0,0,0,0,0,0,"정품_578,990|해외구매_597,700|벌크_304,310","정품_578,990|해외구매_597,700|벌크_309,690",0
71783444,Razer Kraken V4 X,0,0,"정품_139,000|해외구매_118,950",0,0,0,0,0,0,0,"정품_139,000|해외구매_118,940","정품_129,000|해외구매_113,990",0
124289841,Razer Kraken V4 X Sensa HD Haptics,0,0,"정품_179,000",0,0,0,0,0,0,0,"정품_179,000","정품_179,000",0
80569925,Razer Kraken V4 X 마인크래프트 에디션,0,0,0,0,0,0,0,0,0,0,"정품_169,000|해외구매_119,760","정품_169,000|해외구매_119,760",0
10671765,Razer Kraken X,0,0,0,0,0,0,0,0,0,0,0,"해외구매_60,630",0
104947409,Razer 클리오,0,0,"정품_299,000",0,0,0,0,0,0,0,"정품_299,000","정품_299,000",0
11497307,Redragon Helios H710,0,0,"35,000",0,0,0,0,0,0,0,"35,000","35,000",0
4230934,SADES Antenna Plus SA-919S 커플,0,0,"21,400",0,0,0,0,0,0,0,"21,400","21,400",0
2126520,SADES SA-708 게이밍 헤드셋,0,0,"정품_16,550",0,0,0,0,0,0,0,"정품_16,640","정품_16,640",0
37826549,SIE 플레이스테이션 PULSE Elite CFI-ZWH2,0,0,"정품_178,000|해외구매_227,604",0,0,0,0,0,0,0,"정품_198,000|해외구매_227,604","정품_198,000|해외구매_227,604",0
75856739,SKY 핏 키티 IM-H26,0,0,0,0,0,0,0,0,0,0,0,"정품_19,990",0
17505683,SONY INZONE H3 MDR-G300,0,0,"정품_91,000|해외구매_110,560",0,0,0,0,0,0,0,"정품_91,000|해외구매_110,420","정품_91,990|해외구매_110,420",0
29757875,SONY INZONE H5 WH-G500,0,0,"정품_153,110|해외구매_203,670|리퍼비시_146,900",0,0,0,0,0,0,0,"정품_156,480|해외구매_202,200|리퍼비시_146,900","정품_156,390|해외구매_196,920|리퍼비시_131,770",0
122628205,SONY INZONE H6 Air,0,0,"정품_268,990|",0,0,0,0,0,0,0,"정품_268,990|","정품_268,640|",0
17505689,SONY INZONE H7 WH-G700,0,0,"정품_178,190|해외구매_191,000",0,0,0,0,0,0,0,"정품_177,950|해외구매_191,000","정품_177,950|해외구매_191,000",0
98415890,SONY INZONE H9 II WH-G910N,0,0,"정품_400,500|해외구매_375,900",0,0,0,0,0,0,0,"정품_400,500|해외구매_375,900","정품_400,500|해외구매_375,900",0
17505677,SONY INZONE H9 WH-G900N,0,0,"정품_205,200|해외구매_236,670",0,0,0,0,0,0,0,"정품_205,200|해외구매_231,740","정품_205,200|해외구매_214,610",0
98544845,Smartek STH-C301,0,0,"정품_19,800",0,0,0,0,0,0,0,"정품_19,800","정품_19,800",0
18965039,TGIC컴퓨터 TGH-6000M,0,0,"블랙_5,690|블루_5,760|핑크_6,190",0,0,0,0,0,0,0,"블랙_5,690|블루_5,770|핑크_6,190","블랙_5,690|블루_5,770|핑크_6,190",0
2898521,TGIC컴퓨터 TGH-DJ1,0,0,"블랙_5,020|화이트_5,030",0,0,0,0,0,0,0,"블랙_5,020|화이트_5,020","블랙_5,020|화이트_5,020",0
13914467,Team Scorpion LUCA G701 가상 7.1채널 RGB 게이밍 헤드셋,0,0,"29,950",0,0,0,0,0,0,0,"29,950","29,950",0
12462377,Tree SOYTO 라이브 833MV,0,0,"16,880",0,0,0,0,0,0,0,"16,880","16,880",0
12824975,Tree 바운스 450MV 게이밍 헤드셋,0,0,"22,000",0,0,0,0,0,0,0,"22,000","22,000",0
100382774,Tree 베이스 860MV 게이밍 헤드셋,0,0,"정품_30,540",0,0,0,0,0,0,0,"정품_27,970","정품_27,970",0
12950573,Tree 보이스 게이밍 헤드셋,0,0,"15,090",0,0,0,0,0,0,0,"15,090","15,090",0
12438557,Tree 제노스 850MV,0,0,"25,720",0,0,0,0,0,0,0,"25,720","25,720",0
12729530,Tree 제로존 게이밍 헤드셋,0,0,"16,470",0,0,0,0,0,0,0,"15,354","16,470",0
124167197,UniThink 게이밍 헤드셋 UT-01,0,0,"38,900",0,0,0,0,0,0,0,"38,900","38,900",0
122710484,VARO VH100 RGB 가상 7.1 초경량 게이밍 헤드셋,0,0,"정품_24,150",0,0,0,0,0,0,0,"정품_24,150","정품_24,150",0
54813896,VGN VXE V1,0,0,"해외구매_27,590",0,0,0,0,0,0,0,"해외구매_29,140","해외구매_29,140",0
94449209,WESEARY WG3,0,0,"정품_52,730",0,0,0,0,0,0,0,0,0,0
15585851,갤럭시 갤라즈 GALAX EX-01 가상 7.1채널 RGB 게이밍 헤드셋,0,0,"27,000",0,0,0,0,0,0,0,"27,000","27,000",0
15500291,갤럭시 갤라즈 GALAX EX-03 가상 7.1채널 RGB 게이밍 헤드셋,0,0,"블랙_20,920",0,0,0,0,0,0,0,"블랙_22,490","블랙_21,380",0
122660095,글로리어스 GHS ETERNAL,0,0,"정품_43,600|해외구매_104,880",0,0,0,0,0,0,0,"정품_43,600|해외구매_104,880","정품_43,600|해외구매_104,880",0
122727519,글로리어스 GHS ETERNAL RGB,0,0,"정품_63,600",0,0,0,0,0,0,0,"정품_63,600","정품_63,600",0
74490935,긱스타 GH01BE ENC 가상 7.1채널 RGB 게이밍 헤드셋,0,0,"정품_19,900",0,0,0,0,0,0,0,0,0,0
3430401,넥시스 NH-017,0,0,"정품_22,320",0,0,0,0,0,0,0,0,0,0
2170312,다산일렉트론 DH-011S,0,0,"20,740",0,0,0,0,0,0,0,"20,740","20,740",0
2183096,다산일렉트론 DH-011T,0,0,"21,730",0,0,0,0,0,0,0,"21,740","21,740",0
2183190,다산일렉트론 DH-021TP,0,0,"29,670",0,0,0,0,0,0,0,0,0,0
2541475,다산일렉트론 DH-070T,0,0,"32,550",0,0,0,0,0,0,0,"32,550","32,550",0
4317871,대진 DJH-500U,0,0,"12,710",0,0,0,0,0,0,0,"12,710","12,710",0
59761661,두원통상 디보이스 CH-S1,0,0,0,0,0,0,0,0,0,0,"16,740","16,740",0
17899076,디알고 BH029M,0,0,"33,500",0,0,0,0,0,0,0,"33,500","33,500",0
54100934,디알고 가상 7.1 채널 오로라 RGB LED 게이밍 헤드셋 GHS05,0,0,"정품_29,800",0,0,0,0,0,0,0,"정품_29,800","정품_29,800",0
67510250,디알고 고양이귀 키즈 블루투스 스터디 어학용 헤드셋 BH038M,0,0,"31,100",0,0,0,0,0,0,0,"31,100","31,100",0
5893665,라이트컴 COMS BS923,0,0,"25,000",0,0,0,0,0,0,0,"25,000","25,000",0
5881689,라이트컴 COMS BS977,0,0,"41,890",0,0,0,0,0,0,0,"41,890","41,890",0
12685526,라이트컴 COMS BT081 스테레오 게이밍 헤드셋,0,0,"16,240",0,0,0,0,0,0,0,"16,240","16,240",0
6423432,라이트컴 COMS BT082 게이밍 헤드셋,0,0,"15,000",0,0,0,0,0,0,0,"15,000","15,000",0
6878956,라이트컴 COMS BT083 USB LED 게이밍 헤드셋,0,0,"24,510",0,0,0,0,0,0,0,"24,510","24,510",0
15993026,라이트컴 COMS IC608,0,0,"15,500",0,0,0,0,0,0,0,"15,500","15,500",0
7085650,라이트컴 COMS ID199 USB 스테레오 LED 게이밍 헤드셋,0,0,"28,610",0,0,0,0,0,0,0,"28,610","28,610",0
9407349,라이트컴 COMS SO116,0,0,"10,020",0,0,0,0,0,0,0,"10,020","10,020",0
6801784,라이트컴 COMS V2000 LED 게이밍 헤드셋,0,0,"22,950",0,0,0,0,0,0,0,"22,950","22,950",0
102490733,로지텍 A20X LIGHTSPEED,0,0,"정품_198,990",0,0,0,0,0,0,0,"정품_206,890","정품_208,000",0
6520040,로지텍 ASTRO A10,0,0,"정품_68,990|벌크_33,600",0,0,0,0,0,0,0,0,0,0
16720868,로지텍 ASTRO A10 2세대,0,0,"정품_75,410|해외구매_75,390|벌크_84,890",0,0,0,0,0,0,0,"정품_75,270|해외구매_75,390|벌크_84,850","정품_65,600|해외구매_75,390|벌크_84,890",0
99638516,로지텍 ASTRO A50 WIRELESS + BASE STATION 5세대,0,0,"해외구매_561,100",0,0,0,0,0,0,0,"해외구매_561,100","해외구매_561,100",0
42144101,로지텍 ASTRO A50 X,0,0,"정품_464,070|해외구매_570,457",0,0,0,0,0,0,0,"정품_464,070|해외구매_570,457","정품_499,000|해외구매_570,457",0
8835974,로지텍 G PRO X,0,0,"정품_193,030|병행수입_236,050|해외구매_114,430|벌크_105,200",0,0,0,0,0,0,0,"정품_147,510|병행수입_246,040|해외구매_124,390|벌크_105,180","정품_134,100|병행수입_246,040|해외구매_124,390|벌크_105,180",0
101069417,로지텍 G321 LIGHTSPEED,0,0,"정품_73,470|해외구매_65,670",0,0,0,0,0,0,0,"정품_73,470|해외구매_70,000","정품_78,920|해외구매_70,000",0
105487448,로지텍 G325 LIGHTSPEED,0,0,"블랙, 정품_110,670|화이트, 정품_110,670|라일락, 정품_110,670|해외구매_125,090",0,0,0,0,0,0,0,"블랙, 정품_119,000|화이트, 정품_118,990|라일락, 정품_117,810|해외구매_125,090","블랙, 정품_119,000|화이트, 정품_118,990|라일락, 정품_119,000|해외구매_125,090",0
105484424,로지텍 G325 LIGHTSPEED,0,0,"블랙, 정품_110,670|화이트, 정품_110,670|라일락, 정품_110,670|해외구매_125,090",0,0,0,0,0,0,0,"블랙, 정품_119,000|화이트, 정품_118,990|라일락, 정품_117,810|해외구매_125,090","블랙, 정품_119,000|화이트, 정품_118,990|라일락, 정품_119,000|해외구매_125,090",0
14916248,로지텍 G335,0,0,"정품_69,750|해외구매_99,850|벌크_99,000",0,0,0,0,0,0,0,"정품_74,990|해외구매_98,370|벌크_99,000","정품_74,990|해외구매_98,550|벌크_99,000",0
7323130,로지텍 G431,0,0,"정품_74,840|해외구매_151,040|벌크_99,000",0,0,0,0,0,0,0,"정품_74,840|해외구매_151,040|벌크_99,000","정품_74,840|해외구매_151,040|벌크_99,000",0
5309956,로지텍 G433,0,0,"정품_83,900|해외구매_215,040|벌크_129,000|리퍼비시_137,620",0,0,0,0,0,0,0,"정품_83,900|해외구매_215,040|벌크_129,000|리퍼비시_144,400","정품_88,900|해외구매_215,040|벌크_129,000|리퍼비시_144,400",0
15524945,로지텍 G435 LIGHTSPEED,0,0,"정품_93,980|해외구매_57,370|벌크_34,490",0,0,0,0,0,0,0,"정품_93,980|해외구매_57,370|벌크_34,490","정품_93,980|해외구매_57,370|벌크_34,490",0
92357075,로지텍 G522 LIGHTSPEED,0,0,"정품_177,650|해외구매_178,280",0,0,0,0,0,0,0,"정품_185,070|해외구매_193,790","정품_198,970|해외구매_193,790",0
17399033,로지텍 G535 LIGHTSPEED,0,0,"정품_189,000|해외구매_126,420|벌크_169,000",0,0,0,0,0,0,0,"정품_189,000|해외구매_126,420|벌크_169,000",0,0
14342072,로지텍 G733 LIGHTSPEED,0,0,"병행수입_189,000|정품_139,990|해외구매_146,450|벌크_140,040",0,0,0,0,0,0,0,"병행수입_189,000|정품_139,990|해외구매_151,800|벌크_140,020","병행수입_189,000|정품_139,990|해외구매_151,800|벌크_140,020",0
71503904,로지텍 G735,0,0,"해외구매_329,990",0,0,0,0,0,0,0,0,0,0
7532869,로지텍 G933s 7.1 LIGHTSYNC,0,0,"해외구매_181,990|벌크_199,000",0,0,0,0,0,0,0,0,0,0
122717123,로지텍 H111,0,0,"해외구매_38,900",0,0,0,0,0,0,0,"해외구매_41,220","해외구매_41,220",0
1580720,로지텍 H150,0,0,"정품_16,670",0,0,0,0,0,0,0,"정품_13,000","정품_16,670",0
3279544,로지텍 H151,0,0,"정품_16,990|해외구매_19,680",0,0,0,0,0,0,0,"정품_13,000|해외구매_18,860","정품_17,890|해외구매_18,860",0
1995771,로지텍 H340,0,0,"정품_38,730|병행수입_36,600|해외구매_52,530|벌크_63,480",0,0,0,0,0,0,0,"정품_34,900|병행수입_35,010|해외구매_52,530|벌크_63,480","정품_36,810|병행수입_36,600|해외구매_52,530|벌크_63,480",0
1543809,로지텍 H390,0,0,"정품_44,430|병행수입_23,900|해외구매_65,000|벌크_23,600",0,0,0,0,0,0,0,"정품_39,900|병행수입_23,900|해외구매_65,000|벌크_23,600","정품_44,430|병행수입_23,900|해외구매_65,000|벌크_23,600",0
2004606,로지텍 H540,0,0,"정품_57,900",0,0,0,0,0,0,0,"정품_52,900","정품_57,900",0
10478793,로지텍 H570e,0,0,"정품_54,000|해외구매_81,040|벌크_48,000",0,0,0,0,0,0,0,"정품_54,000|해외구매_81,040|벌크_48,000","정품_54,000|해외구매_81,040|벌크_48,000",0
21550349,로지텍 PRO X 2 LIGHTSPEED,0,0,"정품_295,890|해외구매_237,720|병행수입_304,950|벌크_265,500",0,0,0,0,0,0,0,"정품_259,000|해외구매_242,890|병행수입_304,950|벌크_265,500","정품_233,100|해외구매_242,890|병행수입_315,790|벌크_265,500",0
18995609,로지텍 ZONE VIBE 100,0,0,"정품_98,000|해외구매_121,700|벌크_96,500",0,0,0,0,0,0,0,"정품_89,000|해외구매_129,430|벌크_96,500","정품_98,990|해외구매_129,430|벌크_96,500",0
100270124,리버네트워크 NEXI NX1571 가상 7.1채널 RGB 게이밍 헤드셋,0,0,"정품_33,160",0,0,0,0,0,0,0,"정품_33,160","정품_33,160",0
100270256,리버네트워크 NEXI NX1572 가상 7.1채널 RGB 게이밍 헤드셋,0,0,"정품_24,600",0,0,0,0,0,0,0,"정품_24,600","정품_24,600",0
11953721,마이크로닉스 MANIC HS-420 가상 7.1채널 게이밍 헤드셋,0,0,"28,900",0,0,0,0,0,0,0,"28,900","28,900",0
7334605,마이크로닉스 MANIC HS-510 가상 7.1채널 RGB 게이밍 헤드셋,0,0,"38,610",0,0,0,0,0,0,0,"38,610","35,610",0
20780837,마이크로닉스 WIZMAX H300 가상 7.1채널 게이밍 헤드셋,0,0,"24,200",0,0,0,0,0,0,0,"24,200","24,200",0
30277664,마이크로닉스 WIZMAX H561 가상 7.1채널 노이즈캔슬링 마이크 헤드셋,0,0,"29,000",0,0,0,0,0,0,0,"29,000","29,000",0
18815372,마이크로닉스 WIZMAX W301 7.1채널 RGB 게이밍 헤드셋,0,0,"블랙_36,900|화이트_30,430",0,0,0,0,0,0,0,"블랙_36,900|화이트_30,430","블랙_36,900|화이트_30,430",0
90578129,마이크로닉스 WIZMAX W301 7.1채널 aRGB 게이밍 헤드셋,0,0,"화이트_32,350",0,0,0,0,0,0,0,"화이트_32,440","화이트_32,440",0
16261766,마이크로닉스 모프 MH1 7.1채널 RGB 게이밍 헤드셋,0,0,"정품_24,000",0,0,0,0,0,0,0,"정품_24,000","정품_24,000",0
16409366,마이크로닉스 모프 MH2 7.1채널 RGB 게이밍 헤드셋,0,0,"24,630",0,0,0,0,0,0,0,"24,630","24,630",0
16261583,마이크로닉스 워프 WH1 7.1채널 RGB 게이밍 헤드셋,0,0,"46,000",0,0,0,0,0,0,0,"46,000","46,000",0
67693580,몬스타 몬스타기어 가츠 H720 PRO 7.1채널 무선 게이밍 헤드셋,0,0,"56,900",0,0,0,0,0,0,0,"56,900","56,900",0
14899862,몬스터 AIRMARS N1 LED 게이밍 헤드셋,0,0,"16,800",0,0,0,0,0,0,0,"16,800","16,800",0
14900138,몬스터 AIRMARS N1S LED 7.1 게이밍 헤드셋,0,0,"29,230",0,0,0,0,0,0,0,"29,230","29,230",0
14900339,몬스터 AIRMARS N3 RGB 7.1 게이밍 헤드셋,0,0,"25,800",0,0,0,0,0,0,0,"25,800","25,800",0
15424946,몬스터 AIRMARS N3S ENC RGB 7.1 게이밍 헤드셋,0,0,"31,800",0,0,0,0,0,0,0,"31,800","31,800",0
14900546,몬스터 KNIGHT X300 게이밍 헤드셋,0,0,"18,900",0,0,0,0,0,0,0,"18,900","18,900",0
17246810,몬스터 KNIGHT X300P 7.1 게이밍 헤드셋,0,0,"22,800",0,0,0,0,0,0,0,"22,800","22,800",0
36307937,뱅앤올룹슨 Beoplay Portal,0,0,"Xbox, 해외구매_454,300|PC/PS, 해외구매_549,000",0,0,0,0,0,0,0,0,0,0
15239954,베링거 BH470U,0,0,"정품_38,990",0,0,0,0,0,0,0,"정품_38,810","정품_38,810",0
15240158,베링거 HPM1100U,0,0,"23,010",0,0,0,0,0,0,0,"22,800","22,740",0
17591435,베링거 HS10 USB,0,0,"정품_21,730|해외구매_45,040",0,0,0,0,0,0,0,0,0,0
15194948,베링거 HS20 USB,0,0,"정품_21,870",0,0,0,0,0,0,0,"정품_21,130","정품_21,790",0
100269398,벨킨 게이밍 인스파이어 ENA011,0,0,"정품_34,900",0,0,0,0,0,0,0,"정품_34,900","정품_34,900",0
2614304,비트 CT-770 PLUS,0,0,"9,500",0,0,0,0,0,0,0,"9,500","9,500",0
4124866,산와서플라이 MM-HS515SVN,0,0,"정품_29,430",0,0,0,0,0,0,0,"정품_29,300","정품_29,260",0
1739138,삼성전자 SHS-100V/B,0,0,"19,080",0,0,0,0,0,0,0,"19,080","19,080",0
1739014,삼성전자 SHS-100V/W,0,0,"정품_19,240",0,0,0,0,0,0,0,"정품_19,240","정품_19,240",0
10325283,삼성전자 SHS-150UW,0,0,"24,520",0,0,0,0,0,0,0,"24,520","24,520",0
12621179,삼성전자 SHS-300UB,0,0,0,0,0,0,0,0,0,0,"29,500","29,500",0
1879874,상도아이앤티 ANYZONE AH-9000,0,0,"블랙_8,890|화이트_8,900",0,0,0,0,0,0,0,"블랙_8,890|화이트_8,900","블랙_8,890|화이트_8,900",0
90437654,상도아이앤티 ANYZONE ANY-H1,0,0,"정품_6,700",0,0,0,0,0,0,0,"정품_6,700",0,0
97475795,상도아이앤티 ANYZONE ANY-H3 가상 7.1채널 RGB 게이밍 USB 헤드셋,0,0,"정품_39,890",0,0,0,0,0,0,0,"정품_39,890","정품_39,890",0
76555829,샥즈 오픈밋 C610,0,0,"정품_247,800",0,0,0,0,0,0,0,"정품_256,140","정품_247,800",0
6700432,소믹 G926 스테레오 게이밍 헤드셋,0,0,"벌크_14,500",0,0,0,0,0,0,0,"벌크_14,500","벌크_14,500",0
7196743,소믹 G938 가상 7.1채널 게이밍헤드셋,0,0,"벌크_19,000",0,0,0,0,0,0,0,"벌크_19,000","벌크_19,000",0
6700603,소믹 G947N 가상 7.1채널 게이밍 헤드셋,0,0,"벌크_22,000",0,0,0,0,0,0,0,"벌크_22,000","벌크_22,000",0
6732415,소믹 W263 USB 스테레오 게이밍 헤드셋,0,0,"벌크_17,000",0,0,0,0,0,0,0,"벌크_17,000","벌크_17,000",0
4847848,소믹테크놀러지 시베리아 V10 진동게이밍 헤드셋,0,0,"14,500",0,0,0,0,0,0,0,"14,500","14,500",0
13613987,스틸시리즈 Arctis 1 X,0,0,"정품_79,000",0,0,0,0,0,0,0,"정품_79,000","정품_79,000",0
78848129,스틸시리즈 Arctis 7X+ Wireless,0,0,"정품_125,800",0,0,0,0,0,0,0,"정품_125,800","정품_148,000",0
17778728,스틸시리즈 Arctis Nova 1,0,0,"정품_74,800|해외구매_86,400",0,0,0,0,0,0,0,"정품_74,800|해외구매_86,400","정품_79,900|해외구매_86,400",0
17778887,스틸시리즈 Arctis Nova 3,0,0,"정품_139,000|해외구매_150,840",0,0,0,0,0,0,0,"정품_139,000|해외구매_150,840","정품_139,000|해외구매_150,840",0
92149388,스틸시리즈 Arctis Nova 3P,0,0,"블랙_149,000|화이트_138,570|아쿠아_149,000|라벤더_149,000",0,0,0,0,0,0,0,"블랙_149,000|화이트_149,000|아쿠아_149,000|라벤더_149,000","블랙_118,000|화이트_149,000|아쿠아_149,000|라벤더_149,000",0
92149484,스틸시리즈 Arctis Nova 3X,0,0,"블랙_118,150|화이트_118,150|아쿠아_118,150|라벤더_118,150",0,0,0,0,0,0,0,"블랙_118,000|화이트_118,150|아쿠아_118,150|라벤더_118,150","블랙_139,000|화이트_139,000|아쿠아_139,000|라벤더_139,000",0
53779892,스틸시리즈 Arctis Nova 5 Wireless,0,0,"블랙, 정품_169,150|블랙, 병행수입_199,000|화이트, 정품_169,150|블랙, 해외구매_169,150|화이트, 해외구매_175,560",0,0,0,0,0,0,0,"블랙, 정품_169,150|블랙, 병행수입_199,000|화이트, 정품_169,150|블랙, 해외구매_199,000|화이트, 해외구매_175,570","블랙, 정품_182,000|블랙, 병행수입_199,000|화이트, 정품_182,000|블랙, 해외구매_199,000|화이트, 해외구매_175,570",0
53779922,스틸시리즈 Arctis Nova 5P Wireless,0,0,"블랙, 정품_169,150|화이트, 정품_169,150|블랙, 해외구매_213,490|화이트, 해외구매_226,650",0,0,0,0,0,0,0,"블랙, 정품_169,150|화이트, 정품_182,000|블랙, 해외구매_213,470|화이트, 해외구매_225,840","블랙, 정품_182,000|화이트, 정품_182,000|블랙, 해외구매_213,470|화이트, 해외구매_225,840",0
56064077,스틸시리즈 Arctis Nova 5X Wireless,0,0,"블랙, 정품_199,000|화이트, 정품_199,000|블랙, 해외구매_184,690|화이트, 해외구매_258,900",0,0,0,0,0,0,0,"블랙, 정품_182,000|화이트, 정품_182,000|블랙, 해외구매_184,690|화이트, 해외구매_312,200","블랙, 정품_182,000|화이트, 정품_182,000|블랙, 해외구매_184,690|화이트, 해외구매_312,200",0
102002228,스틸시리즈 Arctis Nova 7 Gen2,0,0,"블랙, 정품_245,650|화이트, 정품_245,650|마젠다, 정품_245,650|해외구매_330,480|",0,0,0,0,0,0,0,"블랙, 정품_245,650|화이트, 정품_245,650|마젠다, 정품_255,650|해외구매_328,390|","블랙, 정품_258,000|화이트, 정품_258,000|마젠다, 정품_258,000|해외구매_328,350|",0
102001811,스틸시리즈 Arctis Nova 7 Gen2,0,0,"블랙, 정품_245,650|화이트, 정품_245,650|마젠다, 정품_245,650|해외구매_330,480|",0,0,0,0,0,0,0,"블랙, 정품_245,650|화이트, 정품_245,650|마젠다, 정품_255,650|해외구매_328,390|","블랙, 정품_258,000|화이트, 정품_258,000|마젠다, 정품_258,000|해외구매_328,350|",0
17779196,스틸시리즈 Arctis Nova 7 Wireless,0,0,"정품_279,000|해외구매_218,450",0,0,0,0,0,0,0,"정품_279,000|해외구매_218,450","정품_279,000|해외구매_218,450",0
102412001,스틸시리즈 Arctis Nova 7P Gen2,0,0,"블랙, 정품_245,650|화이트, 정품_245,650|마젠타, 정품_245,650",0,0,0,0,0,0,0,"블랙, 정품_245,650|화이트, 정품_245,650|마젠타, 정품_245,650","블랙, 정품_258,000|화이트, 정품_258,000|마젠타, 정품_258,000",0
102489245,스틸시리즈 Arctis Nova 7P Gen2,0,0,"블랙, 정품_245,650|화이트, 정품_245,650|마젠타, 정품_245,650",0,0,0,0,0,0,0,"블랙, 정품_245,650|화이트, 정품_245,650|마젠타, 정품_245,650","블랙, 정품_258,000|화이트, 정품_258,000|마젠타, 정품_258,000",0
17969351,스틸시리즈 Arctis Nova 7P Wireless,0,0,"블랙, 정품_298,990|화이트, 정품_251,100|해외구매_239,790|블랙, 벌크_184,900",0,0,0,0,0,0,0,"블랙, 정품_298,990|화이트, 정품_251,100|해외구매_239,790|블랙, 벌크_184,900","블랙, 정품_298,990|화이트, 정품_251,100|해외구매_239,790|블랙, 벌크_184,900",0
102002618,스틸시리즈 Arctis Nova 7X Gen2,0,0,"마젠타, 정품_299,000|블랙, 정품_299,000|화이트, 정품_299,000",0,0,0,0,0,0,0,"마젠타, 정품_258,000|블랙, 정품_299,000|화이트, 정품_258,000","마젠타, 정품_258,000|블랙, 정품_258,000|화이트, 정품_258,000",0
17969705,스틸시리즈 Arctis Nova 7X Wireless,0,0,"블랙, 정품_279,000|화이트, 정품_303,450|블랙, 해외구매_210,900|화이트, 해외구매_231,990|블랙, 벌크_259,470",0,0,0,0,0,0,0,"블랙, 정품_279,000|화이트, 정품_303,450|블랙, 해외구매_210,900|화이트, 해외구매_231,990|블랙, 벌크_259,470","블랙, 정품_279,000|화이트, 정품_303,450|블랙, 해외구매_210,900|화이트, 해외구매_231,990|블랙, 벌크_259,470",0
99746957,스틸시리즈 Arctis Nova Elite,0,0,"블랙, 정품_891,380|세이지골드, 정품_891,380|해외구매_859,370",0,0,0,0,0,0,0,"블랙, 정품_932,690|세이지골드, 정품_891,390|해외구매_887,610","블랙, 정품_1,048,690|세이지골드, 정품_1,048,690|해외구매_887,610",0
17970365,스틸시리즈 Arctis Nova PRO X,0,0,"정품_352,470|해외구매_284,830|벌크_166,250",0,0,0,0,0,0,0,"정품_360,050|해외구매_284,830|벌크_166,250","정품_360,050|해외구매_284,830|벌크_166,250",0
17253272,스틸시리즈 Arctis Nova Pro,0,0,"정품_327,900|해외구매_279,440|벌크_153,850",0,0,0,0,0,0,0,"정품_327,900|해외구매_279,440|벌크_153,850","정품_327,900|해외구매_279,440|벌크_153,850",0
122703898,스틸시리즈 Arctis Nova Pro Omni,0,0,"블랙_629,000||미드나잇블루_665,120",0,0,0,0,0,0,0,"블랙_629,000||미드나잇블루_659,000","블랙_629,000||미드나잇블루_679,000",0
122653475,스틸시리즈 Arctis Nova Pro Omni,0,0,"블랙_629,000||",0,0,0,0,0,0,0,"블랙_629,000||","블랙_629,000||",0
17655659,스틸시리즈 Arctis Nova Pro Wireless,0,0,"블랙, 정품_364,650|화이트, 정품_373,150|블랙, 해외구매_529,900|화이트, 해외구매_454,180|벌크_327,290",0,0,0,0,0,0,0,"블랙, 정품_364,650|화이트, 정품_399,000|블랙, 해외구매_518,030|화이트, 해외구매_463,600|벌크_327,250","블랙, 정품_399,000|화이트, 정품_399,000|블랙, 해외구매_522,200|화이트, 해외구매_443,500|벌크_327,290",0
17254118,스틸시리즈 Arctis Nova Pro Wireless X,0,0,"블랙, 정품_464,070|화이트, 정품_464,070|블랙, 해외구매_440,010|화이트, 해외구매_782,200",0,0,0,0,0,0,0,"블랙, 정품_499,000|화이트, 정품_464,070|블랙, 해외구매_440,010|화이트, 해외구매_782,200","블랙, 정품_499,000|화이트, 정품_474,050|블랙, 해외구매_440,010|화이트, 해외구매_782,200",0
107760155,아이리버 AirSet Flow 1.0 7.1 채널 게이밍 헤드셋,0,0,"정품, 베이지_34,800|정품, 블랙_34,800",0,0,0,0,0,0,0,"정품, 베이지_34,800|정품, 블랙_34,800","정품, 베이지_34,800|정품, 블랙_34,800",0
32464292,아이리버 Aurora GH3 ENC 가상 7.1채널 RGB 노이즈캔슬링 마이크 게이밍 헤드셋,0,0,"정품_37,480",0,0,0,0,0,0,0,"정품_37,490","정품_37,490",0
68440790,아이리버 Aurora GH6 가상 7.1채널 게이밍 헤드셋,0,0,"블랙_33,000|화이트_33,000",0,0,0,0,0,0,0,"블랙_33,000|화이트_33,000","블랙_33,000|화이트_33,000",0
28780523,아이리버 BS-101U,0,0,"42,660",0,0,0,0,0,0,0,"42,900",0,0
28780457,아이리버 BS-103U,0,0,"53,110",0,0,0,0,0,0,0,"53,900","52,550",0
28837079,아이리버 EQWEAR-G30H Mirror LED ENC 가상 7.1채널 USB 헤드셋,0,0,"34,800",0,0,0,0,0,0,0,"34,800","34,800",0
18195275,아이리버 EQwear-G10H USB 게이밍 헤드셋,0,0,0,0,0,0,0,0,0,0,"정품_24,500","정품_24,500",0
29979062,아이리버 EQwear-G7H 노이즈캔슬링 마이크 게이밍 헤드셋,0,0,"블랙_23,900|핑크_23,900|화이트_23,580",0,0,0,0,0,0,0,"블랙_23,900|핑크_23,900|화이트_23,580","블랙_23,900|핑크_23,900|화이트_23,580",0
21634754,아이리버 EQwear-H10V LT,0,0,0,0,0,0,0,0,0,0,"블랙_23,900|화이트_23,900","블랙_23,900|화이트_23,900",0
14128799,아이리버 IBH-10C,0,0,"24,900",0,0,0,0,0,0,0,"24,900","24,900",0
15315194,아이리버 IGH-A20 7.1채널 RGB 게이밍 헤드셋,0,0,"39,000",0,0,0,0,0,0,0,"39,000","39,000",0
15317300,아이리버 IGH-A60 7.1채널 RGB 게이밍 헤드셋,0,0,"49,000",0,0,0,0,0,0,0,"49,000","49,000",0
70255370,아이리버 IGH-W5000C,0,0,"24,670",0,0,0,0,0,0,0,"24,890","24,890",0
98766065,아이리버 IGH-W6000C,0,0,"블랙_24,890|화이트_24,890",0,0,0,0,0,0,0,"블랙_24,890|화이트_24,890","블랙_24,890|화이트_24,890",0
5686504,아이리버 IR-H30V CLEARCHAT,0,0,"19,900",0,0,0,0,0,0,0,"19,900","19,900",0
67621694,아이리버 가상7.1채널 유무선 게이밍 헤드셋 LightFit WGH3,0,0,"정품_58,410",0,0,0,0,0,0,0,"정품_58,410","정품_58,410",0
41615513,아이리버 어쌤블 WGH5 노이즈캔슬링 가상 7.1채널 무선 게이밍 헤드셋,0,0,"69,000",0,0,0,0,0,0,0,"69,000","69,000",0
4611076,아이온코리아 BOOMTZ BOSS-U10,0,0,"20,600",0,0,0,0,0,0,0,"20,600","20,600",0
2587021,아이온코리아 BOSSWIZ BOSS-G2,0,0,"12,030",0,0,0,0,0,0,0,"12,030","12,030",0
3755229,아이온코리아 BOSSWIZ BOSS-X5,0,0,"15,400",0,0,0,0,0,0,0,"15,400","15,400",0
15729971,알텍랜싱 ALGH9604 가상 7.1채널 게이밍 헤드셋,0,0,"25,800",0,0,0,0,0,0,0,"25,800","25,800",0
4272894,알티텔레콤 RTH-350G,0,0,"20,900",0,0,0,0,0,0,0,"20,900","20,900",0
35232479,알파스캔 AOC GH300 7.1채널 RGB 게이밍 헤드셋,0,0,"31,000",0,0,0,0,0,0,0,"31,000","31,000",0
15346391,앱코 ABKONCORE CH713M ENC 가상 7.1 LED 진동 3D 멀티 플랫폼 게이밍 헤드셋,0,0,"19,000",0,0,0,0,0,0,0,"19,000","19,000",0
71069015,앱코 AX-3 PLUS 가상 7.1채널 RGB 게이밍 헤드셋,0,0,"33,000",0,0,0,0,0,0,0,"33,000","33,000",0
14268485,앱코 B772 고양이 귀 가상 7.1 채널 진동 게이밍 헤드셋 B772,0,0,"65,900",0,0,0,0,0,0,0,"65,900","65,900",0
35233160,앱코 EH140 초경량 스테레오 헤드셋,0,0,"블랙_10,900|화이트_10,900",0,0,0,0,0,0,0,"블랙_10,900|화이트_10,900","블랙_10,900|화이트_10,900",0
13235837,앱코 EH450,0,0,"22,000",0,0,0,0,0,0,0,"22,000","22,000",0
14669576,앱코 EH500 USB 헤드셋,0,0,"28,000",0,0,0,0,0,0,0,"28,000","28,000",0
71282117,앱코 G600 가상 7.1 RGB 게이밍 헤드셋,0,0,"29,900",0,0,0,0,0,0,0,"29,900","29,900",0
122708796,앱코 H58 가상 7.1 RGB ENC MIC 게이밍 헤드셋,0,0,"블랙, 정품_18,900|",0,0,0,0,0,0,0,"블랙, 정품_18,900|","블랙, 정품_18,900|",0
5279043,앱코 HACKER B90,0,0,"9,500",0,0,0,0,0,0,0,"9,500","9,500",0
6173775,앱코 HACKER B900U PLUS 음성변조 가상 7.1채널 RGB,0,0,"374,400",0,0,0,0,0,0,0,"374,400","374,400",0
6804031,앱코 HACKER N550 ENC 가상 7.1채널 RGB 게이밍 헤드셋,0,0,"37,000",0,0,0,0,0,0,0,"37,000","37,000",0
2431932,앱코 HS80,0,0,"정품_17,400",0,0,0,0,0,0,0,"정품_17,400","정품_17,400",0
76333370,앱코 MR300 무선 3모드 게이밍 헤드셋,0,0,"정품_36,180",0,0,0,0,0,0,0,"정품_44,990","정품_44,990",0
8579138,앱코 MR500 무선 가상 7.1채널 게이밍 헤드셋,0,0,"153,700",0,0,0,0,0,0,0,"153,700","153,700",0
77020307,앱코 MR550 무선 VIRTUAL 7.1 3MODE 게이밍 헤드셋,0,0,"정품_49,000",0,0,0,0,0,0,0,"정품_49,000","정품_49,000",0
29978657,앱코 MR600 무선 가상 7.1 3-MODE 게이밍 헤드셋,0,0,"정품_66,900",0,0,0,0,0,0,0,"정품_66,900","정품_66,900",0
124289843,앱코 MR600W,0,0,"블랙, 정품_37,000|화이트, 정품_37,000",0,0,0,0,0,0,0,"블랙, 정품_37,000|화이트, 정품_37,000","블랙, 정품_37,000|화이트, 정품_37,000",0
76790450,앱코 MR700 3모드 무선 게이밍 헤드셋,0,0,"정품_25,900",0,0,0,0,0,0,0,"정품_25,900","정품_25,900",0
17518658,앱코 N300 가상 7.1 ENC 게이밍 헤드셋,0,0,"149,600",0,0,0,0,0,0,0,"149,600","149,600",0
17429624,앱코 N310 가상 7.1 RGB 게이밍 헤드셋,0,0,"19,000",0,0,0,0,0,0,0,"19,000","19,000",0
17392076,앱코 N440 가상 7.1 RGB 밴드라이팅 헤드셋,0,0,"29,650",0,0,0,0,0,0,0,"29,650","29,650",0
14694722,앱코 N460 가상 7.1 ENC 초경량 RGB 게이밍 헤드셋,0,0,"22,900",0,0,0,0,0,0,0,"22,900","22,900",0
14522765,앱코 N500 가상 7.1 ENC 초경량 RGB 게이밍 헤드셋,0,0,"27,500",0,0,0,0,0,0,0,"27,500","27,500",0
12278933,앱코 N700 가상 7.1채널 RGB 게이밍 헤드셋,0,0,"157,560",0,0,0,0,0,0,0,"157,560","157,560",0
15923834,앱코 N800 LITE 게이밍 헤드셋,0,0,"53,460",0,0,0,0,0,0,0,"53,460","53,460",0
13179062,앱코 N800 가상 7.1 진동 게이밍 헤드셋,0,0,"블랙_36,500|핑크_34,200|블루민트_37,000|라일락_34,770",0,0,0,0,0,0,0,"블랙_36,500|핑크_34,200|블루민트_37,000|라일락_34,770","블랙_36,500|핑크_34,200|블루민트_37,000|라일락_34,770",0
72065495,앱코 N900 가상 7.1 ENC RGB 진동 마그네틱 이어컵 게이밍 헤드셋,0,0,"45,900",0,0,0,0,0,0,0,"45,900","45,900",0
56141897,앱코 N980 진동 가상 7.1 RGB 게이밍 헤드셋,0,0,"37,000",0,0,0,0,0,0,0,"37,000","37,000",0
86973179,앱코 N999 미러링 가상 7.1 진동 마그네틱 이어컵 게이밍 헤드셋,0,0,"정품_43,000",0,0,0,0,0,0,0,"정품_43,000","정품_47,900",0
123031578,앱코 X23 노이즈캔슬링 RGB LED 초경량 USB 게이밍 헤드셋,0,0,"블랙, 정품_19,900|",0,0,0,0,0,0,0,"블랙, 정품_19,900|","블랙, 정품_19,900|",0
3445747,에이데이타코리아 DDZONE DH-1200,0,0,"5,490",0,0,0,0,0,0,0,"5,490","5,490",0
109595867,에이데이타코리아 DDZONE DHP-350 C타입,0,0,"10,330",0,0,0,0,0,0,0,"10,330","10,330",0
12620894,에이데이타코리아 SEEPAK SEEH-100,0,0,"5,210",0,0,0,0,0,0,0,"5,210","5,210",0
14917658,엠지텍 PENTA X11 가상 7.1채널 무선 게이밍 헤드셋,0,0,"148,890",0,0,0,0,0,0,0,"148,890","148,890",0
72304427,엠지텍 PENTA X12,0,0,0,0,0,0,0,0,0,0,0,"158,990",0
8833268,엠지텍 PENTA X9,0,0,"121,550",0,0,0,0,0,0,0,"121,550","121,540",0
5351841,엠지텍 무선 PENTA X5 가상 7.1채널,0,0,"69,890",0,0,0,0,0,0,0,"69,890","69,890",0
15955814,오디오테크니카 ATH-101USB,0,0,"34,900",0,0,0,0,0,0,0,"34,900",0,0
15953840,오디오테크니카 ATH-102USB,0,0,"정품_39,900",0,0,0,0,0,0,0,"정품_39,900","정품_39,470",0
16098470,오디오테크니카 ATH-GDL3,0,0,0,0,0,0,0,0,0,0,"정품_136,220|해외구매_129,500","정품_127,880|해외구매_129,500",0
16098512,오디오테크니카 ATH-GL3,0,0,"정품_116,620|해외구매_140,290",0,0,0,0,0,0,0,"정품_116,620|해외구매_128,700","정품_116,620|해외구매_126,990",0
19472147,오디오테크니카 ATH-M50xSTS,0,0,"정품_234,220|해외구매_243,390",0,0,0,0,0,0,0,"정품_234,220|해외구매_249,450","정품_219,880|해외구매_241,260",0
19471718,오디오테크니카 ATH-M50xSTS-USB,0,0,"정품_269,500|해외구매_256,800",0,0,0,0,0,0,0,"정품_269,500|해외구매_256,800","정품_253,000|해외구매_256,800",0
15187931,웨이코스 씽크웨이 BOB SHOCK H-PRO 게이밍 헤드셋,0,0,"32,540",0,0,0,0,0,0,0,"34,990","34,990",0
12951986,자브라 Evolve2 40 Stereo UC,0,0,"USB-C, 정품_209,000|A타입, 정품_209,000",0,0,0,0,0,0,0,"USB-C, 정품_209,000|A타입, 정품_209,000","USB-C, 정품_209,000|A타입, 정품_209,000",0
20077466,자브라 Evolve2 50 Mono MS,0,0,"USB-A_259,000|USB-C_259,000",0,0,0,0,0,0,0,"USB-A_259,000|USB-C_259,000","USB-A_259,000|USB-C_259,000",0
16519535,잘만 ARCHER ZM-HPS700W,0,0,"블랙_35,080",0,0,0,0,0,0,0,"블랙_35,080","블랙_35,080",0
17775518,잘만 ZM-HPS310 가상 7.1채널 게이밍 헤드셋,0,0,"블랙_26,630|화이트_26,630",0,0,0,0,0,0,0,"블랙_26,630|화이트_26,630","블랙_26,630|화이트_26,630",0
10639896,잘만 ZM-HPS600,0,0,"37,000",0,0,0,0,0,0,0,"37,000","37,000",0
18557402,잘만 ZM-HPS610 가상 7.1채널 게이밍 헤드셋,0,0,"정품_56,840",0,0,0,0,0,0,0,"정품_56,840","정품_32,900",0
28420823,잘만 ZM-HPS700W Rev.1,0,0,"블랙_35,120",0,0,0,0,0,0,0,"블랙_35,120","블랙_35,120",0
53878469,잘만 ZM-HPS800W,0,0,"76,710",0,0,0,0,0,0,0,"77,290","35,900",0
11516810,제닉스 STORMX GH3 게이밍 헤드셋,0,0,0,0,0,0,0,0,0,0,0,"36,900",0
5836989,제닉스 STORMX H3,0,0,"20,610",0,0,0,0,0,0,0,"20,610","20,610",0
17414324,제닉스 TITAN WH6 가상 7.1채널 무선 게이밍 헤드셋,0,0,"정품_31,000",0,0,0,0,0,0,0,"정품_31,000","정품_31,000",0
36199436,제닉스 TITAN WH6BT 가상 7.1채널 무선 게이밍 헤드셋,0,0,0,0,0,0,0,0,0,0,"정품_61,640","정품_61,640",0
109597256,제이테크 투스카니 HD-6000M,0,0,"정품_9,700",0,0,0,0,0,0,0,"정품_9,660","정품_9,620",0
109597445,제이테크 투스카니 HD-X10,0,0,"정품_7,580",0,0,0,0,0,0,0,"정품_7,580","정품_7,580",0
75724913,제카 AIRWING Z1 가상 7.1채널 유무선 게이밍 헤드셋,0,0,0,0,0,0,0,0,0,0,"정품_54,000","정품_54,000",0
36199568,젬스트 Canleen G20 가상 7.1채널 게이밍 헤드셋,0,0,"퍼플_23,120|핑크_22,920|블랙_23,120",0,0,0,0,0,0,0,"퍼플_23,120|핑크_22,920|블랙_23,120","퍼플_23,120|핑크_22,920|블랙_23,120",0
104749955,젬스트 Canleen G202 가상7.1 ENC 인피니티미러 노이즈캔슬링 게이밍헤드셋,0,0,"정품_30,790",0,0,0,0,0,0,0,"정품_30,790","정품_30,790",0
7085437,젬스트 LEF G38 타이탄 가상 7.1채널 게이밍 헤드셋,0,0,"31,360",0,0,0,0,0,0,0,"31,360","31,360",0
13413179,지군코리아 PLH-V88 USB 7.1 게이밍 헤드셋,0,0,"17,800",0,0,0,0,0,0,0,"20,030","20,030",0
99481346,지클릭커 슈퍼히어로 G-SHOT C타입 버추얼7.1 ENC 블루투스 무선 게이밍 헤드셋 GH-WB4000,0,0,"블랙_32,300|화이트_32,300|핫핑크_32,300",0,0,0,0,0,0,0,"블랙_32,300|화이트_32,300|핫핑크_32,300","블랙_32,300|화이트_32,300|핫핑크_32,300",0
14438030,청연MnS naVee NV89-HDS10,0,0,"28,900",0,0,0,0,0,0,0,"28,890","28,890",0
15423329,체리 HC 2.2 게이밍 헤드셋,0,0,"정품_89,000",0,0,0,0,0,0,0,"정품_89,000","정품_89,000",0
19823180,코시 HS2190,0,0,"18,940",0,0,0,0,0,0,0,"18,920","18,920",0
27657611,코시 HS3520BT,0,0,"45,560",0,0,0,0,0,0,0,"45,820","45,770",0
58011731,코시 HS4042BT,0,0,"42,800",0,0,0,0,0,0,0,"42,800",0,0
18089258,코시 HS4046BT,0,0,"24,900",0,0,0,0,0,0,0,0,0,0
63271454,코시 HS4124C,0,0,"26,560",0,0,0,0,0,0,0,"26,560","26,560",0
99944318,코시 HS4155C,0,0,"정품_22,900",0,0,0,0,0,0,0,"정품_22,900","정품_22,900",0
99944366,코시 HS4158,0,0,"정품_15,500",0,0,0,0,0,0,0,"정품_15,500","정품_15,500",0
95851514,코시 비타 HS2254C,0,0,"정품_22,990",0,0,0,0,0,0,0,"정품_22,990","정품_22,950",0
95851511,코시 비타 HS2255C,0,0,"정품_21,030",0,0,0,0,0,0,0,"정품_22,980","정품_22,950",0
28026380,쿨러마스터 CH331 Street Fighter 6 Chun-Li USB 가상 7.1채널 RGB 게이밍 헤드셋,0,0,"43,510",0,0,0,0,0,0,0,"43,510","43,510",0
19387955,쿨러마스터 CH331 USB 가상 7.1채널 RGB 게이밍 헤드셋,0,0,"정품_40,510",0,0,0,0,0,0,0,"정품_40,510","정품_40,510",0
15426503,쿨러마스터 MH630 게이밍 헤드셋,0,0,"정품_45,000",0,0,0,0,0,0,0,"정품_45,000","정품_45,000",0
15427007,쿨러마스터 MH650 7.1 채널 RGB 게이밍 헤드셋,0,0,"정품_78,640|해외구매_182,570",0,0,0,0,0,0,0,"정품_78,640|해외구매_182,570","정품_78,640|해외구매_182,570",0
27758138,키밍 KM1940-86,0,0,"22,670",0,0,0,0,0,0,0,"22,670","22,670",0
27758450,키밍 KM3748-251,0,0,"15,820",0,0,0,0,0,0,0,"15,820","15,820",0
123669858,터틀비치 Atlas 200,0,0,"정품, 블랙_82,760|정품, 화이트_82,760|정품, 민트_89,000||",0,0,0,0,0,0,0,"정품, 블랙_82,760|정품, 화이트_84,540|정품, 민트_89,000||","정품, 블랙_82,760|정품, 화이트_84,540|정품, 민트_89,000||",0
107733086,터틀비치 Atlas 200,0,0,"정품, 블랙_82,760|정품, 화이트_82,760|||",0,0,0,0,0,0,0,"정품, 블랙_82,760|정품, 화이트_84,540|||","정품, 블랙_82,760|정품, 화이트_84,540|||",0
58846409,터틀비치 Atlas Air,0,0,"정품_249,000|해외구매_279,030",0,0,0,0,0,0,0,"정품_249,000|해외구매_279,030","정품_249,000|해외구매_279,030",0
106745786,터틀비치 Recon 50P,0,0,"블랙, 정품_35,910",0,0,0,0,0,0,0,"블랙, 정품_35,910","블랙, 정품_39,900",0
13434929,터틀비치 Recon CHAT,0,0,0,0,0,0,0,0,0,0,0,"정품_17,000",0
14312300,터틀비치 Recon CHAT XBOX,0,0,"정품_15,810",0,0,0,0,0,0,0,"정품_15,810","정품_15,810",0
21523496,터틀비치 STEALTH 600 Gen2 MAX,0,0,0,0,0,0,0,0,0,0,"블랙, 정품_159,000|블랙, 해외구매_209,750","블랙, 정품_159,000|블랙, 해외구매_209,750",0
58848038,터틀비치 Stealth 500 PC,0,0,"정품_59,900",0,0,0,0,0,0,0,"정품_79,900","정품_79,900",0
58848053,터틀비치 Stealth 500 PS,0,0,"정품_79,000|해외구매_159,280",0,0,0,0,0,0,0,"정품_79,000|해외구매_156,910","정품_79,000|해외구매_157,210",0
58848131,터틀비치 Stealth 500 XBOX,0,0,"정품_74,900|해외구매_140,800",0,0,0,0,0,0,0,"정품_74,900|해외구매_140,800","정품_74,900|해외구매_140,800",0
58847144,터틀비치 Stealth 600 Gen3 PC,0,0,"149,000",0,0,0,0,0,0,0,"149,000","149,000",0
58847564,터틀비치 Stealth 600 Gen3 PS,0,0,"134,100",0,0,0,0,0,0,0,"134,100","140,060",0
58847420,터틀비치 Stealth 600 Gen3 XB,0,0,"정품_141,550|해외구매_170,000",0,0,0,0,0,0,0,"정품_149,000|해외구매_170,000","정품_140,060|해외구매_170,000",0
19169198,터틀비치 Stealth 700 Gen 2 MAX,0,0,0,0,0,0,0,0,0,0,"블랙, 정품_245,000|코발트블루, 정품_245,000",0,0
68789237,터틀비치 Stealth 700 Gen3 PC,0,0,"288,990",0,0,0,0,0,0,0,"288,990","289,000",0
68788790,터틀비치 Stealth 700 Gen3 PS,0,0,"블랙, 정품_260,100|화이트, 정품_274,550",0,0,0,0,0,0,0,"블랙, 정품_260,100|화이트, 정품_289,000","블랙, 정품_260,100|화이트, 정품_279,000",0
68788265,터틀비치 Stealth 700 Gen3 XBOX,0,0,"블랙, 정품_268,770|블루, 정품_268,770|해외구매_233,820",0,0,0,0,0,0,0,"블랙, 정품_268,770|블루, 정품_268,770|해외구매_274,500","블랙, 정품_268,770|블루, 정품_268,770|해외구매_274,500",0
20399864,터틀비치 Stealth Pro PS,0,0,"정품_399,000",0,0,0,0,0,0,0,0,0,0
74340674,테크리버 TK-GH1000,0,0,"정품_35,970",0,0,0,0,0,0,0,"정품_36,432","정품_37,320",0
6503521,티앤에스인터내셔널 NOX Black-Hole NX-4 가상 7.1채널 진동 LED 게이밍,0,0,"45,000",0,0,0,0,0,0,0,"45,000","45,000",0
14984126,티앤에스인터내셔널 NOX NX-3 PLUS 가상 7.1채널 RGB 게이밍 헤드셋,0,0,"42,000",0,0,0,0,0,0,0,"42,000","42,000",0
12390917,티앤에스인터내셔널 NOX NX-501,0,0,"37,500",0,0,0,0,0,0,0,0,0,0
12391268,티앤에스인터내셔널 NOX NX-502,0,0,"정품_39,500|+거치대, 정품_45,800",0,0,0,0,0,0,0,"정품_39,500|+거치대, 정품_45,800","정품_39,500|+거치대, 정품_45,800",0
13798262,티앤에스인터내셔널 NX-2 PLUS 가상 7.1채널 RGB 게이밍 헤드셋,0,0,"47,990",0,0,0,0,0,0,0,"47,990","47,990",0
101074457,티테크놀로지 T-DM900,0,0,"정품_2,040",0,0,0,0,0,0,0,"정품_2,050","정품_2,050",0
124336880,파이널 VR3000 EX,0,0,"정품_209,990|해외구매_188,060",0,0,0,0,0,0,0,"정품_209,990|해외구매_186,140","정품_209,990|해외구매_185,940",0
18771614,포트리스 플레이기어 USB 7.1 RGB LED 게이밍 헤드셋 PH732,0,0,"24,900",0,0,0,0,0,0,0,"24,900","24,900",0
92358116,프리플로우 MCHOSE V9,0,0,"정품_72,900|해외구매_38,800",0,0,0,0,0,0,0,"정품_72,900|해외구매_38,800","정품_72,900|해외구매_39,000",0
92357951,프리플로우 MCHOSE V9 PRO,0,0,"정품_72,900|해외구매_34,160",0,0,0,0,0,0,0,"정품_72,900|해외구매_35,720","정품_72,900|해외구매_34,930",0
124289840,프리플로우 archon AH60 PRO,0,0,"정품_49,900",0,0,0,0,0,0,0,"정품_49,900","정품_49,900",0
14280455,플레오맥스 HS-10,0,0,"8,070",0,0,0,0,0,0,0,"8,080","8,500",0
15314426,플레오맥스 HS-20 스테레오 게이밍헤드셋,0,0,"14,490",0,0,0,0,0,0,0,"14,490","14,490",0
13196780,플레오맥스 HS-5 스테레오 게이밍 헤드셋,0,0,"6,900",0,0,0,0,0,0,0,"6,900","6,900",0
11612345,플레오맥스 HS-9 스테레오 게이밍 헤드셋,0,0,"블랙_8,100|화이트_8,500",0,0,0,0,0,0,0,"블랙_8,100|화이트_8,500","블랙_8,100|화이트_8,500",0
13366811,플레오맥스 PHS-G30 게이밍 헤드셋,0,0,"15,200",0,0,0,0,0,0,0,"15,900","15,900",0
15314756,플레오맥스 PHS-G60 USB LED 게이밍 헤드셋,0,0,"18,910",0,0,0,0,0,0,0,"19,900","19,900",0
17732627,플레오맥스 PM-GH200,0,0,"21,900",0,0,0,0,0,0,0,"21,900","21,900",0
18109535,필립스 TAH3155,0,0,"정품_29,900",0,0,0,0,0,0,0,"정품_34,800","정품_34,800",0
67693016,한성컴퓨터 TFG CH PRO Wireless 3모드 게이밍 헤드셋,0,0,"블랙_49,900|화이트_49,900",0,0,0,0,0,0,0,"블랙_49,900|화이트_49,900","블랙_49,900|화이트_49,900",0
13074326,한성컴퓨터 TFG CH240 가상 7.1채널 게이밍 헤드셋,0,0,"블랙_23,490|화이트_23,490|핑크_24,900|퍼플_24,900",0,0,0,0,0,0,0,"블랙_23,490|화이트_23,490|핑크_24,900|퍼플_24,900","블랙_23,490|화이트_23,490|핑크_24,900|퍼플_24,900",0
