Id,Name,2026-10-01 09:36:08,2026-10-02 01:23:37,2026-10-02 09:45:49,2026-10-03 00:43:48,2026-10-03 09:23:15,2026-10-03 23:18:45,2026-10-04 08:49:14
28441325,1MORE FIT SE S30,0,0,0,0,"정품_28,990|해외구매_34,500",0,0
74341292,1MORE SonoFlow Pro HQ51,0,0,0,0,"해외구매_87,360","해외구매_87,360",0
36200729,7Hz X Crinacle Zero 2,0,0,0,0,"정품_39,800|해외구매_30,900","정품_39,800|해외구매_30,900",0
10705095,AKG EO-IC100,0,0,0,0,"정품_15,470|벌크_14,900","정품_15,470|벌크_14,900",0
664601,AKG K271 MKII,0,0,0,0,"정품_60,000|해외구매_225,090","정품_60,000|해외구매_225,090",0
11482977,AKG K371,0,0,0,0,"정품_260,000|해외구매_188,370","정품_260,000|해외구매_188,370",0
140120,AKG K701,0,0,0,0,"정품_419,999|해외구매_248,490",0,0
803333,AKG K702,0,0,0,0,"정품_469,999|해외구매_264,700","정품_469,999|해외구매_264,700",0
5646032,AKG K72,0,0,0,0,0,"정품_73,600|해외구매_77,830",0
5061731,AKG K92,0,0,0,0,"정품_89,000|해외구매_140,190","정품_89,000|해외구매_140,190",0
57492965,AKG N5 HYBRID,0,0,0,0,"정품_225,390|해외구매_474,910","정품_225,390|해외구매_474,910",0
5805871,AKG N5005,0,0,0,0,"해외구매_552,000","해외구매_552,000",0
57493382,AKG N9 HYBRID,0,0,0,0,"정품_232,320|해외구매_470,000","정품_232,320|해외구매_470,000",0
101633138,ANKER Soundcore C40i A3331,0,0,0,0,"정품_54,900","정품_54,900",0
122619249,ANKER Soundcore C50i D1101,0,0,0,0,"정품_54,900|해외구매_73,600","정품_54,900|해외구매_73,600",0
18454823,ANKER Soundcore P10 A3850,0,0,0,0,"해외구매_78,300","해외구매_78,300",0
53421806,ANKER Soundcore P20i A3949,0,0,0,0,"해외구매_40,300","해외구매_40,300",0
78716027,ANKER Soundcore P30i A3959,0,0,0,0,"정품_32,900|해외구매_50,230","정품_32,900|해외구매_50,230",0
122642363,ANKER Soundcore P31i D1202,0,0,0,0,"정품_31,760|해외구매_60,440","정품_31,760|해외구매_60,440",0
78176216,ANKER Soundcore P40i A3955,0,0,0,0,"정품_51,900|해외구매_70,130","정품_51,900|해외구매_70,130",0
94086776,ANKER Soundcore P41i A3937,0,0,0,0,"정품_69,900","정품_69,900",0
123799216,ANKER Soundcore P42i D1205,0,0,0,0,"정품_99,900","정품_99,900",0
96582446,ANKER Soundcore Q20i A3004,0,0,0,0,"정품_46,900|해외구매_54,624","정품_46,900|해외구매_54,624",0
21726290,ANKER Soundcore 리버티 4 NC A3947,0,0,0,0,"정품_96,510|해외구매_97,200","정품_96,510|해외구매_97,200",0
74253788,ANKER Soundcore 리버티 4 프로 A3954,0,0,0,0,"정품_109,110|해외구매_142,190","정품_109,110|해외구매_142,190",0
91767473,ANKER Soundcore 리버티 5 A3957,0,0,0,0,"정품_91,900|해외구매_118,590","정품_91,900|해외구매_118,590",0
122686277,ANKER Soundcore 리버티 5 프로 D1203,0,0,0,0,"정품_199,900|해외구매_349,500","정품_199,900|해외구매_349,500",0
122685543,ANKER Soundcore 리버티 5 프로 맥스 D1204,0,0,0,0,"정품_284,900","정품_284,900",0
122619413,ANKER Soundcore 리버티 버즈 D1200,0,0,0,0,"정품_79,900","정품_79,900",0
123763727,ANKER Soundcore 스페이스 2 D1402,0,0,0,0,"정품_179,900|해외구매_190,180","정품_179,900|해외구매_190,180",0
17895389,ANKER Soundcore 스페이스 A40 A3936,0,0,0,0,"정품_71,900|해외구매_94,990","정품_71,900|해외구매_94,990",0
17743568,ANKER Soundcore 스페이스 Q45 A3040,0,0,0,0,"정품_99,900|해외구매_107,070","정품_99,900|해외구매_107,070",0
78100583,ANKER Soundcore 스페이스원 프로 A3062,0,0,0,0,"정품_172,810|해외구매_175,100","정품_172,810|해외구매_175,100",0
91041050,ANKER Soundcore 스포츠 X20 A3968,0,0,0,0,"해외구매_107,260","해외구매_107,160",0
74341058,ANKER Soundcore 슬립 A20 A6611,0,0,0,0,"정품_104,900|해외구매_155,340","정품_104,900|해외구매_155,340",0
99480551,ANKER Soundcore 슬립 A30 D1301,0,0,0,0,"정품_199,000|해외구매_154,100","정품_199,000|해외구매_154,100",0
96981677,ANKER Soundcore 에어로클립 A3388,0,0,0,0,"정품_114,900|해외구매_99,000","정품_114,900|해외구매_99,000",0
71721911,ANKER Soundcore 에어로핏 2 A3874,0,0,0,0,"해외구매_89,140","해외구매_89,140",0
122624903,ANKER Soundcore 에어로핏 2 A3874X,0,0,0,0,"정품_169,900|해외구매_87,795","정품_169,900|해외구매_87,950",0
7111930,AONE CRUISE CB-M20,0,0,0,0,"88,960","88,960",0
20230073,APPLE Beats by Dr.Dre 비츠 스튜디오 버즈 플러스,0,0,0,0,"정품_153,000|해외구매_179,120","정품_153,000|해외구매_179,120",0
28024445,APPLE Beats by Dr.Dre 비츠 스튜디오 프로 와이어리스,0,0,0,0,"정품_238,000|해외구매_293,872|해외리퍼비시_242,010","정품_238,000|해외구매_293,872|해외리퍼비시_241,910",0
76463273,APPLE Beats by Dr.Dre 파워비츠 프로 2,0,0,0,0,"정품_313,650","정품_313,650",0
12877895,APPLE 에어팟 맥스,0,0,0,0,"정품_692,860|해외구매_1,020,000","정품_692,860|해외구매_1,020,000",0
65920895,APPLE 에어팟 맥스 USB-C,0,0,0,0,"정품_555,740|해외구매_738,690","정품_555,740|해외구매_738,690",0
109481933,APPLE 에어팟 맥스2,0,0,0,0,"정품_618,860|해외구매_875,410","정품_618,760|해외구매_875,410",0
15616310,APPLE 에어팟 프로1 맥세이프 MLWK3KH/A,0,0,0,0,"정품_265,500|해외구매_491,800","정품_265,500|해외구매_491,800",0
28208783,APPLE 에어팟 프로2 맥세이프 USB-C MTJV3KH/A,0,0,0,0,"정품_214,090|해외구매_213,750","정품_218,990|해외구매_213,750",0
97405013,APPLE 에어팟 프로3 MFHP4KH/A,0,0,0,0,"정품_173,990|해외구매_232,320","정품_173,990|해외구매_232,320",0
15463181,APPLE 에어팟3 맥세이프 MME73KH/A,0,0,0,0,"정품_243,990|해외구매_291,000","정품_243,990|해외구매_291,000",0
65920016,APPLE 에어팟4 MXP63KH/A,0,0,0,0,"정품_139,260|해외구매_161,750","정품_138,990|해외구매_161,750",0
65919884,APPLE 에어팟4 액티브 노이즈 캔슬링 MXP93KH/A,0,0,0,0,"정품_161,960|해외구매_194,106","정품_161,950|해외구매_194,106",0
94085450,APPLE 에어팟4 액티브 노이즈 캔슬링 이어버드 단품,0,0,0,0,"오른쪽, 벌크_97,190|왼쪽, 벌크_104,890",0,0
94085666,APPLE 에어팟4 액티브 노이즈 캔슬링 충전 케이스,0,0,0,0,"벌크_89,890","벌크_89,890",0
124182403,APPLE 에어팟5 MKFW4KH/A,0,0,0,0,"정품_198,770|해외구매_186,966","정품_198,670|해외구매_186,966",0
124182489,APPLE 에어팟5 무선 충전 케이스 MKFT4KH/A,0,0,0,0,"정품_228,730|해외구매_230,760","정품_228,630|해외구매_230,760",0
62320103,APPLE 이어팟 3.5mm MWU53FE/A,0,0,0,0,"정품_26,600","정품_26,600",0
67370525,APPLE 이어팟 USB-C MYQY3ZP/A,0,0,0,0,"정품_25,200","정품_25,200",0
4429279,APPLE 이어팟 라이트닝 MMTN2ZP/A,0,0,0,0,"정품_24,360|해외구매_46,230","정품_24,360|해외구매_46,230",0
62321957,APPLE 이어팟 라이트닝 MWTY3ZP/A,0,0,0,0,"21,670","21,670",0
32091956,ASUS ROG CETRA TRUE WIRELESS SPEEDNOVA,0,0,0,0,"정품_379,000|해외구매_201,910","정품_379,000|해외구매_201,910",0
15598079,ASUS ROG METAL STAND 헤드셋 거치대,0,0,0,0,"39,900","39,900",0
123981084,ASUS ROG Throne II Core 게이밍 헤드셋 스탠드 거치대,0,0,0,0,"정품_79,000|해외구매_165,680","정품_79,000|해외구매_165,680",0
19974179,Actto BKS-86,0,0,0,0,"12,820","12,820",0
14055182,Actto BTE-31,0,0,0,0,"29,890","29,890",0
19626935,Actto BTE-35,0,0,0,0,"18,890","18,890",0
91191893,Actto BTE-39,0,0,0,0,"정품_18,890","정품_18,890",0
16971272,Actto BTH-11,0,0,0,0,"23,890","23,890",0
5952481,Actto ERP-92 루나,0,0,0,0,"정품_8,620",0,0
73697882,Actto TWS-22,0,0,0,0,"정품_32,800","정품_32,700",0
11398794,Actto 뉴이스트 ERP-110,0,0,0,0,"9,900","9,900",0
11395995,Actto 뉴트위스트 ERP-109,0,0,0,0,"9,390","9,390",0
11399508,Actto 라임 ERP-105,0,0,0,0,"4,530","4,530",0
76463546,Actto 바이브 BTE-38,0,0,0,0,"정품_33,030","정품_33,030",0
79109810,Actto 바이브 ERP-119,0,0,0,0,"14,890","14,890",0
59760440,Actto 블리스 ERP-117,0,0,0,0,"9,310","9,310",0
5924544,Actto 비올라 BTH-02,0,0,0,0,"정품_24,710","정품_24,610",0
14418239,Actto 비틀 ERP-112,0,0,0,0,"9,603","9,603",0
10926474,Actto 서라운드 BTH-05,0,0,0,0,"23,180","23,180",0
56064782,Actto 아우라 BTH-12,0,0,0,0,"24,370","24,370",0
14417750,Actto 안단테 ERP-113,0,0,0,0,"8,900","8,900",0
13039097,Actto 오브 BTH-06,0,0,0,0,"29,790","29,790",0
67371461,Actto 이노센트 TWS-21,0,0,0,0,"17,740","17,640",0
9391497,Actto 캣츠 BKS-80,0,0,0,0,"19,900","19,900",0
10872588,Actto 팡팡 BTH-03,0,0,0,0,"32,300","32,200",0
37351235,Actto 페블 TWS-20,0,0,0,0,"19,303","19,303",0
99323132,Apple Beats by Dr.Dre 파워비츠 핏,0,0,0,0,"정품_192,000","정품_192,000",0
20105393,Audeze MM-500,0,0,0,0,"정품_2,740,000","정품_2,740,000",0
62162015,Axxen N641,0,0,0,0,"29,300","29,300",0
74052566,Axxen N700,0,0,0,0,"정품_23,310","정품_23,310",0
52158299,Axxen 플레이고 N840,0,0,0,0,"정품_9,310","정품_9,310",0
72305186,B&W Pi6,0,0,0,0,"정품_379,680|해외구매_303,290","정품_379,680|해외구매_303,290",0
72305255,B&W Pi8,0,0,0,0,"정품_560,620|해외구매_586,020","정품_560,620|해외구매_586,020",0
18966050,B&W Px7 S2,0,0,0,0,"정품_449,190|해외구매_324,900","정품_449,190|해외구매_324,900",0
28621997,B&W Px7 S2e,0,0,0,0,"정품_430,000|해외구매_393,230","정품_430,000|해외구매_393,230",0
93502724,B&W Px7 S3,0,0,0,0,"정품_584,980|해외구매_582,900","정품_584,980|해외구매_604,230",0
19889270,B&W Px8,0,0,0,0,"정품_729,000|해외구매_573,560","정품_729,000|해외구매_573,560",0
99641561,B&W Px8 S2,0,0,0,0,"정품_1,026,000|해외구매_1,245,350","정품_1,026,000|해외구매_1,245,350",0
6084867,BEAT DODO 다용도 파우치,0,0,0,0,"3,330","3,330",0
3017213,BEAT EF-E5,0,0,0,0,"2,420","2,420",0
4081843,BEAT S120,0,0,0,0,"정품_7,270","정품_7,270",0
8629556,BITWAY TWS GW-15,0,0,0,0,"57,000","57,000",0
7673449,BOB KERC-003,0,0,0,0,"6,558","6,558",0
8327781,BOB PLEXTONE X56M,0,0,0,0,"4,340","4,340",0
8326917,BOB 리본써클,0,0,0,0,"5,290","5,290",0
28330307,BOSE QC,0,0,0,0,"정품_256,000|해외구매_300,560|중고_256,000","정품_256,000|해외구매_300,560|중고_256,000",0
124259261,BOSE QC 2nd Gen,0,0,0,0,"정품_351,820","정품_351,820",0
15797471,BOSE QC 45,0,0,0,0,"정품_426,460|해외구매_290,300|중고_213,500","정품_426,460|해외구매_290,300|중고_213,500",0
72668633,BOSE QC SC,0,0,0,0,"정품_229,680|해외구매_294,580","정품_229,680|해외구매_294,580",0
28376288,BOSE QC 울트라 이어버드,0,0,0,0,"정품_219,000|해외구매_257,280","정품_219,000|해외구매_257,280",0
94884290,BOSE QC 울트라 이어버드 2세대,0,0,0,0,"정품_278,070|해외구매_417,700|중고_345,000","정품_278,070|해외구매_417,700|중고_345,000",0
28837895,BOSE QC 울트라 헤드폰,0,0,0,0,"정품_350,000|해외구매_468,320","정품_350,000|해외구매_468,310",0
99736994,BOSE QC 울트라 헤드폰 2세대,0,0,0,0,"정품_488,990|해외구매_506,730","정품_488,990|해외구매_506,730",0
67512923,BOSE QC 이어버드 2024년형,0,0,0,0,"정품_195,000","정품_195,000",0
36707483,BOSE 울트라 오픈 이어버드,0,0,0,0,"정품_272,000|해외구매_350,170|중고_256,000","정품_272,000|해외구매_350,170|중고_256,000",0
124376263,BOSE 울트라 오픈 이어버드 2세대,0,0,0,0,"정품_350,030","정품_350,030",0
3008288,BRYSI BY-330,0,0,0,0,"정품_4,430","정품_4,430",0
43535345,Britz BZ-WE100P,0,0,0,0,"21,900","21,900",0
75073829,Britz 브리츠인터내셔널 ANC1000XL3,0,0,0,0,"정품_49,900","정품_49,900",0
20609606,Britz 브리츠인터내셔널 Apods3,0,0,0,0,"28,900","28,900",0
124337158,Britz 브리츠인터내셔널 Apods4 ANC,0,0,0,0,"정품_34,900","정품_34,900",0
6532468,Britz 브리츠인터내셔널 BE-BONE5,0,0,0,0,"44,550","44,550",0
16588007,Britz 브리츠인터내셔널 BE-BONE7,0,0,0,0,"정품_54,900","정품_54,900",0
16518866,Britz 브리츠인터내셔널 BT4000 ANC,0,0,0,0,"96,900","96,900",0
27576089,Britz 브리츠인터내셔널 BT5000 ANC,0,0,0,0,"89,850","89,850",0
19532927,Britz 브리츠인터내셔널 BZ-ANC9,0,0,0,0,"35,100","35,100",0
124276615,Britz 브리츠인터내셔널 BZ-BONE X10,0,0,0,0,"정품_89,000","정품_89,000",0
122648601,Britz 브리츠인터내셔널 BZ-BONE X5,0,0,0,0,"정품_39,800","정품_39,800",0
122617101,Britz 브리츠인터내셔널 BZ-BONE9 PLUS,0,0,0,0,"정품_74,900","정품_74,900",0
124167100,Britz 브리츠인터내셔널 BZ-CURVE1,0,0,0,0,"47,900","47,900",0
76463645,Britz 브리츠인터내셔널 BZ-Clip7,0,0,0,0,"정품_34,900","정품_34,900",0
122693423,Britz 브리츠인터내셔널 BZ-Clip7 PLUS,0,0,0,0,"정품_39,900","정품_39,900",0
124153959,Britz 브리츠인터내셔널 BZ-D100SE,0,0,0,0,"49,900","49,900",0
77205101,Britz 브리츠인터내셔널 BZ-D100X,0,0,0,0,"정품_49,900","정품_49,900",0
91347716,Britz 브리츠인터내셔널 BZ-ER3,0,0,0,0,"정품_35,900","정품_35,900",0
103753670,Britz 브리츠인터내셔널 BZ-ER7L,0,0,0,0,"정품_42,900","정품_42,900",0
105968669,Britz 브리츠인터내셔널 BZ-H1Pro,0,0,0,0,"정품_31,410","정품_31,410",0
73694930,Britz 브리츠인터내셔널 BZ-HJ10,0,0,0,0,"정품_41,460",0,0
124376056,Britz 브리츠인터내셔널 BZ-Irex7,0,0,0,0,"44,900","44,900",0
124276837,Britz 브리츠인터내셔널 BZ-JX7Pro,0,0,0,0,"정품_89,780","정품_89,780",0
91495004,Britz 브리츠인터내셔널 BZ-M2BONE,0,0,0,0,"정품_64,800","정품_64,800",0
124289844,Britz 브리츠인터내셔널 BZ-M5BONE,0,0,0,0,"69,900","69,900",0
34371392,Britz 브리츠인터내셔널 BZ-ME900,0,0,0,0,"34,900","34,900",0
59760923,Britz 브리츠인터내셔널 BZ-Mtalk7R,0,0,0,0,0,"32,900",0
28930289,Britz 브리츠인터내셔널 BZ-UL20BT,0,0,0,0,"정품_31,520","정품_31,520",0
92968280,Britz 브리츠인터내셔널 BZ-WE900P,0,0,0,0,"정품_19,800","정품_19,800",0
122648222,Britz 브리츠인터내셔널 BZ-XT5,0,0,0,0,"정품_47,800","정품_47,800",0
70619942,Britz 브리츠인터내셔널 Fit9 Pro,0,0,0,0,"정품_79,800","정품_79,800",0
74488868,Britz 브리츠인터내셔널 InbudsTWS5,0,0,0,0,0,"정품_34,900",0
122692773,Britz 브리츠인터내셔널 Inspire5,0,0,0,0,"정품_22,370","정품_22,370",0
106701911,Britz 브리츠인터내셔널 Ironcuve,0,0,0,0,0,"69,900",0
124351551,Britz 브리츠인터내셔널 MAX10BT,0,0,0,0,"블랙_47,130|아이보리_47,130","블랙_47,130|아이보리_47,130",0
103187966,Britz 브리츠인터내셔널 MAX30BT 노이즈캔슬링 블루투스 무선 헤드폰 ANC,0,0,0,0,"정품_85,900","정품_89,000",0
17393654,Britz 브리츠인터내셔널 P20GX,0,0,0,0,"23,000","23,000",0
5926705,Britz 브리츠인터내셔널 P510GX,0,0,0,0,"정품_18,000","정품_18,000",0
6347664,Britz 브리츠인터내셔널 PH22,0,0,0,0,"23,970","23,970",0
31949270,Britz 브리츠인터내셔널 ProPods9 ANC,0,0,0,0,"39,900","39,900",0
122649037,Britz 브리츠인터내셔널 Radius7,0,0,0,0,"정품_93,060","정품_93,060",0
73696949,Britz 브리츠인터내셔널 Realfit5,0,0,0,0,"정품_47,900","정품_47,900",0
16008971,Britz 브리츠인터내셔널 StormTWS7,0,0,0,0,"정품_32,900","정품_32,900",0
80715524,CORSAIR HS80 게이밍 헤드셋 전용 이어패드,0,0,0,0,"1쌍_10,840","1쌍_10,840",0
5557920,CORSAIR ST100 RGB 프리미엄 헤드셋 거치대,0,0,0,0,"정품_80,630|해외구매_105,360","정품_80,630|해외구매_105,360",0
93914345,CORSAIR VOID v2 게이밍 헤드셋 메쉬 이어패드,0,0,0,0,"블랙_13,890|화이트_11,670","블랙_13,890|화이트_11,670",0
12107798,COX CGR100ANC,0,0,0,0,"9,890","9,890",0
98766377,COX KIWICOX 카콕자 베릴륨 드라이버 이어폰,0,0,0,0,"그린_51,000|레드_151,000|블루_51,000|퍼플_51,000","그린_51,000|레드_151,000|블루_51,000|퍼플_51,000",0
91351922,CVJ 어쌔신,0,0,0,0,"정품_75,560|해외구매_61,480","정품_75,460|해외구매_61,480",0
15502562,Creative OUTLIER AIR V2,0,0,0,0,"정품_109,000","정품_109,000",0
20656886,Creative Outlier Free Pro,0,0,0,0,"정품_143,000|해외구매_280,270","정품_143,000|해외구매_280,270",0
57305705,Creative ZEN AIR PRO,0,0,0,0,"정품_82,770|해외구매_79,390","정품_89,000|해외구매_79,390",0
66138872,Creative ZEN AIR SXFI,0,0,0,0,"정품_82,770|해외구매_168,240","정품_82,770|해외구매_168,240",0
32855384,Creative ZEN HYBRID PRO,0,0,0,0,"정품_138,570|해외구매_184,680","정품_138,570|해외구매_184,680",0
68246453,Creative ZEN HYBRID SXFi,0,0,0,0,"정품_99,000|해외구매_124,440","정품_99,000|해외구매_124,440",0
74123903,DAICOO S3,0,0,0,0,"정품_26,670",0,0
80548256,DOPE L6,0,0,0,0,"정품_32,130","정품_32,030",0
2012701,DOXX DX-01,0,0,0,0,"정품_4,000","정품_4,000",0
2516421,DOXX DX-02,0,0,0,0,"정품_3,500","정품_3,500",0
2516598,DOXX DX-100,0,0,0,0,"정품_9,000","정품_9,000",0
2516682,DOXX DX-200,0,0,0,0,"정품_2,500","정품_2,500",0
4392581,DOXX DX-A05,0,0,0,0,"정품_6,000","정품_6,000",0
5902175,DOXX DX-A06,0,0,0,0,0,"정품_12,070",0
15693143,DOXX DX-CE100,0,0,0,0,"9,900","9,900",0
100842491,DOXX DX-EARCAP,0,0,0,0,"3쌍_1,455","3쌍_1,455",0
13955303,DOXX DX-TWScolor,0,0,0,0,0,"28,280",0
3458410,DOXX 이어폰 파우치 DX-A10,0,0,0,0,"3,630","3,630",0
3410745,DS-4989,0,0,0,0,"정품_3,000","정품_3,000",0
122695616,ENZO 크리스탈 인이어 유선 이어폰,0,0,0,0,0,"정품_19,080",0
97411337,ESR 에어팟 프로3 할로락 플릭 락 맥세이프 케이스,0,0,0,0,"정품_29,650",0,0
63470660,FiiO FF1,0,0,0,0,"정품_39,500|해외구매_35,100","정품_39,500|해외구매_35,100",0
77312591,FiiO FT1,0,0,0,0,"정품_230,000|해외구매_163,380","정품_230,000|해외구매_163,380",0
77787068,FiiO FT1 PRO,0,0,0,0,"정품_314,690|해외구매_221,210","정품_314,590|해외구매_221,210",0
97476449,FiiO FT7,0,0,0,0,"정품_1,090,000|해외구매_908,080","정품_1,090,000|해외구매_908,080",0
124350230,FiiO SNOWSKY WIND PRO,0,0,0,0,"정품_22,400|해외구매_32,310","정품_22,400|해외구매_32,310",0
124046673,FiiO 무선 레트로 헤드폰 EH11,0,0,0,0,"해외구매_47,830","해외구매_47,830",0
62323613,FiiO 제이드오디오 JD1 Type-C,0,0,0,0,"정품_26,300|해외구매_33,400",0,0
63471134,FiiO 제이드오디오 JT1,0,0,0,0,"정품_92,400|해외구매_95,530","정품_92,400|해외구매_95,530",0
6419065,For LG FL-E220,0,0,0,0,"6,090","6,090",0
4887249,For LG FLM-H100,0,0,0,0,"정품_8,050","정품_8,050",0
7734514,For LG LGC-AEP07,0,0,0,0,"7,350","7,350",0
6614932,For LG LGC-AEP08,0,0,0,0,"8,800","8,800",0
6063081,For LG LTA-AEP04,0,0,0,0,"9,000","9,000",0
6087756,For LG LTA-AEP08,0,0,0,0,"6,500","6,500",0
8809484,GT텔레콤 모비프렌 MFB-E3100 Plus,0,0,0,0,"정품_55,560","정품_55,560",0
9563544,GT텔레콤 모비프렌 마블 MFB-E3300,0,0,0,0,"정품_54,960","정품_54,960",0
14582744,HACC PS5 전용 헤드폰 거치대 걸이,0,0,0,0,"3,300","3,300",0
124351989,HAVIT SPACE NC01T,0,0,0,0,"정품_45,000","정품_45,000",0
2784291,HDC영창 YH-2000,0,0,0,0,"10,000","10,000",0
1847607,HDC영창 커즈와일 YH-3000,0,0,0,0,"정품_18,800","정품_18,800",0
7312465,HICKIES A1,0,0,0,0,"2,470","2,470",0
5841153,HICKIES BH-HPSTD-NEWBEE,0,0,0,0,"정품_6,350","정품_6,350",0
100692293,HICKIES HEG-100,0,0,0,0,"1,840","1,840",0
77857088,HIFIMAN ANANDA NANO,0,0,0,0,"정품_458,990|해외구매_583,870","정품_458,990|해외구매_583,870",0
77856992,HIFIMAN ARYA Organic,0,0,0,0,"정품_1,111,990|해외구매_1,242,380","정품_1,111,990|해외구매_1,242,380",0
77466017,HIFIMAN ARYA Stealth,0,0,0,0,"정품_889,990|해외구매_1,063,100",0,0
18017807,HIFIMAN EDITION XS,0,0,0,0,"정품_302,990|해외구매_280,360","정품_302,990|해외구매_280,260",0
97227203,HIFIMAN EDITION XV,0,0,0,0,"정품_516,040|해외구매_565,720","정품_516,040|해외구매_565,720",0
123981342,HIFIMAN HE-6 Remastered,0,0,0,0,"정품_3,170,000","정품_3,170,000",0
78713789,HIFIMAN HE1000 Stealth,0,0,0,0,"정품_1,389,990","정품_1,389,990",0
77786348,HIFIMAN HE1000se,0,0,0,0,"정품_2,133,760","정품_2,133,760",0
16726931,HIFIMAN HE400SE 스텔스 마그넷,0,0,0,0,"정품_98,690|해외구매_100,610","정품_98,690|해외구매_100,610",0
12678869,HIFIMAN SUNDARA,0,0,0,0,"정품_189,000|해외구매_349,720","정품_189,000|해외구매_349,720",0
81062882,HP 폴리 보이저 레전드 50,0,0,0,0,0,"정품_169,000|해외구매_103,660",0
94937315,ID221 MOTO A1M,0,0,0,0,"정품_67,000","정품_67,000",0
10104786,INTRO TWS-501,0,0,0,0,"19,771","19,771",0
72754154,IZNC N3,0,0,0,0,"정품_5,900","정품_5,900",0
3046952,JAVIS JV-200,0,0,0,0,"정품_9,310","정품_9,220",0
72303479,JBL JR320BT,0,0,0,0,"정품_30,620","정품_30,620",0
45252281,JBL LIVE 670NC,0,0,0,0,"정품_139,920|해외구매_172,800","정품_139,920|해외구매_172,800",0
123994401,JBL LIVE 680NC,0,0,0,0,"정품_159,280|해외구매_175,590","정품_159,280|해외구매_175,590",0
56151716,JBL LIVE 770NC,0,0,0,0,"정품_154,650|해외구매_157,990","정품_157,510|해외구매_157,990",0
123972877,JBL LIVE 780NC,0,0,0,0,"정품_183,920|해외구매_242,970","정품_183,920|해외구매_242,970",0
124337029,JBL LIVE BEAM 4,0,0,0,0,"정품_245,050","정품_245,050",0
124259552,JBL LIVE BUDS 4,0,0,0,0,"정품_245,050|해외구매_255,120","정품_245,050|해외구매_255,120",0
17790365,JBL QUANTUM 50,0,0,0,0,"정품_50,320",0,0
73693946,JBL QUANTUM 50C,0,0,0,0,"정품_39,510","정품_39,510",0
73693430,JBL QUANTUM TWS AIR,0,0,0,0,"정품_93,986|해외구매_268,900","정품_93,986|해외구매_268,900",0
94449398,JBL SENSE LITE,0,0,0,0,"정품_136,840|해외구매_102,820","정품_136,840|해외구매_102,820",0
108219809,JBL SENSE PRO,0,0,0,0,"정품_211,990|해외구매_181,540","정품_211,990|해외구매_182,230",0
107991542,JBL SOUNDGEAR CLIPS,0,0,0,0,"정품_176,170|해외구매_142,420","정품_176,170|해외구매_142,410",0
122708740,JBL T215BT,0,0,0,0,"정품_40,800","정품_40,800",0
91118831,JBL TOUR ONE M3 Smart Tx,0,0,0,0,"정품_279,840","정품_279,840",0
69468491,JBL TOUR PRO 3,0,0,0,0,"정품_289,000|해외구매_263,910","정품_289,000|해외구매_263,910",0
13958216,JBL TUNE 215BT,0,0,0,0,"정품_39,340","정품_39,340",0
56150825,JBL TUNE 310C,0,0,0,0,"정품_30,943|해외구매_35,800","정품_30,943|해외구매_35,800",0
20320745,JBL TUNE 520BT,0,0,0,0,0,"정품_48,900|해외구매_63,990",0
106709963,JBL TUNE 530BT,0,0,0,0,"정품_47,430|해외구매_63,890","정품_47,430|해외구매_63,890",0
20758100,JBL TUNE 720BT,0,0,0,0,"정품_70,850|해외구매_100,600","정품_70,850|해외구매_100,600",0
122629369,JBL TUNE 730BT,0,0,0,0,"정품_96,710|해외구매_113,460","정품_96,710|해외구매_113,460",0
27888011,JBL TUNE 770NC,0,0,0,0,"정품_112,617|해외구매_136,470","정품_112,617|해외구매_136,370",0
75859001,JBL TUNE BEAM 2,0,0,0,0,"정품_89,000|해외구매_132,490","정품_89,000|해외구매_132,490",0
75859052,JBL TUNE BUDS 2,0,0,0,0,"정품_89,000|해외구매_85,710","정품_89,000|해외구매_85,710",0
101070620,JBL TUNE FLEX,0,0,0,0,"해외구매_93,490","해외구매_93,490",0
75858869,JBL WAVE BEAM 2,0,0,0,0,"정품_43,820|해외구매_66,990","정품_43,820|해외구매_66,990",0
75858776,JBL WAVE BUDS 2,0,0,0,0,"정품_54,900|해외구매_88,800","정품_54,900|해외구매_88,800",0
2003344,JLAB JBuds J2,0,0,0,0,"정품_5,340","정품_5,340",0
7341241,KALRON 이어팁 + 메모리 폼팁,0,0,0,0,"6쌍_9,900","6쌍_9,900",0
32845865,KEFINE Klanar,0,0,0,0,"3.5mm, 정품_172,310|3.5mm, 해외구매_140,090","3.5mm, 정품_172,310|3.5mm, 해외구매_140,010",0
13611545,KOSS KPH30i,0,0,0,0,"정품_44,290","정품_46,790",0
18676445,KOSS KPH40 Utility,0,0,0,0,"정품_59,890|해외구매_62,400","정품_59,890|해외구매_62,400",0
2645672,KOSS KPH7,0,0,0,0,"해외구매_14,760","해외구매_14,760",0
14292530,KOSS KSC35,0,0,0,0,"정품_65,000|해외구매_100,590|벌크_68,690","정품_65,000|해외구매_100,590|벌크_68,690",0
789993,KOSS KSC75,0,0,0,0,"정품_28,400|해외구매_37,200","정품_28,400|해외구매_37,200",0
4150712,KOSS Porta Pro,0,0,0,0,"정품_60,800|해외구매_50,040","정품_60,800|해외구매_50,040",0
95060096,KOSS Porta Pro Wireless,0,0,0,0,"정품_119,000|해외구매_154,900","정품_119,000|해외구매_154,810",0
14299073,KSC75 KSC35 호환용 파츠익스프레스 헤어밴드,0,0,0,0,"10,990","10,990",0
99478715,KZ CASTOR,0,0,0,0,"마이크X, 해외구매_20,510","마이크X, 해외구매_20,510",0
123846808,KZ Carol Pro,0,0,0,0,"해외구매_40,800","해외구매_40,800",0
123668312,KZ Gale,0,0,0,0,"해외구매_13,860","해외구매_13,860",0
123846776,KZ KZ AS16 Pro,0,0,0,0,"해외구매_50,770","해외구매_50,770",0
14857379,KZ KZ-ZSN Pro X,0,0,0,0,"해외구매_23,500","해외구매_23,500",0
122700942,LETSHUOER S12 PRO,0,0,0,0,"해외구매_196,460","해외구매_196,460",0
4838237,LG U+ SU-100,0,0,0,0,"정품_6,890","정품_6,890",0
19763744,LG전자 TONE Free 이어젤 COA01245720,0,0,0,0,"3쌍_9,290","3쌍_9,290",0
5241194,LG전자 Tone+ HBS-510,0,0,0,0,"정품_93,000","정품_93,000",0
16474829,LG전자 Tone+ TONE-TNP3,0,0,0,0,"1,288,790","1,288,790",0
73693094,LG전자 엑스붐 버즈,0,0,0,0,"정품_119,730","정품_119,630",0
97705973,LG전자 엑스붐 버즈 라이트,0,0,0,0,"정품_85,450","정품_85,330",0
97706114,LG전자 엑스붐 버즈 플러스,0,0,0,0,"정품_165,910","정품_165,810",0
124362995,LG전자 톤프리 HBS-TFN5 충전 케이스 COA01245403,0,0,0,0,"72,600","72,600",0
124363071,LG전자 톤프리 HBS-TFN5 충전 케이스 COA01245406,0,0,0,0,"72,600","72,600",0
17738081,LG전자 톤프리 TONE-UT90Q,0,0,0,0,"222,960","222,960",0
62795744,LG전자 톤프리 TONE-UT90Q 충전 케이스,0,0,0,0,"85,290","85,290",0
32067905,LG전자 톤프리 TONE-UT90S,0,0,0,0,"정품_179,000","정품_179,000",0
76791440,MAXTILL GM-8D100,0,0,0,0,"정품_23,310","정품_23,310",0
16618199,MAXTILL GM-P200B,0,0,0,0,"29,800","29,800",0
122657969,MAXTILL MW-BTAE20 ANC,0,0,0,0,0,"38,990",0
18323294,MEZE AUDIO 109 PRO,0,0,0,0,"정품_1,173,900|해외구매_1,423,000",0,0
86101388,MEZE AUDIO ALBA,0,0,0,0,"정품_198,000",0,0
77465618,MEZE AUDIO LIRIC II,0,0,0,0,"정품_2,969,990",0,0
123731633,MEZE AUDIO STRADA,0,0,0,0,"정품_984,000","정품_984,000",0
10306470,MSI HS01 헤드셋 거치대,0,0,0,0,"해외구매_37,800","해외구매_37,800",0
123730691,MUJI MH1,0,0,0,0,"해외구매_73,200","해외구매_73,200",0
122724781,NEX Q10,0,0,0,0,"25,830","25,830",0
32088143,NiceHCK EB2S Pro,0,0,0,0,"3.5mm, 마이크X, 해외구매_34,400",0,0
27575027,NiceHCK NX7 MK4,0,0,0,0,"3.5mm, 해외구매_141,060|4.4mm, 해외구매_177,000","3.5mm, 해외구매_141,060|4.4mm, 해외구매_177,000",0
62161217,Nothing CMF Buds Pro 2,0,0,0,0,"정품_74,260|해외구매_79,000","정품_74,260|해외구매_79,000",0
51549122,Nothing Ear,0,0,0,0,"정품_247,200|해외구매_122,120","정품_247,200|해외구매_122,120",0
99127763,Nothing Ear (3),0,0,0,0,"정품_219,000|해외구매_376,800","정품_219,000|해외구매_376,800",0
51548801,Nothing Ear (a),0,0,0,0,"정품_93,060|해외구매_90,450","정품_93,060|해외구매_90,450",0
72472355,Nothing Ear (open),0,0,0,0,0,"정품_158,860|해외구매_162,420",0
122724759,QCY AilyBuds Clear QT32,0,0,0,0,"2개, 해외구매_23,040|해외구매_13,800","2개, 해외구매_23,040|해외구매_13,800",0
78240839,QCY AilyBuds E10 QT35,0,0,0,0,"해외구매_17,570","해외구매_17,570",0
86101646,QCY AilyBuds E20 HT13,0,0,0,0,"해외구매_17,700","해외구매_17,700",0
54963269,QCY AilyBuds Lite QT29,0,0,0,0,"정품_26,900|해외구매_18,850","정품_26,900|해외구매_18,850",0
64468826,QCY AilyBuds Pro HT10,0,0,0,0,"정품_39,900|해외구매_47,500","정품_39,900|해외구매_47,500",0
64468982,QCY AilyBuds Pro+ HT10-Hires,0,0,0,0,"정품_46,990|해외구매_48,260","정품_46,990|해외구매_48,260",0
122688176,QCY AilyBuds T35,0,0,0,0,"정품_26,900","정품_26,900",0
30257801,QCY C1,0,0,0,0,"정품_19,900","정품_19,900",0
20640557,QCY C2,0,0,0,0,0,"해외구매_53,400",0
73695026,QCY Crossky C30 T33,0,0,0,0,"정품_39,900|해외구매_44,740","정품_39,900|해외구매_44,740",0
78241076,QCY Crossky C30S,0,0,0,0,"해외구매_36,990","해외구매_36,990",0
123807035,QCY Crossky C50,0,0,0,0,"정품_54,900|해외구매_43,020","정품_54,900|해외구매_43,020",0
123971895,QCY Crossky C50i,0,0,0,0,"2개, 해외구매_81,680|해외구매_36,440","2개, 해외구매_81,680|해외구매_36,440",0
65910779,QCY Crossky GTR2 T30,0,0,0,0,"정품_33,500|해외구매_31,070","정품_33,500|해외구매_31,070",0
21533051,QCY Crossky Link T22,0,0,0,0,"정품_26,500","정품_26,500",0
91494776,QCY Crossky R70,0,0,0,0,"해외구매_68,390","해외구매_68,390",0
122724862,QCY Era 7,0,0,0,0,"해외구매_18,610","해외구매_18,610",0
28370867,QCY H2 PRO,0,0,0,0,"정품_27,500|해외구매_33,230","정품_27,500|해외구매_33,230",0
31959515,QCY H3,0,0,0,0,"정품_42,900|해외구매_44,460","정품_42,900|해외구매_44,460",0
79400474,QCY H3 Pro,0,0,0,0,"정품_54,460|해외구매_54,190","정품_54,460|해외구매_54,190",0
98548913,QCY H3S,0,0,0,0,"해외구매_47,560","해외구매_47,560",0
124276980,QCY H3S EXTREME ANC,0,0,0,0,"정품_54,440","정품_54,340",0
30257669,QCY H4,0,0,0,0,"정품_49,900|해외구매_67,290","정품_49,900|해외구매_67,290",0
106693007,QCY MeloBuds N20,0,0,0,0,"해외구매_25,500","해외구매_25,500",0
92968457,QCY MeloBuds N30 HT16,0,0,0,0,"정품_25,800|해외구매_29,900","정품_25,800|해외구매_29,900",0
78239669,QCY MeloBuds N50 HT12,0,0,0,0,"정품_28,860","정품_28,860",0
100190570,QCY MeloBuds N60 HT19,0,0,0,0,"해외구매_46,900","해외구매_46,900",0
95423273,QCY MeloBuds N70 HT18,0,0,0,0,"해외구매_78,210","해외구매_78,210",0
71645780,QCY MeloBuds Pro HT08,0,0,0,0,"정품_46,900|해외구매_47,904","정품_46,900|해외구매_47,904",0
104940635,QCY RACE,0,0,0,0,"정품_48,500","정품_48,500",0
15071006,QCY T13,0,0,0,0,"정품_24,300|해외구매_20,740","정품_24,300|해외구매_20,740",0
19927838,QCY T13 ANC,0,0,0,0,"정품_28,200|해외구매_35,330","정품_28,200|해외구매_35,330",0
52367075,QCY T13 ANC 2,0,0,0,0,"정품_28,900|해외구매_38,320","정품_28,900|해외구매_38,320",0
30257405,QCY T13X,0,0,0,0,"정품_25,900|해외구매_37,990","정품_25,900|해외구매_37,990",0
16818110,QCY T17,0,0,0,0,"정품_34,300|해외구매_33,420","정품_34,300|해외구매_32,680",0
96258452,QCY T41 AIR,0,0,0,0,"정품_27,260","정품_27,260",0
94814210,QCY T43 Buds,0,0,0,0,"정품_19,900","정품_19,900",0
88133408,QKZ AK6,0,0,0,0,0,"병행수입_9,210|해외구매_7,160",0
124087049,RAZER 베이스 스테이션 V3 크로마 헤드셋 거치대,0,0,0,0,"139,000","139,000",0
3007852,REAL RL-500,0,0,0,0,"3,500","3,500",0
3006766,REAL RL-700,0,0,0,0,"정품_4,700","정품_4,700",0
94934597,Razer Hammerhead V3,0,0,0,0,"블랙_79,000|화이트_79,000","블랙_79,000|화이트_79,000",0
122634182,Razer Hammerhead V3 HyperSpeed,0,0,0,0,"정품_229,000","정품_229,000",0
122628299,Razer Hammerhead V3 X HyperSpeed,0,0,0,0,"정품_139,000|해외구매_181,080","정품_139,000|해외구매_181,080",0
123537759,Razer Hammerhead V3 X HyperSpeed for PlayStation,0,0,0,0,"정품_159,000","정품_159,000",0
123537698,Razer Hammerhead V3 X HyperSpeed for Xbox,0,0,0,0,"정품_159,000","정품_159,000",0
21691085,Razer Moray,0,0,0,0,"정품_199,000|해외구매_118,170","정품_199,000|해외구매_118,170",0
1813633,SHOWER SH-i30,0,0,0,0,"정품_6,900","정품_6,900",0
3422584,SHOWER SHi90,0,0,0,0,"정품_12,180","정품_12,180",0
12650738,SICRON SM-100BT,0,0,0,0,"20,613","20,613",0
37825949,SIE 플레이스테이션 PULSE Explore,0,0,0,0,"정품_226,000|해외구매_255,990","정품_226,000|해외구매_255,990",0
71722082,SIMGOT EA500 DSP,0,0,0,0,"정품_111,000|해외구매_66,220","정품_111,000|해외구매_66,220",0
52065650,SIMGOT EA500 LM,0,0,0,0,"정품_108,470|해외구매_109,100","정품_108,470|해외구매_109,100",0
103517513,SIMGOT EG280,0,0,0,0,"정품_97,270","정품_97,270",0
79407377,SIMGOT ET142,0,0,0,0,"정품_298,990","정품_298,990",0
25642181,SIMGOT EW100,0,0,0,0,"마이크X, 정품_24,110|마이크O, 정품_25,000|마이크X, 해외구매_30,340","마이크X, 정품_23,370|마이크O, 정품_25,000|마이크X, 해외구매_30,340",0
28887641,SIMGOT EW100P,0,0,0,0,"정품_32,190|해외구매_45,510","정품_32,190|해외구매_45,510",0
24132833,SIMGOT EW200,0,0,0,0,"정품_56,980|해외구매_47,350|+LC1, 해외구매_74,441|+LC1T, 해외구매_81,073|+LC3T, 해외구매_92,129","정품_56,980|해외구매_47,350|+LC1, 해외구매_74,573|+LC1T, 해외구매_81,217|+LC3T, 해외구매_92,292",0
72006188,SIMGOT EW200 DSP,0,0,0,0,"정품_59,000","정품_59,000",0
72005879,SIMGOT EW300,0,0,0,0,"해외구매_78,085","해외구매_78,085",0
72006038,SIMGOT EW300 DSP,0,0,0,0,"정품_120,000|해외구매_116,800","정품_120,000|해외구매_116,800",0
104982707,SIMGOT SuperMix 5,0,0,0,0,"정품_349,000","정품_349,000",0
77967047,SIVGA Anser,0,0,0,0,"정품_272,090","정품_272,090",0
19531670,SKY 웰 헤드셋 거치대,0,0,0,0,"7,990","7,990",0
72304919,SKY 핏 버스트 IM-S33ANC,0,0,0,0,0,"정품_19,990",0
99476360,SONY IER-EX15C,0,0,0,0,"정품_29,000|해외구매_24,000","정품_29,000|해외구매_24,000",0
124259188,SONY IER-M500,0,0,0,0,"정품_148,000","정품_148,000",0
28775405,SONY INZONE Buds WF-G700N,0,0,0,0,"정품_219,000|해외구매_192,020","정품_219,000|해외구매_192,020",0
99739352,SONY INZONE E9 IER-G900,0,0,0,0,"정품_154,400|해외구매_195,190","정품_154,400|해외구매_195,190",0
32990,SONY MDR-7506,0,0,0,0,"정품_127,990|중고_119,000|병행수입_211,990|해외구매_145,700","정품_127,990|중고_119,000|병행수입_211,990|해외구매_145,700",0
3593312,SONY MDR-7506 / MDR-V6 이어패드,0,0,0,0,"7,520",0,0
1326809,SONY MDR-E9LP,0,0,0,0,"정품_6,280|해외구매_23,400","정품_6,280|해외구매_23,400",0
5260102,SONY MDR-EX155AP,0,0,0,0,"정품_28,900|해외구매_35,040","정품_28,900|해외구매_35,040",0
2136235,SONY MDR-EX15AP,0,0,0,0,"정품_10,200|해외구매_24,600","정품_10,200|해외구매_24,600",0
5260299,SONY MDR-EX255AP,0,0,0,0,"정품_38,890|해외구매_58,000","정품_38,890|해외구매_58,000",0
3130116,SONY MDR-EX650AP,0,0,0,0,"해외구매_77,910",0,0
68362961,SONY MDR-M1,0,0,0,0,"정품_328,000|해외구매_429,760","정품_328,000|해외구매_429,760",0
19841069,SONY MDR-MV1,0,0,0,0,"정품_498,000|해외구매_395,850","정품_498,000|해외구매_396,260",0
6457275,SONY MDR-Z7M2,0,0,0,0,"정품_743,060|해외구매_884,490","정품_743,060|해외구매_884,490",0
2270637,SONY MDR-ZX110AP,0,0,0,0,"정품_25,900|해외구매_24,060","정품_25,800|해외구매_24,060",0
47488970,SONY ULT WEAR WH-ULT900N,0,0,0,0,"정품_212,960|해외구매_182,380|중고_163,500","정품_212,960|해외구매_182,380|중고_163,500",0
14570231,SONY WF-1000XM4,0,0,0,0,"정품_199,460|해외구매_215,740","정품_199,460|해외구매_215,640",0
27250154,SONY WF-1000XM5,0,0,0,0,"정품_306,490|해외구매_247,230|해외리퍼비시_238,960","정품_306,490|해외구매_247,130|해외리퍼비시_238,870",0
67576301,SONY WF-1000XM5 스모키 핑크 에디션,0,0,0,0,"정품_259,200|해외리퍼비시_253,000","정품_259,200|해외리퍼비시_253,000",0
106689230,SONY WF-1000XM6,0,0,0,0,"정품_459,000||해외구매_319,200|해외리퍼비시_179,300","정품_459,000||해외구매_319,200|해외리퍼비시_179,300",0
65432375,SONY WF-C510,0,0,0,0,"정품_81,880|해외구매_79,790","정품_81,880|해외구매_79,790",0
83297033,SONY WF-C710N,0,0,0,0,"정품_82,980|해외구매_130,230","정품_82,980|해외구매_130,230",0
122677167,SONY WH-1000X THE COLLEXION,0,0,0,0,"정품_868,000|해외구매_1,015,500","정품_859,000|해외구매_1,015,500",0
12003638,SONY WH-1000XM4,0,0,0,0,"정품_362,010|해외구매_301,990|해외리퍼비시_219,140","정품_362,010|해외구매_301,990|해외리퍼비시_219,140",0
17229284,SONY WH-1000XM5,0,0,0,0,"정품_273,600|해외구매_288,550|해외리퍼비시_262,080","정품_273,600|해외구매_288,550|해외리퍼비시_261,980",0
67576193,SONY WH-1000XM5 스모키 핑크 에디션,0,0,0,0,"정품_364,800|","정품_364,800|",0
92622830,SONY WH-1000XM6,0,0,0,0,"블랙_489,330|플래티넘 실버_489,350|미드나잇 블루_490,500|올리브 그레이_529,000|샌드 핑크_529,000|||","블랙_489,230|플래티넘 실버_489,350|미드나잇 블루_490,500|올리브 그레이_529,000|샌드 핑크_529,000|||",0
19161290,SONY WH-CH520,0,0,0,0,"정품_68,000|해외구매_53,100|중고_83,700","정품_68,000|해외구매_53,100|중고_83,700",0
19160999,SONY WH-CH720N,0,0,0,0,"정품_149,000|해외구매_116,760|중고_140,100|해외리퍼비시_114,150","정품_149,000|해외구매_116,760|중고_140,100|해외리퍼비시_114,050",0
124351439,SONY WH-CH730N,0,0,0,0,"정품_186,910","정품_186,910",0
32065679,SONY WI-C100,0,0,0,0,"해외구매_40,010","해외구매_40,010",0
27807218,SONY 노이즈 아이솔레이션 이어팁 EP-NI1010,0,0,0,0,0,"SS, 1쌍_22,900|S, 1쌍_22,900|M, 1쌍_22,900|L, 1쌍_22,900",0
71160086,SONY 링크버즈 오픈 WF-L910,0,0,0,0,"정품_248,640|해외구매_177,840","정품_248,640|해외구매_175,980",0
104616605,SONY 링크버즈 클립 WF-LC900,0,0,0,0,"정품_229,030|해외구매_204,620","정품_229,030|해외구매_204,370",0
5491300,SV-180V,0,0,0,0,"4,510","4,510",0
15732818,Saramonic SR-BH600,0,0,0,0,"정품_110,700","정품_110,700",0
123731682,Sendy Audio Egret,0,0,0,0,"정품_1,230,000","정품_1,230,000",0
4731286,Smartek STBT-2100,0,0,0,0,"정품_29,900","정품_29,900",0
16609232,Smartek STBT-ANC10,0,0,0,0,"38,700","38,700",0
9831609,Smartek STBT-BCE01,0,0,0,0,"정품_32,580","정품_32,580",0
28607981,Smartek STBT-BCE02,0,0,0,0,"24,900","24,900",0
27474350,Smartek STBT-D100,0,0,0,0,"19,900","19,900",0
12927665,Smartek STBT-E800,0,0,0,0,"14,900","14,900",0
27787853,Smartek STBT-EC150,0,0,0,0,"정품_19,900","정품_19,900",0
24132695,Smartek STBT-RE01,0,0,0,0,"19,470","19,470",0
12008834,Smartek STBT-TW2000,0,0,0,0,"19,900","19,900",0
27788096,Smartek STBT-TW3000,0,0,0,0,"24,890","24,890",0
13545107,Smartek STE-C100,0,0,0,0,"정품_5,530","정품_5,530",0
18060923,Smartek STE-C50,0,0,0,0,"4,700","4,700",0
7929172,SonicGearLab 소닉기어 뉴 에어폰3,0,0,0,0,"민트_18,490|블랙_16,950|화이트_16,950","민트_18,490|블랙_16,950|화이트_16,950",0
15488471,SooPii KE05,0,0,0,0,"3,700","3,700",0
17182997,SooPii KE05GD,0,0,0,0,"4,750","4,750",0
15863531,SooPii KE06,0,0,0,0,"4,260","4,260",0
78844748,SooPii USB겸용 C타입 이어폰 KE06GD12,0,0,0,0,"정품_4,750","정품_4,750",0
97357622,SoundPEATS H3,0,0,0,0,"해외구매_135,360","해외구매_135,360",0
79603781,SoundPEATS T3 Pro,0,0,0,0,"정품_17,900|2개, 정품_30,260|해외구매_59,800","정품_17,900|2개, 정품_30,260|해외구매_59,800",0
39104354,Sudio A1,0,0,0,0,"정품_58,000","정품_58,000",0
99554423,Sudio V3,0,0,0,0,"정품_21,340|해외구매_76,000","정품_21,340|해외구매_76,000",0
20371454,T+A Solitaire T,0,0,0,0,"정품_1,850,000|해외구매_3,009,160","정품_1,850,000|해외구매_3,009,160",0
20703110,TANGZU 당삼채 Tang Sancai,0,0,0,0,"3쌍, 정품_17,900","3쌍, 정품_17,900",0
90115256,TANGZU 상관완아 2 WANER 2,0,0,0,0,"정품_31,890|","정품_31,890|",0
18545315,TANGZU 상관완아 WANER SG,0,0,0,0,"마이크X, 정품_27,900|마이크X, 해외구매_30,480|마이크O, 해외구매_26,800","마이크X, 정품_27,900|마이크X, 해외구매_30,480|마이크O, 해외구매_26,800",0
1629207,TG삼보 TGE-V10 TG-V10,0,0,0,0,"정품_2,900","정품_2,890",0
79553192,THOUSTA 귀걸이형 블루투스 이어폰 M91,0,0,0,0,"정품_30,330","정품_30,330",0
101188346,TKDS Disney M2 이어폰,0,0,0,0,"정품_2,730","정품_2,730",0
2722732,TKDS 디즈니 겨울왕국 이어폰,0,0,0,0,"4,610","4,610",0
101188508,TKDS 마블 블랙팬서 이어폰,0,0,0,0,"정품_2,300","정품_2,300",0
124351948,TOZO 에어로사운드6 프로,0,0,0,0,"해외구매_166,400","해외구매_166,400",0
124351870,TOZO 오픈X2 프로,0,0,0,0,"해외구매_199,000","해외구매_199,000",0
96856463,TOZO 오픈라임,0,0,0,0,"정품_49,000",0,0
14933354,TRN MT1 3.5mm,0,0,0,0,"마이크X, 정품_16,400|마이크X, 해외구매_16,020",0,0
19234598,TRUTHEAR HEXA,0,0,0,0,"해외구매_147,490","해외구매_147,490",0
57499796,TRUTHEAR NOVA,0,0,0,0,"해외구매_313,830","해외구매_313,830",0
20399108,TRUTHEAR X Crinacle ZERO:RED,0,0,0,0,"해외구매_95,790","해외구매_95,790",0
93445934,USAMS EP-42,0,0,0,0,"정품_5,960","정품_5,960",0
32125397,USAMS EP-43,0,0,0,0,"정품_15,830","정품_15,830",0
59758319,VICXXO 갤럭시 버즈3 레빅스킨 케이스,0,0,0,0,"10,900","10,900",0
3519096,VJJB V1S,0,0,0,0,"정품_15,420","정품_15,420",0
20596958,XTRA gni-305,0,0,0,0,"60,660","60,660",0
36202535,XTRA gni-512,0,0,0,0,"16,170","16,170",0
3555536,YISON CX-330,0,0,0,0,"정품_4,650","정품_4,650",0
2983710,YISON CX-390,0,0,0,0,"정품_10,130","정품_10,130",0
3688319,YISON 매직 펜슬,0,0,0,0,"정품_7,150","정품_7,150",0
104753264,iFi audio Go Pod Air,0,0,0,0,0,"정품_320,160",0
4001320,kee-ka EE-63,0,0,0,0,"정품_7,380","정품_7,380",0
78989594,nwm ONE,0,0,0,0,"해외구매_362,510","해외구매_362,510",0
4498540,강원전자 NETmate 초슬림 스테레오 Y 케이블,0,0,0,0,"3,720","3,720",0
2027292,강원전자 NETmate 퍼즐 이어폰 줄감개 NMA-LM28,0,0,0,0,600,600,0
2027283,강원전자 NETmate 퍼즐 이어폰 줄감개 NMA-LM29,0,0,0,0,"1,930","1,930",0
2027257,강원전자 NETmate 퍼즐 이어폰 줄감개 NMA-LM30,0,0,0,0,"1,930","1,930",0
124130461,그라도 Signature S950,0,0,0,0,"정품_3,960,000","정품_3,960,000",0
29825441,그레이코 BOSE QC Ultra Earbuds 투명 케이스,0,0,0,0,"6,890","6,890",0
92969186,그레이코 샥즈 오픈닷 원 E310 컬러 케이스,0,0,0,0,"정품_3,900","정품_3,900",0
93018116,그레이코 샥즈 오픈닷 원 E310 투명 케이스,0,0,0,0,"정품_3,900","정품_3,900",0
21632405,그린솔루션 펭카 버즈 PB1004,0,0,0,0,"정품_23,900","정품_23,900",0
21633359,그린솔루션 펭카 버즈 PB1004 전용 케이스,0,0,0,0,"3,620","3,620",0
11647517,글로리어스 TRIDENT 헤드셋 거치대,0,0,0,0,"해외구매_31,380","해외구매_31,380",0
123731602,노블오디오 IRIS,0,0,0,0,"정품_1,240,000","정품_1,240,000",0
62176403,누아트 갤럭시 버즈3 투명 하드케이스,0,0,0,0,"25,120","25,120",0
19872071,누아트 에어팟 맥스 헤드 실리콘 커버,0,0,0,0,"13,490",0,0
98240291,누아트 에어팟 프로3 모던 가죽 케이스,0,0,0,0,"정품_14,460","정품_14,460",0
68363108,다이슨 온트랙,0,0,0,0,"정품_499,190|해외구매_490,330","정품_499,190|해외구매_490,330",0
5106423,담소 DS-7777,0,0,0,0,"정품_3,500","정품_3,500",0
5106548,담소 DS-7942,0,0,0,0,"정품_3,500","정품_3,500",0
5103389,담소 DS-9090,0,0,0,0,"정품_3,500","정품_3,500",0
6531876,더나은 Dual speaker,0,0,0,0,"7,500","7,500",0
15238979,더나은 짐승 EDITION S,0,0,0,0,"정품_7,240","정품_7,240",0
27609602,더조은셀러 갤럭시 버즈 프로 스윗팁,0,0,0,0,"S, 1쌍_1,790|M, 1쌍_1,790|L, 1쌍_1,790|S+M+L, 3쌍_8,200","S, 1쌍_1,790|M, 1쌍_1,790|L, 1쌍_1,790|S+M+L, 3쌍_8,200",0
64270424,더조은셀러 갤럭시 버즈3 스위치 락 케이스,0,0,0,0,"10,890","10,890",0
101070554,더하기 고부기 갤럭시 버즈3 TPU 키링 케이스,0,0,0,0,"정품_5,480","정품_5,480",0
6453970,데논 AH-D9200,0,0,0,0,"정품_1,680,000|해외구매_1,535,050","정품_1,680,000|해외구매_1,534,000",0
20337506,데코니 머큐리 폼팁,0,0,0,0,"S, 3쌍_23,890|M, 3쌍_23,900|L, 3쌍_23,900|S+M+L, 3쌍_23,900","S, 3쌍_23,890|M, 3쌍_23,900|L, 3쌍_23,900|S+M+L, 3쌍_23,900",0
14410070,듀얼 헤드폰 거치대 걸이,0,0,0,0,"8,360","8,270",0
28271558,드비알레 GEMINI 2,0,0,0,0,"정품_620,000|해외구매_686,372","정품_620,000|해외구매_686,372",0
122703930,디알고 BCK03,0,0,0,0,"정품_27,800","정품_27,800",0
18670346,디알고 BH020C,0,0,0,0,"17,780","17,780",0
13138856,디알고 BH028C,0,0,0,0,"19,800","19,800",0
21723998,디알고 BH028K,0,0,0,0,"27,800","27,800",0
33483884,디알고 BH038C,0,0,0,0,"26,800","26,800",0
17882825,디알고 BH06CK,0,0,0,0,"29,800","29,800",0
99911483,디알고 BH10Q,0,0,0,0,"정품_26,800","정품_26,800",0
14960540,디알고 EP05C,0,0,0,0,"26,230","26,230",0
15044618,디알고 게이밍 RGB 이어폰 GT03,0,0,0,0,"37,180","37,180",0
21551039,디엠케이코리아 어반사운드 US-EPC1,0,0,0,0,"5,670","5,670",0
21118001,디월트 Jobsite Pro DXMA1902091A,0,0,0,0,"정품_64,700|해외구매_50,420","정품_64,700|해외구매_50,420",0
123730605,디젤 60458 USB-C타입,0,0,0,0,"해외구매_153,735","해외구매_153,735",0
91769606,디큐브 무브웨이브,0,0,0,0,"정품_16,990","정품_16,990",0
10949628,라온 BTH-3000,0,0,0,0,"16,760","16,760",0
30130622,라온 BTH-5000ANC,0,0,0,0,"36,710","36,710",0
16225382,라온 ITB-BTE70,0,0,0,0,"정품_24,890","정품_24,890",0
27759167,라온 ITB-BTE80,0,0,0,0,"18,470","18,470",0
5969302,라이트컴 COMS BB082,0,0,0,0,"정품_10,630","정품_10,630",0
5467985,라이트컴 COMS BB371,0,0,0,0,정품_500,정품_500,0
13312937,라이트컴 COMS BB493,0,0,0,0,"정품_43,010","정품_43,010",0
90890483,라이트컴 COMS BD213,0,0,0,0,"정품_11,990","정품_11,990",0
43531052,라이트컴 COMS BF261,0,0,0,0,"4,980","4,980",0
5955213,라이트컴 COMS BS981-1,0,0,0,0,"정품_10,270","정품_10,270",0
3227141,라이트컴 COMS BU920,0,0,0,0,"정품_8,260","정품_8,260",0
3227172,라이트컴 COMS BU921,0,0,0,0,"정품_8,710","정품_8,710",0
3249850,라이트컴 COMS BU922,0,0,0,0,"정품_7,300","정품_7,300",0
3249920,라이트컴 COMS BU923,0,0,0,0,"정품_7,300","정품_7,300",0
91767884,라이트컴 COMS FU145,0,0,0,0,"정품_25,500","정품_25,500",0
10583049,라이트컴 COMS ID654,0,0,0,0,"4,500","4,500",0
101190257,라이트컴 COMS IF197,0,0,0,0,"정품_4,310","정품_4,310",0
99050210,라이트컴 COMS IF202,0,0,0,0,0,"정품_7,610",0
2490929,라이트컴 COMS IP-608,0,0,0,0,"정품_7,300","정품_7,300",0
3663452,라이트컴 COMS ITB656,0,0,0,0,"정품_15,610","정품_15,610",0
7060777,라이트컴 COMS SM502,0,0,0,0,"10,690","10,690",0
19556090,라이트컴 COMS SR2370,0,0,0,0,"6,990","6,990",0
19556081,라이트컴 COMS SR2371,0,0,0,0,"7,480","7,480",0
19555979,라이트컴 COMS SR2372,0,0,0,0,"정품_8,180","정품_8,180",0
19556012,라이트컴 COMS SR2373,0,0,0,0,"정품_8,890","정품_8,890",0
17959571,라이트컴 COMS TB333,0,0,0,0,"4,330","4,330",0
100842611,라이트컴 COMS TB336,0,0,0,0,"정품_2,090","정품_2,090",0
30094592,라이트컴 COMS YN452,0,0,0,0,"17,000","17,000",0
30094604,라이트컴 COMS YN453,0,0,0,0,"17,000","17,000",0
30094619,라이트컴 COMS YN454,0,0,0,0,"17,000","17,000",0
29764154,라인업시스템 LANSTAR 20 in 1 청소키트 LS-CL201,0,0,0,0,"7,980","7,980",0
122697430,레노버 RS107,0,0,0,0,"해외구매_50,880","해외구매_50,880",0
122697348,렉스세븐 8채널 C타입 고음질 유선이어폰,0,0,0,0,"정품_14,610","정품_14,610",0
100269743,로마네 브런치브라더 코튼 에어팟 파우치,0,0,0,0,"정품_10,400","정품_10,400",0
72968090,로제트 RX-1600,0,0,0,0,"정품_20,700","정품_20,700",0
71159885,로제트 RX-1610,0,0,0,0,"정품_28,420","정품_28,420",0
27553037,로제트 RX-1820,0,0,0,0,"정품_29,990","정품_29,990",0
79407476,로제트 RX-915,0,0,0,0,"정품_7,800","정품_7,800",0
32125988,로제트 RX-930,0,0,0,0,"7,500","7,500",0
64271096,로지텍 G333,0,0,0,0,0,"해외구매_76,680",0
6340389,루비 RE-690,0,0,0,0,"3,500","3,500",0
98484326,리썬즈몰 밥튠 8D,0,0,0,0,0,"정품_102,000",0
51549605,마샬 마이너 4,0,0,0,0,"정품_165,620|해외구매_154,990","정품_165,620|해외구매_154,890",0
13606163,마샬 메이저 4,0,0,0,0,"정품_180,500|해외구매_75,430","정품_180,500|해외구매_75,430",0
56061392,마샬 메이저 5,0,0,0,0,"정품_180,750|해외구매_136,630","정품_180,750|해외구매_136,630",0
7340734,마이크로닉스 MANIC PHS1 7.1CH 헤드셋 거치대,0,0,0,0,"29,700","29,700",0
28026794,마하 MACH-854,0,0,0,0,"27,690","27,590",0
21702560,맨큐 A13,0,0,0,0,"정품_59,200","정품_59,200",0
64272551,머레이 BT-70,0,0,0,0,"28,820","28,820",0
94523735,머레이 BT-90,0,0,0,0,"정품_14,710","정품_14,710",0
39768650,머레이 LED 포켓팟 BT-50,0,0,0,0,"23,210","23,210",0
97307648,몬스터이어 쉐도우 X,0,0,0,0,"정품_88,990|+4.4mm 케이블_121,260","정품_88,990|+4.4mm 케이블_121,260",0
2103938,미니로 MO-1000,0,0,0,0,"정품_3,000","정품_3,000",0
1657539,미니플러스 동물 미니어처 이어폰 EPA-03 돼지,0,0,0,0,"5,840","5,840",0
2684244,바이럴 VE-20,0,0,0,0,"정품_6,290","정품_6,290",0
1769770,바이럴 VSE-200,0,0,0,0,"정품_2,690","정품_2,660",0
1984767,바이럴 VSE-300,0,0,0,0,"7,210","7,210",0
2075288,바이럴 VSE-500,0,0,0,0,"정품_5,000","정품_5,000",0
2983801,바이럴 VSE-800,0,0,0,0,"정품_9,850","정품_9,850",0
3263668,바이럴 VSE-900,0,0,0,0,"정품_16,380","정품_16,380",0
122680046,뱅앤올룹슨 Beo Grace,0,0,0,0,"정품_1,641,450","정품_1,641,450",0
16911584,뱅앤올룹슨 Beoplay EX,0,0,0,0,0,"정품_384,790|해외구매_542,700",0
73693229,뱅앤올룹슨 Beoplay Eleven,0,0,0,0,"정품_657,720","정품_659,080",0
67372943,뱅앤올룹슨 Beoplay H100,0,0,0,0,"정품_2,418,000|해외구매_2,308,450","정품_2,418,000|해외구매_2,308,450",0
12146378,뱅앤올룹슨 Beoplay H95,0,0,0,0,"정품_1,356,290|해외구매_1,241,350","정품_1,356,290|해외구매_1,241,350",0
13758290,뱅앤올룹슨 Beoplay HX,0,0,0,0,"정품_772,820|해외구매_649,000","정품_772,820|해외구매_649,000",0
124277375,베링거 BH20,0,0,0,0,"55,460","55,460",0
104373956,베온 Dolce L19C,0,0,0,0,"7,170","7,170",0
101184932,베이스어스 BP1 Pro,0,0,0,0,"정품_29,900|해외구매_52,640","정품_29,900|해외구매_52,640",0
20306513,베이스어스 Bowie D05,0,0,0,0,"정품_27,090|해외구매_47,900",0,0
55464104,베이스어스 Bowie E20s,0,0,0,0,"16,150","16,150",0
76513511,베이스어스 Bowie MC1,0,0,0,0,0,"정품_54,380",0
101075093,베이스어스 Bowie MC1 PRO,0,0,0,0,"정품_64,860|해외구매_90,000","정품_64,760|해외구매_90,000",0
122727159,베이스어스 Bowie MC2 Air,0,0,0,0,"해외구매_65,080","해외구매_64,980",0
47832737,베이스어스 Eli Sport 1 PM2OA,0,0,0,0,"정품_36,160|해외구매_166,000","정품_36,160|해외구매_166,000",0
124277747,베이어다이나믹 DT 990 PRO X,0,0,0,0,"정품_318,250|해외구매_403,790","정품_318,250|해외구매_390,450",0
16941764,베이어다이나믹 DT700 PRO X,0,0,0,0,"정품_403,740|해외구매_488,850","정품_403,740|해외구매_487,020",0
73948619,베이어다이나믹 DT770 PRO X LIMITED EDITION,0,0,0,0,"정품_318,250|해외구매_337,000","정품_318,250|해외구매_337,000",0
2342915,베이어다이나믹 DT770 Pro 80Ω,0,0,0,0,"정품_279,000|해외구매_256,200","정품_279,000|해외구매_256,200",0
16942031,베이어다이나믹 DT900 PRO X,0,0,0,0,"정품_403,740|해외구매_487,060","정품_403,740|해외구매_487,050",0
3525102,베이어다이나믹 MMX 102iE,0,0,0,0,"정품_6,090","정품_6,090",0
14661941,벨루젠 VZ-CBE50,0,0,0,0,"19,900","19,900",0
124277605,벨킨 AUC017,0,0,0,0,"44,900","44,900",0
100383602,벨킨 사운드폼 G3H0003,0,0,0,0,"정품_26,900","정품_26,900",0
14211608,별다섯 갤럭시 버즈 프로/라이브 디자인 케이스,0,0,0,0,"10,140","10,140",0
20597147,블라우풍트 BLP-BE331,0,0,0,0,"블랙_48,900|화이트_29,900|레드_48,900|퍼플_48,900|옐로우_48,900","블랙_48,900|화이트_29,900|레드_48,900|퍼플_48,900|옐로우_48,900",0
67372736,블라우풍트 BLP-BE363,0,0,0,0,"정품_26,900","정품_26,900",0
39249137,블라우풍트 BLP-OE383,0,0,0,0,"정품_64,910","정품_64,910",0
124075202,블라우풍트 BLP-OE663,0,0,0,0,"정품_67,820","정품_67,820",0
6339249,블루선 엑스트라 지니 301,0,0,0,0,"27,900","27,800",0
18359675,비즈모아코리아 BZ-SA80,0,0,0,0,"5,300","5,300",0
1845598,비트 패턴브레이커 스칸디나비아 스타일 PB-i100,0,0,0,0,"정품_4,400","정품_4,400",0
20742197,사라반도체 SRTWS-53,0,0,0,0,"23,390","23,390",0
13544066,사라반도체 SRTWS-G05,0,0,0,0,"15,700","15,700",0
13543283,사라반도체 지파워 SRTWS-04,0,0,0,0,"17,490","17,490",0
15359006,삼성전자 EO-IA500,0,0,0,0,"18,530","18,530",0
3813968,삼성전자 G시리즈 SES-G20,0,0,0,0,"정품_12,000","정품_12,000",0
16729304,삼성전자 SES-T60,0,0,0,0,"15,000","15,000",0
3371401,삼성전자 갤럭시 S6/S6 엣지 EO-EG920,0,0,0,0,"벌크_6,820","벌크_6,820",0
5084244,삼성전자 갤럭시 S8 번들 이어폰 EO-IG955 Tuned by AKG,0,0,0,0,"벌크_10,490","벌크_10,490",0
28531961,삼성전자 갤럭시 버즈 FE SM-R400,0,0,0,0,"정품_164,460|해외구매_117,980|해외리퍼비시_147,870","정품_164,460|해외구매_117,880|해외리퍼비시_147,870",0
7133293,삼성전자 갤럭시 버즈 SM-R170,0,0,0,0,0,"정품_190,000",0
11915881,삼성전자 갤럭시 버즈 라이브 SM-R180,0,0,0,0,"정품_595,000","정품_595,000",0
103414031,삼성전자 갤럭시 버즈 코어 SM-R410,0,0,0,0,"해외구매_53,500","해외구매_53,500",0
13010462,삼성전자 갤럭시 버즈 프로 SM-R190,0,0,0,0,"정품_239,800|해외리퍼비시_148,390","정품_239,800|해외리퍼비시_148,390",0
14986085,삼성전자 갤럭시 버즈2 SM-R177,0,0,0,0,"정품_220,000|해외구매_127,130","정품_220,000|해외구매_127,130",0
17641574,삼성전자 갤럭시 버즈2 프로 SM-R510,0,0,0,0,"정품_281,000|해외구매_231,750","정품_281,000|해외구매_231,750",0
96987275,삼성전자 갤럭시 버즈3 FE SM-R420,0,0,0,0,"정품_129,700|해외구매_110,080","정품_129,600|해외구매_110,080",0
102357326,삼성전자 갤럭시 버즈3 FE 키캡 케이스 GP-FPR420,0,0,0,0,"16,150","16,150",0
59541506,삼성전자 갤럭시 버즈3 SM-R530N,0,0,0,0,"정품_178,990|해외구매_181,900","정품_178,990|해외구매_181,900",0
59537216,삼성전자 갤럭시 버즈3 프로 SM-R630N,0,0,0,0,"정품_219,530|해외구매_170,465|중고_180,420","정품_219,530|해외구매_170,465|중고_180,420",0
106702613,삼성전자 갤럭시 버즈4 SM-R540,0,0,0,0,"정품_218,760|해외구매_173,727","정품_218,660|해외구매_173,213",0
106702589,삼성전자 갤럭시 버즈4 프로 SM-R640,0,0,0,0,"정품_314,960|해외구매_209,200","정품_314,860|해외구매_209,200",0
123668290,삼신E&B 캔디 BE-15,0,0,0,0,"정품_29,000","정품_29,000",0
89732048,삼신E&B 캔디 BE-22,0,0,0,0,"정품_108,000","정품_108,000",0
78099938,삼신E&B 캔디 BE-33,0,0,0,0,"정품_173,880","정품_173,880",0
20544125,삼지아이티 피스넷 올웨이즈,0,0,0,0,0,"69,900",0
64296605,삼지아이티 피스넷 워터본,0,0,0,0,"99,900","99,900",0
21463538,상도아이앤티 ANYZONE ANY-E1,0,0,0,0,"정품_5,690","정품_5,690",0
88132856,샤오미 레드미 버즈 6 플레이 M2420E1,0,0,0,0,"정품_12,800|해외구매_26,770","정품_12,800|해외구매_26,770",0
124198846,샤오미 레드미 버즈 8 M2544E1,0,0,0,0,"72,640",0,0
103809611,샤오미 레드미 버즈 8 라이트,0,0,0,0,"정품_29,800","정품_29,800",0
108398921,샤오미 레드미 버즈 8 프로,0,0,0,0,"정품_87,500","정품_87,500",0
122723175,샥즈 오픈닷 2 E320,0,0,0,0,"정품_298,990|해외구매_199,432","정품_298,990|해외구매_199,432",0
122726142,샥즈 오픈닷 에어 E210,0,0,0,0,"정품_183,080|해외구매_136,887","정품_183,080|해외구매_136,819",0
92149661,샥즈 오픈닷 원 E310,0,0,0,0,"정품_197,920|해외구매_142,678","정품_197,920|해외구매_142,678",0
16100378,샥즈 오픈런 S803,0,0,0,0,"정품_170,050|해외구매_129,760","정품_170,050|해외구매_129,760",0
68691662,샥즈 오픈런 USB-C S805,0,0,0,0,"정품_170,050","정품_170,050",0
68691731,샥즈 오픈런 USB-C 미니 S806,0,0,0,0,"정품_170,050","정품_170,050",0
123993740,샥즈 오픈런 에어 2 S610,0,0,0,0,"정품_189,200","정품_189,200",0
123993789,샥즈 오픈런 에어 2 미니 S611,0,0,0,0,"189,200","189,200",0
65303006,샥즈 오픈런 프로 2 S820,0,0,0,0,"정품_224,100|해외구매_158,628","정품_224,100|해외구매_158,628",0
65303081,샥즈 오픈런 프로 2 미니 S821MINI,0,0,0,0,"정품_209,900|해외구매_189,010","정품_209,900|해외구매_189,010",0
16595240,샥즈 오픈런 프로 S810,0,0,0,0,"정품_233,380|해외구매_142,930","정품_228,460|해외구매_142,930",0
16101425,샥즈 오픈무브 S661,0,0,0,0,"정품_104,720|해외구매_81,820","정품_104,720|해외구매_81,820",0
54958685,샥즈 오픈스윔 프로 S710,0,0,0,0,"정품_289,000|해외구매_160,923","정품_289,000|해외구매_160,923",0
29392877,샥즈 오픈컴 2 C110,0,0,0,0,"정품_188,320","정품_188,320",0
88207430,샥즈 오픈컴 2 C타입 C120,0,0,0,0,"정품_192,600","정품_192,600",0
77378609,샥즈 오픈핏 2 T920,0,0,0,0,"정품_258,860|해외구매_163,170","정품_258,760|해외구매_163,170",0
92149979,샥즈 오픈핏 2+ T921,0,0,0,0,"정품_254,320|해외구매_162,820","정품_254,320|해외구매_162,820",0
21419264,샥즈 오픈핏 T910,0,0,0,0,"정품_268,990|해외구매_141,210","정품_268,990|해외구매_141,210",0
123993563,샥즈 오픈핏 에어 2 T520,0,0,0,0,"정품_189,200","정품_189,200",0
54957167,샥즈 오픈핏 에어 T511,0,0,0,0,"정품_166,200|해외구매_93,020","정품_166,190|해외구매_93,020",0
109596077,샥즈 오픈핏 프로 T010,0,0,0,0,"정품_369,000|해외구매_359,150","정품_369,000|해외구매_359,150",0
5818984,서진네트웍스 유니콘 TW-900DUAL,0,0,0,0,"정품_13,200","정품_13,200",0
90504578,서진네트웍스 유니콘 XM-Q7,0,0,0,0,"정품_23,500","정품_23,500",0
30131075,서진네트웍스 지니큐 ZQ-G10,0,0,0,0,"19,800","19,800",0
30131042,서진네트웍스 지니큐 ZQ-G10L,0,0,0,0,"19,800","19,800",0
73891622,서진네트웍스 지니큐 ZQ-SFit5,0,0,0,0,"정품_17,950","정품_17,950",0
13693175,세중에스비 ebada 갤럭시 버즈 프로/라이브 투명 PC 키링 케이스,0,0,0,0,"6,400","6,400",0
5478624,셀레브레이트 C9,0,0,0,0,"정품_6,320","정품_6,320",0
21465857,셔우드 IS-WBT01,0,0,0,0,"35,320","35,370",0
4486576,솔 리퍼블릭 Relays Sport,0,0,0,0,"정품_42,080","정품_42,080",0
57500018,수월우 U-2,0,0,0,0,"해외구매_61,380",0,0
86492555,수월우 X 붕괴 스타레일 로빈,0,0,0,0,"해외구매_195,300",0,0
99559331,수월우 란 2,0,0,0,0,"REF버전, 해외구매_56,396|POP버전, 해외구매_56,396","REF버전, 해외구매_56,396|POP버전, 해외구매_56,396",0
36203159,수월우 메이,0,0,0,0,"해외구매_148,990","해외구매_148,990",0
25256186,수월우 블레싱 3,0,0,0,0,"정품_489,000|해외구매_445,640","정품_489,000|해외구매_445,640",0
31643771,수월우 아리아 2,0,0,0,0,"해외구매_109,120","해외구매_109,120",0
27815981,수월우 츄 2,0,0,0,0,"해외구매_29,150","해외구매_29,150",0
28891025,슈어 AONIC 50 GEN 2,0,0,0,0,0,"정품_570,000",0
12566756,슈어 AONIC215-UNI,0,0,0,0,"163,000","163,000",0
1334884,슈어 SE215,0,0,0,0,"정품_189,000|해외구매_150,000","정품_189,000|해외구매_150,000",0
1846520,슈어 SE215 SPE,0,0,0,0,"정품_174,000|해외구매_143,710","정품_174,000|해외구매_166,440",0
2178958,슈어 SE846,0,0,0,0,"정품_1,666,000|해외구매_1,674,750","정품_1,666,000|해외구매_1,674,750",0
16477679,슈어 SRH440A,0,0,0,0,"정품_168,000|해외구매_160,850","정품_168,000|해외구매_160,850",0
16409846,슈어 SRH840A,0,0,0,0,"정품_245,000|해외구매_218,000","정품_245,000|해외구매_218,000",0
123695753,슈피겐 갤럭시 버즈4 시리즈 GP-FPR640HICUK 마그넷 스탠드 케이스,0,0,0,0,"정품_25,900","정품_25,900",0
123695745,슈피겐 갤럭시 버즈4 시리즈 GP-FPR640PGFBK 패브릭 케이스,0,0,0,0,"정품_18,490","정품_18,390",0
12952385,스컬캔디 크러셔 Evo,0,0,0,0,0,"해외구매_232,070",0
70098014,스틸시리즈 Arctis Gamebuds,0,0,0,0,"정품_222,270|해외구매_208,200|병행수입_183,840","정품_222,270|해외구매_208,200|병행수입_183,840",0
73886861,스틸시리즈 Arctis Gamebuds X,0,0,0,0,"정품_186,150|해외구매_298,540","정품_186,150|해외구매_298,540",0
13395971,스틸시리즈 TUSQ,0,0,0,0,"66,450","66,450",0
97475870,신지모루 에어팟 프로3 투명 케이스,0,0,0,0,"정품_8,100","정품_8,100",0
122717075,씨오디오 HAKUYA,0,0,0,0,"정품_3,299,000","정품_3,299,000",0
21439358,씨오디오 YUME ULTRA,0,0,0,0,"정품_239,000","정품_239,000",0
124277834,아가사운드 서브리메이션,0,0,0,0,"135,000","135,000",0
13222532,아남전자 AMT-R1,0,0,0,0,"36,000","36,000",0
12552164,아남전자 AN-700S,0,0,0,0,"3,990","3,990",0
20305121,아남전자 AN-C003,0,0,0,0,"10,700","10,700",0
20305235,아남전자 AN-C004,0,0,0,0,"10,700","10,700",0
52068248,아남전자 AN-C007,0,0,0,0,"5,330","5,280",0
124278411,아남전자 AN-C100,0,0,0,0,"10,690","10,690",0
59761001,아남전자 AN-C2,0,0,0,0,"5,220","5,220",0
13088735,아남전자 BT BONE PRO,0,0,0,0,"정품_59,000","정품_59,000",0
10159419,아남전자 BT-AIR WING,0,0,0,0,"40,940","40,940",0
17950463,아남전자 BT-AIRSTW6,0,0,0,0,"22,810","22,680",0
124278412,아남전자 BT-BONE PRO W,0,0,0,0,"83,540","83,440",0
101074487,아남전자 BTAIR-STAR2,0,0,0,0,"정품_57,080","정품_57,080",0
30216575,아남전자 BTAIR-clean,0,0,0,0,"정품_24,900","정품_24,900",0
19976504,아남전자 NO.11,0,0,0,0,"17,370","17,370",0
26422919,아남전자 NO.55,0,0,0,0,"8,890","8,890",0
60146480,아라리 갤럭시 버즈3 팝스 실리콘 케이스,0,0,0,0,"9,500","9,500",0
30319961,아스카코리아 갤럭시 버즈2 프로/FE 러기지택 아머 케이스,0,0,0,0,"20,890","20,890",0
65915882,아우라플로 갤럭시 버즈3 성심당 튀김소보로 케이스 GP-FPR630AUF,0,0,0,0,"14,600","14,600",0
42205085,아이리버 4 in 1 충전기 헤드폰 거치대 IHS-300,0,0,0,0,"45,390","45,390",0
11338317,아이리버 BHC-120,0,0,0,0,"정품_9,790","정품_9,790",0
9251181,아이리버 BHC-130,0,0,0,0,"9,990","9,990",0
8178820,아이리버 BHC-200,0,0,0,0,"6,180","6,180",0
10217352,아이리버 BS-BT101,0,0,0,0,"정품_39,000","정품_39,000",0
12556394,아이리버 BS-BT303,0,0,0,0,"34,990","34,990",0
15152690,아이리버 BVC-100C,0,0,0,0,"정품_8,190","정품_8,190",0
124278413,아이리버 BVC-R01,0,0,0,0,"13,900","13,900",0
27726962,아이리버 Eiger Opera Sports X3 RUN,0,0,0,0,"정품_55,790","정품_55,790",0
18178424,아이리버 Eiger-X7,0,0,0,0,"정품_79,000","정품_79,000",0
97227146,아이리버 Go Free Air30,0,0,0,0,"정품_39,090","정품_39,060",0
124278414,아이리버 IB-A01H,0,0,0,0,"14,000","14,000",0
16225037,아이리버 IB-D1010BT,0,0,0,0,"33,900","33,900",0
124278415,아이리버 IB-IX5,0,0,0,0,"34,800","34,800",0
122688556,아이리버 IB-IX7,0,0,0,0,"정품_39,900","정품_39,900",0
92893745,아이리버 IB-N3,0,0,0,0,"정품_39,800","정품_39,800",0
124278416,아이리버 IB-NX1,0,0,0,0,"39,900","39,900",0
19035926,아이리버 IB-OK101BT,0,0,0,0,"22,260","22,260",0
71504792,아이리버 IB-P1,0,0,0,0,"정품_32,900","정품_32,900",0
124278417,아이리버 IB-PX3,0,0,0,0,"35,900","35,900",0
123763091,아이리버 IB-SP01,0,0,0,0,"17,550","17,550",0
124278418,아이리버 IB-TAE1,0,0,0,0,"29,000","29,000",0
59080169,아이리버 IB-TWS02,0,0,0,0,"19,900","19,900",0
122696482,아이리버 IB-TX4,0,0,0,0,"정품_32,190","정품_32,190",0
17128076,아이리버 IBC-AIR9,0,0,0,0,0,"정품_64,500",0
28805138,아이리버 IBE-G07,0,0,0,0,"30,940","30,940",0
94264553,아이리버 IBO-CLIPON3,0,0,0,0,"정품_39,800","정품_39,800",0
122682160,아이리버 IBO-OPENBEAT3,0,0,0,0,"정품_47,900","정품_47,900",0
8559638,아이리버 ICP-30i,0,0,0,0,"9,010","9,010",0
19565090,아이리버 ICP-C90i,0,0,0,0,"12,870","12,870",0
3062826,아이리버 ICP-X70i,0,0,0,0,"정품_6,890","정품_6,890",0
8035549,아이리버 IDP-05i,0,0,0,0,"정품_7,320","정품_7,320",0
28369268,아이리버 IDP-CL707,0,0,0,0,"정품_13,790","정품_13,790",0
32069000,아이리버 IEH-10C,0,0,0,0,"19,720","19,720",0
7998838,아이리버 IGE-101,0,0,0,0,"14,900","14,900",0
19564940,아이리버 IGE-202C,0,0,0,0,"18,470","18,470",0
40567520,아이리버 IGE-606C,0,0,0,0,"14,900","14,900",0
33386075,아이리버 IGE-8D20C,0,0,0,0,"37,800","37,800",0
17203379,아이리버 IHBT-T90,0,0,0,0,"정품_49,000","정품_49,000",0
25297322,아이리버 IHBT-US30,0,0,0,0,"정품_24,870","정품_24,870",0
92108228,아이리버 IOW-A96,0,0,0,0,"정품_56,910","정품_56,910",0
19454417,아이리버 ITW-J6,0,0,0,0,"정품_18,900","정품_18,900",0
91347482,아이리버 마카롱 MC50,0,0,0,0,"정품_34,900","정품_34,900",0
9540090,아이리버 블랭크 BHC-210,0,0,0,0,"8,770","8,670",0
10380558,아이리버 블랭크 BHC-30M,0,0,0,0,"9,600","9,600",0
6767317,아이리버 블랭크 BHC-60M,0,0,0,0,"12,610","12,610",0
4699828,아이리버 블랭크 IGH-100,0,0,0,0,"정품_29,900","정품_29,900",0
104628500,아이스마트 T1,0,0,0,0,"2개,정품_15,320|정품_8,370","2개,정품_15,320|정품_8,370",0
16210853,아이온코리아 BOSSWIZ BOS-KT100,0,0,0,0,"정품_40,760","정품_40,760",0
12586151,아이코모스 ICOMOS EPC-02,0,0,0,0,"10,900","10,900",0
62794280,아즈라 세드나이어핏 맥스 TWS 6 이어팁,0,0,0,0,"SS, 2쌍_21,900|S, 2쌍_21,900|MS, 2쌍_21,900|M, 2쌍_21,900|ML, 2쌍_21,900|||||","SS, 2쌍_21,900|S, 2쌍_21,900|MS, 2쌍_21,900|M, 2쌍_21,900|ML, 2쌍_21,900|||||",0
19672583,아즈라 세드나이어핏 맥스 TWS용 이어팁,0,0,0,0,"2쌍, SSS_19,800|2쌍, SS_19,800|2쌍, S_19,800|2쌍, MS_19,800|2쌍, M_19,800|||||",0,0
19317128,아즈라 아젤 에디션 G 2세대,0,0,0,0,"정품_244,860","정품_244,860",0
78389927,아즈라 아젤 에디션 G 3세대,0,0,0,0,"정품_99,000","정품_99,000",0
76792430,아즈라 트리뷰트 AZT-300,0,0,0,0,"정품_20,900","정품_20,900",0
33438836,아즈라 호라이즌 2,0,0,0,0,"정품_189,000","정품_189,000",0
122657806,아크로아이앤티 아크로 AE30,0,0,0,0,"27,700","27,700",0
33438572,아크로아이앤티 아크로 버즈 에어,0,0,0,0,"정품_29,770","정품_29,680",0
19405775,아크로아이앤티 아크로 프로버즈,0,0,0,0,"정품_26,820","정품_26,820",0
123695684,알머스 갤럭시 버즈4 시리즈 GP-FPR640AMKAK 약과 케이스,0,0,0,0,"정품_29,850","정품_29,850",0
123695670,알머스 갤럭시 버즈4 시리즈 GP-FPR640AMLYK 양은 냄비 케이스,0,0,0,0,"정품_29,820","정품_29,720",0
8011819,앱코 BEATONIC E01,0,0,0,0,"15,430","15,430",0
8013643,앱코 BEATONIC E02,0,0,0,0,"23,810","23,810",0
11715458,앱코 BEATONIC E06,0,0,0,0,"20,000","20,000",0
11259747,앱코 BEATONIC E07,0,0,0,0,"35,760","35,760",0
11984009,앱코 BEATONIC E08,0,0,0,0,"46,560","46,560",0
11871532,앱코 BEATONIC E09,0,0,0,0,"50,600","50,590",0
11091807,앱코 BEATONIC EF01,0,0,0,0,"47,720","47,720",0
11213496,앱코 BEATONIC EZ02,0,0,0,0,"56,130","56,130",0
11214027,앱코 BEATONIC EZ03,0,0,0,0,"95,000","95,000",0
12195893,앱코 BEATONIC EZ04,0,0,0,0,"13,740","13,740",0
10522692,앱코 BEATONIC SOAP,0,0,0,0,"정품_64,870","정품_64,770",0
10520484,앱코 BEATONIC 트루엔진 2,0,0,0,0,"59,670","59,670",0
11870713,앱코 EH200 BT,0,0,0,0,"정품_31,060","정품_31,060",0
52062014,앱코 EH300,0,0,0,0,"정품_26,500","정품_26,500",0
11620031,앱코 HACKER HR600 RGB 헤드셋 거치대,0,0,0,0,"47,700","47,700",0
7976086,앱코 HACKER 헤드셋 거치대,0,0,0,0,"3,530","3,530",0
16395425,앱코 TRIDER,0,0,0,0,"73,000","73,000",0
7637596,앱코 Tcom B-type,0,0,0,0,"86,000","86,000",0
11858932,앱코 Tcom 올인원,0,0,0,0,"65,000","65,000",0
96580976,앱코 Z-RIDER,0,0,0,0,"정품_66,810","정품_66,810",0
89731580,앱코 스포티 미니 S10-M,0,0,0,0,"정품_67,000","정품_67,000",0
3468103,야마하 HPH-50,0,0,0,0,"정품_35,800|해외구매_29,320","정품_35,800|해외구매_29,330",0
16975070,야마하 HPH-MT8,0,0,0,0,"정품_221,890|해외구매_299,440","정품_221,890|해외구매_293,445",0
20355434,어쿠스튠 AEX50,0,0,0,0,"2쌍, XS_24,000|2쌍, S_24,000|2쌍, M_24,000|2쌍, L_24,000|2쌍, XL_24,000","2쌍, XS_24,000|2쌍, S_24,000|2쌍, M_24,000|2쌍, L_24,000|2쌍, XL_24,000",0
28889354,얼리버드 원터치 블루투스 무선 이어폰 TWS-S30,0,0,0,0,"7,440","7,440",0
123590233,에디파이어 A6,0,0,0,0,"해외구매_42,380","해외구매_42,380",0
78177674,에디파이어 ES850NB,0,0,0,0,"정품_169,000|해외구매_98,990","정품_169,000|해외구매_98,990",0
27760811,에디파이어 W820NB Plus,0,0,0,0,"해외구매_63,790","해외구매_63,790",0
123590095,에디파이어 Zero Air,0,0,0,0,"해외구매_22,500","해외구매_22,500",0
97706693,에스엠원 에어팟4 아머 보호 케이스,0,0,0,0,"정품_7,620","정품_7,620",0
7733827,에이스텍 ACE-X1,0,0,0,0,"39,900","39,900",0
9996627,에이스텍 ACE-X2,0,0,0,0,"25,800","25,800",0
13549052,에이투 AW111C,0,0,0,0,"29,900",0,0
93916214,에이투 EF3,0,0,0,0,"정품_18,510","정품_18,510",0
79553513,에이투 오픈이어 7,0,0,0,0,"정품_59,900","정품_59,900",0
106734794,엑스플러스 갤럭시 버즈4 시리즈 GP-FPR640 클립 클리어 케이스 위드 카라비너,0,0,0,0,"정품_15,710","정품_15,710",0
28608806,엑티몬 C타입 유선 이어폰 MON EAR SOUND,0,0,0,0,"3,890","3,890",0
20142512,엑티몬 TWS100,0,0,0,0,"8,910","8,910",0
98084129,엘라고 에어팟 프로2 클리어 행 케이스,0,0,0,0,"정품_13,500","정품_13,500",0
97411463,엘라고 에어팟 프로3 클리어 투명 케이스,0,0,0,0,"정품_13,000","정품_13,000",0
97411457,엘라고 에어팟 프로3 클리어 투명 행 케이스,0,0,0,0,"정품_13,900","정품_13,900",0
77862239,엘라고 에어팟4 이어팁 EAP4-PADSM,0,0,0,0,"2쌍_14,330","2쌍_14,720",0
30319331,엠지텍 이어프리 W,0,0,0,0,"234,200",0,0
95201216,엠지텍 지링크,0,0,0,0,"정품_99,900","정품_99,900",0
11854399,엠피보스 MS-CLO11,0,0,0,0,"12,600","12,600",0
34740953,엠피보스 MS-OPENAIR800,0,0,0,0,"19,770","19,770",0
19091870,엠피보스 MS-RMBT80,0,0,0,0,"정품_30,400","정품_30,400",0
5186770,엠피보스 MS-XBT1,0,0,0,0,"정품_19,440","정품_19,440",0
6047713,오디오테크니카 ATH-ANC700BT,0,0,0,0,"정품_149,000|해외구매_456,170","정품_149,000|해외구매_456,170",0
124259658,오디오테크니카 ATH-CKD30C,0,0,0,0,"정품_35,930|해외구매_39,000","정품_35,930|해외구매_39,000",0
16093286,오디오테크니카 ATH-CKD3C,0,0,0,0,"정품_36,950|해외구매_36,200",0,0
124259707,오디오테크니카 ATH-CKD7NC,0,0,0,0,"정품_82,020|해외구매_103,960","정품_82,020|해외구매_103,960",0
20775785,오디오테크니카 ATH-CKS330C,0,0,0,0,"정품_43,880|해외구매_45,200","정품_43,880|해외구매_45,200",0
76791869,오디오테크니카 ATH-CKS330NC,0,0,0,0,"정품_60,800|해외구매_69,540","정품_60,800|해외구매_69,540",0
2609467,오디오테크니카 ATH-EQ300M,0,0,0,0,"해외구매_27,230","해외구매_27,230",0
100448558,오디오테크니카 ATH-HL7BT,0,0,0,0,"해외구매_146,820","해외구매_146,820",0
2561901,오디오테크니카 ATH-M20X,0,0,0,0,"정품_77,420|해외구매_70,400","정품_77,420|해외구매_70,300",0
16597502,오디오테크니카 ATH-M20xBT,0,0,0,0,"정품_94,050|해외구매_132,770","정품_94,050|해외구매_132,770",0
2563500,오디오테크니카 ATH-M40X,0,0,0,0,"정품_143,000|해외구매_148,890","정품_143,000|해외구매_148,890",0
2563515,오디오테크니카 ATH-M50x,0,0,0,0,"정품_220,000|해외구매_105,930","정품_220,000|해외구매_105,930",0
100618475,오디오테크니카 ATH-M50x ENSO,0,0,0,0,"정품_259,000|해외구매_354,890",0,0
15582173,오디오테크니카 ATH-M50xBT2,0,0,0,0,"정품_229,000|해외구매_241,970","정품_229,000|해외구매_241,970",0
75464609,오디오테크니카 ATH-R50x,0,0,0,0,"정품_262,400|해외구매_255,150","정품_262,400|해외구매_255,150",0
3376790,오디오테크니카 ATH-R70x,0,0,0,0,"정품_429,000|해외구매_828,730","정품_429,000|해외구매_783,420",0
75464651,오디오테크니카 ATH-R70xa,0,0,0,0,"정품_439,000|해외구매_425,280","정품_439,000|해외구매_425,280",0
56152748,오디오테크니카 ATH-S120C,0,0,0,0,0,"정품_39,560|해외구매_43,000",0
41615006,오디오테크니카 ATH-SQ1TW2,0,0,0,0,"정품_79,000","정품_79,000",0
98547329,오디오테크니카 ATH-TWX9MK2,0,0,0,0,"정품_331,550|해외구매_314,390","정품_331,550|해외구매_314,390",0
27630788,우리투비 MS-501,0,0,0,0,"29,790","29,790",0
20106833,우성음향 EXS X21C,0,0,0,0,"정품_9,210","정품_9,210",0
1865017,우일 HL-50S,0,0,0,0,"정품_5,500","정품_5,500",0
2684178,원테크플러스 MIXS MX-001,0,0,0,0,"정품_8,450","정품_8,450",0
14923802,원테크플러스 투비뉴 TO-BS21,0,0,0,0,"38,720","38,720",0
122678459,유코텍 C1,0,0,0,0,"정품_39,900","정품_39,900",0
122707444,유코텍 E1,0,0,0,0,"정품_145,000","정품_145,000",0
91040741,유코텍 ES903MK2,0,0,0,0,"정품_32,230|+NURI DAC, 정품_45,900","정품_32,230|+NURI DAC, 정품_45,900",0
4321147,유키 YK470,0,0,0,0,"정품_4,510","정품_4,510",0
20731976,이어락 G9 MK3,0,0,0,0,"정품_96,900",0,0
122711390,이어펀 AirPro4,0,0,0,0,"정품_105,540|해외구매_85,360","정품_105,540|해외구매_85,360",0
101075282,이어펀 Tune Pro,0,0,0,0,"정품_74,610|해외구매_70,710","정품_74,610|해외구매_70,710",0
103182398,이지넷유비쿼터스 NEXTU 이어비트 B1 IP68 방수 방진 오픈형 골전도 블루투스 이어폰,0,0,0,0,"정품_44,800","정품_44,800",0
63468230,이지넷유비쿼터스 NEXTU 이어스프린트 BT60-EAR,0,0,0,0,"정품_26,100","정품_26,100",0
124351993,인켈 CLIP Pro IK-WA01,0,0,0,0,"50,000","50,000",0
1777932,인켈 HES-222,0,0,0,0,"정품_1,800","정품_1,800",0
1351052,인켈 IE-245,0,0,0,0,"정품_12,380","정품_12,380",0
11717969,인켈 IK-KB500,0,0,0,0,"19,290","19,290",0
19815311,잇서 사운드 프로,0,0,0,0,"정품_27,550","정품_27,550",0
42205970,잇츠온 IT-HDS02,0,0,0,0,"9,310","9,310",0
31465013,잘만 ZM-HPS510 ANC,0,0,0,0,"정품_36,170","정품_36,170",0
79407215,제닉스 TITAN GE3,0,0,0,0,"정품_59,170","정품_59,170",0
122686403,제닉스 TITAN GE5,0,0,0,0,"정품_50,900","정품_50,900",0
124259324,젠하이저 CX 80U,0,0,0,0,"정품_51,050|해외구매_가격비교예정","정품_51,050|해외구매_가격비교예정",0
12170,젠하이저 HD 25,0,0,0,0,"정품_290,000|해외구매_183,780","정품_290,000|해외구매_183,780",0
8781998,젠하이저 HD 400S,0,0,0,0,0,"정품_79,000|해외구매_77,300",0
124259354,젠하이저 HD 400U,0,0,0,0,"정품_110,670|해외구매_103,880","정품_110,670|해외구매_103,880",0
122711253,젠하이저 HD 480 PRO,0,0,0,0,"정품_730,000|해외구매_610,940","정품_730,000|해외구매_610,940",0
122712113,젠하이저 HD 480 PRO PLUS,0,0,0,0,"정품_800,000","정품_800,000",0
39767978,젠하이저 HD 490 PRO,0,0,0,0,"정품_730,000|해외구매_621,770","정품_730,000|해외구매_622,290",0
39767981,젠하이저 HD 490 PRO PLUS,0,0,0,0,"정품_880,000|해외구매_741,930","정품_880,000|해외구매_761,610",0
86100683,젠하이저 HD 505 Cooper Edition,0,0,0,0,"정품_259,000|해외구매_562,100","정품_259,000|해외구매_562,100",0
86100908,젠하이저 HD 550,0,0,0,0,"정품_352,470","정품_352,470",0
12573776,젠하이저 HD 560S,0,0,0,0,"정품_229,000|해외구매_229,000","정품_229,000|해외구매_229,000",0
4592412,젠하이저 HD 599,0,0,0,0,"정품_189,000|해외구매_254,020","정품_189,000|해외구매_254,020",0
12192,젠하이저 HD 600,0,0,0,0,"정품_359,000|해외구매_544,730","정품_359,000|해외구매_544,730",0
58010621,젠하이저 HD 620S,0,0,0,0,"정품_498,990|해외구매_561,280","정품_498,990|해외구매_561,280",0
19786772,젠하이저 HD 650,0,0,0,0,"정품_549,000","정품_549,000",0
18980885,젠하이저 HD 660S2,0,0,0,0,"정품_525,000|해외구매_857,970","정품_525,000|해외구매_852,410",0
3893819,젠하이저 HD 800S,0,0,0,0,"정품_2,290,000|해외구매_2,050,160","정품_2,290,000|해외구매_2,050,160",0
99322775,젠하이저 HDB 630,0,0,0,0,"정품_719,000|해외구매_836,930","정품_719,000|해외구매_836,830",0
14418743,젠하이저 IE 100 PRO,0,0,0,0,"정품_188,000|해외구매_119,330","정품_188,000|해외구매_119,330",0
18686864,젠하이저 IE 200,0,0,0,0,"정품_179,000|해외구매_156,180","정품_179,000|해외구매_156,180",0
13424426,젠하이저 IE 300,0,0,0,0,"정품_299,000|해외구매_257,300","정품_299,000|해외구매_257,300",0
16532969,젠하이저 IE 600,0,0,0,0,"정품_815,510|해외구매_1,054,500","정품_815,510|해외구매_1,054,500",0
16905332,젠하이저 IE 900,0,0,0,0,"정품_1,746,280|해외구매_1,840,750","정품_1,746,280|해외구매_1,840,740",0
17703695,젠하이저 모멘텀 4 와이어리스 M4AEBT,0,0,0,0,"정품_398,000|+BTD600, 정품_448,900|해외구매_426,450","정품_398,000|+BTD600, 정품_448,900|해외구매_426,450",0
122707391,젠하이저 모멘텀 5 와이어리스 M5AEBT,0,0,0,0,"정품_599,000|해외구매_853,900","정품_599,000|해외구매_853,900",0
36205724,젠하이저 모멘텀 트루 와이어리스 4 MTW4,0,0,0,0,"정품_299,000|해외구매_430,920","정품_299,000|해외구매_430,920",0
124224819,젠하이저 모멘텀 트루 와이어리스 5 MTW5,0,0,0,0,"429,000","429,000",0
28864313,젠하이저 엑센텀 ACAEBT,0,0,0,0,"정품_139,000|해외구매_328,730","정품_139,000|해외구매_328,730",0
92761823,젠하이저 엑센텀 오픈 OTW1,0,0,0,0,"정품_110,670","정품_110,670",0
48475406,젠하이저 엑센텀 플러스 ACPAEBT,0,0,0,0,"정품_279,000|해외구매_313,990","정품_279,000|해외구매_313,990",0
10785780,주닉스 ZNS-B6,0,0,0,0,"1,090","1,090",0
78978929,주닉스 ZNS-B9,0,0,0,0,정품_910,정품_910,0
48646757,지군코리아 ZYON ZE-S20C,0,0,0,0,"블랙_7,480|화이트_7,480","블랙_7,480|화이트_7,480",0
16926209,지성아이엔씨 플라이토 스테레오 AUX 유선 이어폰,0,0,0,0,"8,900","8,900",0
17864153,지스타코리아 TEMPLER BT-E70,0,0,0,0,"정품_7,160","정품_7,160",0
91496096,지스타코리아 TEMPLER BT-W500,0,0,0,0,"정품_7,110","정품_7,110",0
91351424,지스타코리아 TEMPLER MXBT-TWS3,0,0,0,0,"정품_15,110","정품_15,030",0
30094133,지스타코리아 TEMPLER TEM-EP120,0,0,0,0,"3,420","3,410",0
28055732,지스타코리아 TEMPLER 프로 6 TEM-TWS-i12,0,0,0,0,"정품_6,810","정품_6,810",0
98918693,청연MnS naVee NV196-CHD2G,0,0,0,0,"정품_21,830","정품_21,830",0
33334004,청연MnS naVee NV2-OWE1,0,0,0,0,"28,900","28,900",0
58011434,청연MnS naVee NV3-OWE2,0,0,0,0,"정품_19,900","정품_19,900",0
34394396,청연MnS naVee NV60-BC300,0,0,0,0,"38,800","38,800",0
13398980,청연MnS naVee NV87-CSR77,0,0,0,0,"25,390","25,400",0
100736297,청연MnS naVee NV88-NTW1,0,0,0,0,"정품_38,800","정품_38,800",0
96256430,캠브리지오디오 Melomania A100,0,0,0,0,"정품_235,000|해외구매_260,990","정품_235,000|해외구매_260,990",0
2597936,캡스톤 DailyTunes,0,0,0,0,"10,920","10,820",0
43545344,컴길 빌보드 BL-AH001,0,0,0,0,"78,990","78,990",0
40019327,컴길 빌보드 BL-ANC002,0,0,0,0,"68,990","68,990",0
41019245,컴길 빌보드 BL-BH001,0,0,0,0,"49,000","49,000",0
40896779,컴길 빌보드 BL-TWS001,0,0,0,0,"29,000","29,000",0
43523228,컴길 빌보드 BL-TWS002,0,0,0,0,"정품_39,000","정품_39,000",0
40019135,컴길 빌보드 BL-TWS003,0,0,0,0,"49,000","49,000",0
18510908,코시 EP2112BTW,0,0,0,0,"35,120","35,120",0
17940662,코시 EP2156BT,0,0,0,0,"24,620","24,520",0
36202646,코시 EP2223iP,0,0,0,0,"14,290","14,270",0
92893805,코시 EP2283C,0,0,0,0,"정품_12,710","정품_12,610",0
96580379,코시 EP2286BTR,0,0,0,0,"정품_24,500","정품_24,400",0
11490444,코시 버킷 EP2044C,0,0,0,0,"14,510","14,510",0
18452849,코시 본투 EP2158BTB,0,0,0,0,"22,390","22,390",0
9760323,코시 브리즈 EP3435,0,0,0,0,"11,500","11,500",0
90648920,코시 세라믹 이어폰 EP2247C,0,0,0,0,"정품_15,670","정품_15,670",0
78389957,코시 오픈핏 EP4137C,0,0,0,0,"정품_11,500","정품_11,500",0
91562324,코시 카나 EP2269BTW,0,0,0,0,"정품_27,500","정품_27,500",0
11475138,코시 카일 EP2039C,0,0,0,0,"14,480","14,480",0
18460631,코시 크루 EP2180C,0,0,0,0,"12,140","12,140",0
13671344,코시 타입C 어반 EP3431C-F,0,0,0,0,"11,150","11,150",0
18460598,코시 토미 EP2179C,0,0,0,0,"12,720","12,620",0
99324854,코시 폴카 EP2290C,0,0,0,0,"정품_13,090","정품_13,090",0
11552258,코시 프로빈 EP3475C,0,0,0,0,"11,900","11,900",0
29755412,코시 헤이 HS2218BT,0,0,0,0,"29,500","29,500",0
122717373,코조이 D1,0,0,0,0,"정품_59,800","정품_59,800",0
92046881,코쿼드 갤럭시 버즈3 포켓몬 컬러 S2 하드 케이스,0,0,0,0,"정품_17,780","정품_17,780",0
62648465,키네라 셀레스트 와이번 프로,0,0,0,0,0,"해외구매_39,640",0
19823351,키밍 KM2978-193,0,0,0,0,"2,940","2,940",0
91189874,키밍 컨트롤러 헤드셋 거치대 KM5497-409,0,0,0,0,"정품_7,420","정품_7,420",0
19132397,키위이어스 CADENZA,0,0,0,0,"정품_59,800","정품_59,800",0
96310943,태블리스 에어팟4 분실방지 클립 잠금 케이스 ap-0152,0,0,0,0,"정품_9,810","정품_9,810",0
18066953,터틀비치 Recon Battle Buds,0,0,0,0,"블랙, 정품_31,140|화이트, 정품_35,000",0,0
31950083,토어스 B90C,0,0,0,0,"32,890","32,890",0
9545580,트리 뮤즈,0,0,0,0,"4,750","4,750",0
7646041,트리 하우디 싱글 GTS24960,0,0,0,0,"3,790","3,790",0
453446,파나소닉 RP-HJE200,0,0,0,0,"정품_5,210","정품_5,210",0
911067,파나소닉 RP-HS46,0,0,0,0,"정품_6,720|","정품_6,720|",0
11427,파나소닉 RP-HT010,0,0,0,0,"정품_4,980","정품_4,980",0
791906,파나소닉 RP-HV094,0,0,0,0,0,"정품_7,190",0
6085594,파나소닉 RP-HZ47,0,0,0,0,"병행수입_36,300|정품_9,700|해외구매_18,490","병행수입_36,300|정품_9,700|해외구매_18,170",0
1767835,파나소닉 RP-TCM120,0,0,0,0,"14,880","14,880",0
74415257,파나소닉 테크닉스 EAH-AZ100,0,0,0,0,"해외구매_361,480","해외구매_371,950",0
20519156,파나소닉 테크닉스 EAH-AZ80,0,0,0,0,"해외구매_293,290","해외구매_293,290",0
124377192,파이널 A2000,0,0,0,0,"정품_106,390","정품_106,390",0
6796846,파이널 E1000,0,0,0,0,"정품_34,010|해외구매_33,690","정품_34,010|해외구매_33,690",0
5184061,파이널 E2000,0,0,0,0,"정품_63,000||해외구매_39,310","정품_63,000||해외구매_39,310",0
5184166,파이널 E3000,0,0,0,0,"정품_77,000|해외구매_54,000","정품_77,000|해외구매_54,000",0
6286067,파이널 E4000,0,0,0,0,"정품_226,550","정품_226,550",0
10523562,파이널 E500,0,0,0,0,"정품_28,000|해외구매_48,000","정품_28,000|해외구매_48,000",0
6286406,파이널 E5000,0,0,0,0,"정품_390,000|해외구매_411,840","정품_390,000|해외구매_411,840",0
106735043,파이널 UX1000,0,0,0,0,"정품_91,100|","정품_91,100|",0
28609022,파이널 VR2000,0,0,0,0,"정품_98,000|해외구매_76,130","정품_98,000|해외구매_76,040",0
13055135,파이널 VR3000,0,0,0,0,"정품_112,000|해외구매_99,000","정품_112,000|해외구매_99,000",0
43529903,파이널 VR500,0,0,0,0,"정품_49,000|해외구매_53,620","정품_49,000|해외구매_53,620",0
122684082,파이널 ZE300,0,0,0,0,"정품_70,000","정품_70,000",0
94518827,파이널 ZE500 for ASMR,0,0,0,0,"정품_139,690|해외구매_92,000","정품_139,690|해외구매_92,000",0
78714794,파이널 ag WHP01K MK2,0,0,0,0,"정품_135,000|해외구매_111,620",0,0
20145035,파이오니아 DJ HDJ-CUE1,0,0,0,0,"정품_129,000|해외구매_153,810","정품_129,000|해외구매_153,810",0
7712632,판다인터내셔널 사운드판다 SPE-G9,0,0,0,0,"37,070",0,0
13166817,포칼 BATHYS,0,0,0,0,"정품_862,400|해외구매_1,082,610","정품_862,400|해외구매_1,082,610",0
29333399,포팩트 4FACT C1,0,0,0,0,"정품_47,500","정품_47,500",0
122624883,포팩트 4FACT M1,0,0,0,0,"정품_39,500","정품_39,500",0
123031733,포팩트 4FACT Q1,0,0,0,0,"정품_69,500","정품_69,500",0
14148371,포팩트 4FACT T1,0,0,0,0,"블랙_52,000|화이트_52,000","블랙_52,000|화이트_52,000",0
27754682,포팩트 4FACT Z1,0,0,0,0,"64,320","64,320",0
13042184,플레오맥스 PBH-500,0,0,0,0,"15,380","15,380",0
18067994,플레오맥스 PBH-ANC600,0,0,0,0,"24,900","24,900",0
35769911,플레오맥스 PM-BUZ17,0,0,0,0,"정품_19,800","정품_19,800",0
14999204,플레오맥스 PM-C1000,0,0,0,0,"7,410","7,410",0
19681514,플레오맥스 PM-C500,0,0,0,0,"정품_11,000","정품_11,000",0
27695927,플레오맥스 PM-TW300,0,0,0,0,"19,000","19,000",0
33413747,플레오맥스 PM-TW900,0,0,0,0,"정품_9,500|중고_30,800","정품_9,500|중고_30,800",0
122717529,피닉스 SBT-R500,0,0,0,0,"16,290","16,290",0
7139689,피센 A001,0,0,0,0,"16,390","16,390",0
17357735,피에스이 벤처스 PENTON AIR,0,0,0,0,"32,690","32,690",0
54216371,픽스 버즈 F3 XWS-304,0,0,0,0,"109,790","109,790",0
19455059,픽스 팟 X4 블루투스 이어폰 XWS-303,0,0,0,0,"102,340","102,340",0
95933165,필립스 Ringo TAH2000,0,0,0,0,"정품_34,900|해외구매_37,990","정품_34,900|해외구매_37,990",0
2575070,필립스 SHP9500,0,0,0,0,"정품_69,800|해외구매_74,090","정품_69,800|해외구매_74,090",0
76463441,필립스 TAA6709,0,0,0,0,"정품_59,000","정품_59,000",0
27759383,필립스 TAE5008,0,0,0,0,"정품_15,500","정품_15,500",0
76791287,필립스 TAH2209,0,0,0,0,"정품_39,900","정품_39,900",0
67682033,필립스 TAH5209,0,0,0,0,"39,800","39,800",0
34739042,필립스 TAH7508,0,0,0,0,"정품_101,500|해외구매_64,000","정품_101,500|해외구매_64,000",0
98488196,필립스 TAH8000,0,0,0,0,"정품_84,000","정품_84,000",0
90272231,필립스 TAQ2000,0,0,0,0,"정품_34,900","정품_34,900",0
124056440,필립스 TAQ4000,0,0,0,0,"69,000","69,000",0
73694369,필립스 TAT1109,0,0,0,0,"정품_19,900","정품_19,900",0
108390980,필립스 TAT1139,0,0,0,0,"정품_19,900","정품_19,900",0
122689826,필립스 TAT1300,0,0,0,0,"정품_19,950|해외구매_53,860","정품_19,950|해외구매_53,860",0
5275813,필립스 피델리오 X2HR,0,0,0,0,"정품_149,000|해외구매_214,820","정품_149,000|해외구매_214,820",0
11321331,해인씨앤에스 케미 IHBT-T60,0,0,0,0,"31,240","31,240",0
122688328,해인씨앤에스 케미 페블 HIBT-T10,0,0,0,0,"정품_19,700","정품_19,700",0
100268723,허그유 B3,0,0,0,0,"정품_16,020","정품_15,920",0
