Id,Name,2026-10-01 09:33:06,2026-10-02 01:21:35,2026-10-02 09:47:27,2026-10-03 00:44:31,2026-10-03 09:23:59,2026-10-03 23:22:25,2026-10-04 08:49:28,2026-10-04 23:50:04,2026-10-05 09:02:52,2026-10-06 03:17:38,2026-10-06 10:51:32,2026-10-07 00:55:56
123993247,1stPlayer NEO108 유무선 기계식,0,0,0,0,"_미드나잇 블루_89,000|_썬더스톰_99,000|아틱 블루_89,000",0,0,0,0,0,0,0
92357459,1stPlayer NEO87 유무선 기계식,0,0,0,0,"_나이트 퍼플_68,000|레트로_68,000|스텔라_99,000|_크림 버건디_75,000",0,0,0,0,0,0,0
123993211,1stPlayer NEO87 유무선 기계식 모노그레이,0,0,0,0,"저소음축_75,000",0,0,0,0,0,0,0
20095340,A4Tech Bloody B810RC,0,0,0,0,"125,550",0,0,0,0,0,0,0
104624438,AJAZZ AJ-WK01 유무선 기계식,0,0,0,0,"49,000",0,0,0,0,0,0,0
98075972,AKKO MONSGEEK FUN60 PRO,0,0,0,0,"_블랙_36,000|_화이트_73,060",0,0,0,0,0,0,0
5645544,ANYZEN MK-100 USB 유선 세트,0,0,0,0,"9,110",0,0,0,0,0,0,0
10333371,ANYZEN MK100 USB 세트 with PAD,0,0,0,0,"10,590",0,0,0,0,0,0,0
72592274,APPLE MXCL3KH/A 유무선,0,0,0,0,"136,220",0,0,0,0,0,0,0
60326543,ASUS ROG AZOTH EXTREME 유무선,0,0,0,0,"698,990",0,0,0,0,0,0,0
92888570,ASUS ROG AZOTH X 유무선 기계식,0,0,0,0,"_SNOW축_299,000|_STORM축_298,980",0,0,0,0,0,0,0
97836170,ASUS ROG FALCATA 유무선,0,0,0,0,"498,990",0,0,0,0,0,0,0
124046013,ASUS ROG STRIX Morph 96 유무선 기계식,0,0,0,0,"199,000",0,0,0,0,0,0,0
122663179,ATK RS6 Air,0,0,0,0,"_레이크 그린_89,000|블랙_89,000|핑크_89,000|_화이트_89,000",0,0,0,0,0,0,0
122663211,ATK RS7 Air,0,0,0,0,"레이크 그린_98,000|_블랙_98,000|_오렌지_98,000|핑크_98,000|화이트_98,000",0,0,0,0,0,0,0
45872063,ATK VXE V75X 유무선 기계식 해외구매,0,0,0,0,"옵션선택구성_81,440|_극지여우축_83,270|_장춘화축_57,790",0,0,0,0,0,0,0
123668326,AULA AC110 무선 키보드 마우스 세트,0,0,0,0,"_블랙_24,900|_화이트_24,900",0,0,0,0,0,0,0
124182188,AULA BOX63 스탠다드 에디션,0,0,0,0,"해외구매_210,710",0,0,0,0,0,0,0
124166528,AULA F108 PRO 유무선 기계식 라벤더 화이트,0,0,0,0,"_저소음 바다축_89,000|_저소음 솜사탕축_89,000",0,0,0,0,0,0,0
124166535,AULA F108 PRO 유무선 기계식 라벤더 화이트,0,0,0,0,"_저소음 바다축_89,000|_저소음 솜사탕축_89,000",0,0,0,0,0,0,0
94026440,AULA F108 PRO 유무선 기계식 오로라 블랙 한글,0,0,0,0,"_저소음 바다축_89,000|경해축_99,000|_세이야축_85,000|저소음 솜사탕축_89,000|중고_75,650",0,0,0,0,0,0,0
94026476,AULA F108 PRO 유무선 기계식 치즈 화이트 한글,0,0,0,0,"경해축_99,000|세이야축_85,000|_저소음 바다축_89,000|_저소음 솜사탕축_89,000|중고_75,650",0,0,0,0,0,0,0
76331342,AULA F108 PRO 유무선 기계식 해외구매,0,0,0,0,"옵션선택구성_58,430|청우축_55,100|_카라멜라떼축_59,220|_풍령축_48,260",0,0,0,0,0,0,0
122692022,AULA F108 PRO 유무선 기계식 화이트 한글,0,0,0,0,"저소음 로즈축_93,060",0,0,0,0,0,0,0
122722772,AULA F108 Pro V2 유무선 기계식 모던 블랙,0,0,0,0,"_유성축_94,000|_저소음 바다축_94,000",0,0,0,0,0,0,0
122722782,AULA F108 Pro V2 유무선 기계식 샌드 베이지,0,0,0,0,"_세이야축_89,000||_저소음 바다축_94,000",0,0,0,0,0,0,0
108423050,AULA F108 기계식 라이트 그레이,0,0,0,0,"_세이야축_59,000|_저소음 바다축_65,000",0,0,0,0,0,0,0
122691423,AULA F108 유무선 기계식 블러쉬 핑크 한글,0,0,0,0,"세이야축_84,000|_저소음 로즈축_89,000|_저소음 바다축_89,000",0,0,0,0,0,0,0
70003601,AULA F108 유무선 기계식 스카이 블랙 한글,0,0,0,0,"_저소음 바다축_82,000|_저소음 솜사탕축_82,000|경해축_92,000|세이야축_77,000|황축_82,000",0,0,0,0,0,0,0
70003625,AULA F108 유무선 기계식 올리비아 화이트 한글,0,0,0,0,"_저소음 바다축_82,000|_저소음 솜사탕축_82,000|경해축_92,000|세이야축_77,000|황축_82,000",0,0,0,0,0,0,0
73428701,AULA F108 유무선 기계식 해외구매,0,0,0,0,"_옵션선택구성_49,380|카라멜라떼축_55,060|_풍령축_55,060",0,0,0,0,0,0,0
62647625,AULA F2088 기계식,0,0,0,0,"해외구매_58,800",0,0,0,0,0,0,0
37929992,AULA F21 유무선,0,0,0,0,"해외구매_23,910",0,0,0,0,0,0,0
73325126,AULA F65 유무선 기계식 스카이 블랙,0,0,0,0,"_경해축_67,000|세이야축_57,000|_저소음 바다축_62,000|황축 V3_62,000",0,0,0,0,0,0,0
73696682,AULA F65 유무선 기계식 올리비아 화이트,0,0,0,0,"_경해축_67,000|세이야축_57,000|_저소음 바다축_62,000|황축 V3_62,000",0,0,0,0,0,0,0
79556447,AULA F75 MAX 유무선 기계식 스카이 블랙,0,0,0,0,"_저소음 바다축_74,000|경해축_79,000|_세이야축_69,000",0,0,0,0,0,0,0
79556477,AULA F75 MAX 유무선 기계식 올리비아 화이트,0,0,0,0,"_저소음 바다축_74,000|경해축_79,000|_세이야축_69,000",0,0,0,0,0,0,0
122722759,AULA F87 Pro V2 유무선 기계식 모던 블랙,0,0,0,0,"세이야축_79,000|_유성축_85,000|_저소음 바다축_85,000",0,0,0,0,0,0,0
122722756,AULA F87 Pro V2 유무선 기계식 샌드 베이지,0,0,0,0,"세이야축_79,000|_유성축_85,000|_저소음 바다축_85,000",0,0,0,0,0,0,0
98412503,AULA F87 Pro V2 유무선 기계식 해외구매,0,0,0,0,"_옵션선택구성_37,440|그린축_77,500|_유성 아이스크림축_63,980|유성축_58,690|카라멜 라떼축_54,740|",0,0,0,0,0,0,0
63466976,AULA F87 Pro 기계식 다크 올리비아 한글,0,0,0,0,"_세이야축_42,800|_저소음 바다축_48,000",0,0,0,0,0,0,0
63467021,AULA F87 Pro 기계식 라이트 올리비아 한글,0,0,0,0,"_세이야축_42,800|_저소음 바다축_48,000|중고_32,100",0,0,0,0,0,0,0
124166516,AULA F87 Pro 유무선 기계식 라벤더 화이트,0,0,0,0,"_저소음 바다축_67,000|_저소음 솜사탕축_67,000",0,0,0,0,0,0,0
122691617,AULA F87 Pro 유무선 기계식 블러쉬 핑크 한글,0,0,0,0,"세이야축_67,000|_저소음 로즈축_73,000|_저소음 바다축_73,000|중고_104,130",0,0,0,0,0,0,0
59826344,AULA F87 Pro 유무선 기계식 올리비아 화이트 한글,0,0,0,0,"_저소음 솜사탕축_67,000|저소음 피치축 V2_67,000|황축 V3_62,000|_회목축 V4_62,000",0,0,0,0,0,0,0
61437527,AULA F87 Pro 유무선 기계식 인디고 블랙 한글,0,0,0,0,"저소음 솜사탕축_67,000|_저소음 피치축 V2_67,000|황축 V3_62,000|_회목축 V4_62,000",0,0,0,0,0,0,0
36706868,AULA F87 Pro 유무선 기계식 해외구매,0,0,0,0,"_옵션선택구성_46,860|골드축_47,980|_그레이축_42,080|옐로우축_47,830",0,0,0,0,0,0,0
124181383,AULA F87S 유무선 기계식 해외구매,0,0,0,0,"_옵션선택구성_46,890|_마틴축_70,000|싱스축_60,000",0,0,0,0,0,0,0
124181395,AULA F87S 유무선 기계식 해외구매,0,0,0,0,"_옵션선택구성_46,890|_마틴축_70,000|싱스축_60,000",0,0,0,0,0,0,0
62176244,AULA F99 PRO 유무선 기계식 해외구매,0,0,0,0,"54,150",0,0,0,0,0,0,0
58934972,AULA F99 유무선 기계식 올리비아 화이트 한글,0,0,0,0,"경해축_118,960|_황축 V3_72,000|_회목축 V4_72,000",0,0,0,0,0,0,0
60145412,AULA F99 유무선 기계식 인디고 블랙 한글,0,0,0,0,"저소음 피치축 V2_118,500",0,0,0,0,0,0,0
32064938,AULA F99 유무선 기계식 해외구매,0,0,0,0,"그레이축_70,680|옐로우축_51,790|_옐로우축V3_68,000|_옵션선택구성_51,770",0,0,0,0,0,0,0
92470289,AULA HERO 68 HE,0,0,0,0,"미스트 화이트_64,000|_블랙 레드_59,000|퍼플_59,000|_화이트_64,000",0,0,0,0,0,0,0
74488823,AULA HERO 68 HE 해외구매,0,0,0,0,"43,980",0,0,0,0,0,0,0
122659315,AULA HERO 68 MINI AIR 유무선,0,0,0,0,"해외구매_73,500",0,0,0,0,0,0,0
123668411,AULA HERO 87 HE 미스트 블랙,0,0,0,0,"_블랙킹축_74,000|_저소음 리치축_79,000",0,0,0,0,0,0,0
123668418,AULA HERO 87 HE 화이트,0,0,0,0,"_블랙킹축_74,000|_저소음 리치축_79,000",0,0,0,0,0,0,0
95202956,AULA L99 유무선 기계식 해외구매,0,0,0,0,"_옵션선택구성_74,540|청우축_89,940|_카라멜라떼축_92,590",0,0,0,0,0,0,0
98412719,AULA MINI 60HE Pro 유무선,0,0,0,0,"해외구매_32,120",0,0,0,0,0,0,0
106222205,AULA S102,0,0,0,0,"_그레이_22,900|_그린_22,900|핑크_22,900|중고_16,030",0,0,0,0,0,0,0
106222247,AULA S102Pro 유무선,0,0,0,0,"_그레이_29,800|_그린_29,800|핑크_29,800|중고_20,860",0,0,0,0,0,0,0
76789199,AULA S2022 기계식,0,0,0,0,"_적축_26,870|갈축_26,870|_청축_26,870",0,0,0,0,0,0,0
73948178,AULA WIN60HE,0,0,0,0,"해외구매_21,400",0,0,0,0,0,0,0
14654054,Actto BTK-05 하프 블루투스 키보드,0,0,0,0,"18,900",0,0,0,0,0,0,0
62648789,Actto WRS-09,0,0,0,0,"11,800",0,0,0,0,0,0,0
9878655,Bless ZIO RMK380mini 미니키보드,0,0,0,0,"45,100",0,0,0,0,0,0,0
7717489,Bless ZIO TMK300mini 트랙볼 키보드,0,0,0,0,"32,800",0,0,0,0,0,0,0
106734143,CHERRY DW2380 키보드 마우스 세트,0,0,0,0,"_그린_26,320|_핑크_26,320|화이트_26,320",0,0,0,0,0,0,0
122687477,CHERRY KC 500 LP,0,0,0,0,"_블랙_143,100|_화이트_143,100",0,0,0,0,0,0,0
68577218,CHERRY KC200 MX2A 기계식 화이트 민트,0,0,0,0,"_저소음 적축_109,000|_적축_109,000|백축_99,000",0,0,0,0,0,0,0
52154891,CHERRY MX BOARD 2.0S MX2A 화이트,0,0,0,0,"_적축_84,000|_저소음 적축_84,000",0,0,0,0,0,0,0
122625673,CHERRY MX2A 스위치 35Pcs,0,0,0,0,"_노던_19,530|블라썸_19,530|팔콘_18,130|페탈_19,530|_허니_18,130",0,0,0,0,0,0,0
122618029,CHERRY XTRFY K37 유무선,0,0,0,0,"_블랙_51,920|_화이트_51,920",0,0,0,0,0,0,0
102007238,CHERRY XTRFY K5 PRO TMR,0,0,0,0,"_블랙_98,000|_화이트_98,000",0,0,0,0,0,0,0
100268285,CHERRY XTRFY MX 10.1 LP 8K 유무선 기계식 블랙,0,0,0,0,"_은축_296,100|_적축_296,100",0,0,0,0,0,0,0
122626764,CHERRY XTRFY MX 10.1 LP 8K 유무선 기계식 실버,0,0,0,0,"_은축_296,100|_적축_296,100",0,0,0,0,0,0,0
99946520,CHERRY XTRFY MX 8.2 PRO TMR 8K 유무선,0,0,0,0,"_블랙_246,750|_화이트_269,000",0,0,0,0,0,0,0
124183750,CHERRY XTRFY MX 8.3 PRO TKL 유무선 기계식,0,0,0,0,"핑크_399,000",0,0,0,0,0,0,0
122625597,CHERRY XTRFY MX 8.3 TKL 8K 유무선 기계식,0,0,0,0,"_실버_398,990|_핑크_398,990",0,0,0,0,0,0,0
93629069,CHERRY XTRFY PIXIU 98 유무선 기계식,0,0,0,0,"_블랙_219,000|_화이트_205,720",0,0,0,0,0,0,0
71216027,CORSAIR DROP CSTM80 기계식,0,0,0,0,"_갈축_198,930|_황축_203,330",0,0,0,0,0,0,0
69656147,CORSAIR DROP 반지의 제왕 기계식,0,0,0,0,"_BLACK SPEECH_238,660|_RINGWRAITH_259,000",0,0,0,0,0,0,0
69465191,CORSAIR Drop Expression Series 기계식,0,0,0,0,"_Akatsuki Indigo_182,970|Matcha Summer_182,480|_Mechtropolis_189,040|Prism_182,400|Shinai_198,990|",0,0,0,0,0,0,0
17932703,CORSAIR K100 AIR WIRELESS RGB Ultra Low Profile 게이밍 기계식 키보드,0,0,0,0,"378,880",0,0,0,0,0,0,0
12402839,CORSAIR K100 RGB MX SPEED 영문,0,0,0,0,"은축_342,000",0,0,0,0,0,0,0
12799214,CORSAIR K100 RGB MX SPEED 한글,0,0,0,0,"은축_342,000",0,0,0,0,0,0,0
12799259,CORSAIR K100 RGB OPTICAL 한글,0,0,0,0,"365,000",0,0,0,0,0,0,0
35770448,CORSAIR K55 CORE RGB 멤브레인 게이밍,0,0,0,0,"52,290",0,0,0,0,0,0,0
94998371,CORSAIR K55 CORE TKL 멤브레인,0,0,0,0,"49,050",0,0,0,0,0,0,0
12618380,CORSAIR K60 PRO,0,0,0,0,"112,000",0,0,0,0,0,0,0
12618515,CORSAIR K60 RGB PRO,0,0,0,0,"109,660",0,0,0,0,0,0,0
12669857,CORSAIR K60 RGB PRO LP,0,0,0,0,"은축_189,000",0,0,0,0,0,0,0
12829025,CORSAIR K60 RGB PRO SE,0,0,0,0,"정품_157,000",0,0,0,0,0,0,0
5065159,CORSAIR K63,0,0,0,0,"적축_170,600",0,0,0,0,0,0,0
21566336,CORSAIR K65 PRO MINI OPX 게이밍,0,0,0,0,"179,370",0,0,0,0,0,0,0
68686370,CORSAIR K65 RGB PLUS 유무선 게이밍 기계식 영문,0,0,0,0,"180,500",0,0,0,0,0,0,0
101542445,CORSAIR K65 RGB PLUS 유무선 애플 에디션,0,0,0,0,"224,460",0,0,0,0,0,0,0
4138936,CORSAIR K70 LUX,0,0,0,0,"적축_182,000",0,0,0,0,0,0,0
27546863,CORSAIR K70 MAX RGB MGX 게이밍 기계식,0,0,0,0,"마그네틱축_299,000",0,0,0,0,0,0,0
70001114,CORSAIR K70 MAX 기계식 타이핑고래,0,0,0,0,"398,990",0,0,0,0,0,0,0
67692167,CORSAIR K70 PRO TKL MGX 기계식,0,0,0,0,"_블랙_215,900|_화이트_215,900",0,0,0,0,0,0,0
70001411,CORSAIR K70 PRO TKL OPX 기계식 타이핑고래,0,0,0,0,"280,240",0,0,0,0,0,0,0
67692317,CORSAIR K70 RGB CORE TKL 기계식,0,0,0,0,"111,700",0,0,0,0,0,0,0
67692602,CORSAIR K70 RGB CORE TKL 무선 기계식,0,0,0,0,"_저소음 은축_199,890|_적축_175,900",0,0,0,0,0,0,0
28603439,CORSAIR K70 RGB CORE 게이밍 기계식,0,0,0,0,"그레이_122,300|_블랙_122,300|_화이트_149,270",0,0,0,0,0,0,0
16387904,CORSAIR K70 RGB PRO,0,0,0,0,"_적축_199,000|저소음 적축_223,650|_갈축_214,990|스피드 은축_217,940|청축_229,000",0,0,0,0,0,0,0
13855607,CORSAIR K70 RGB TKL CHAMPION 한글,0,0,0,0,"_적축_199,000|_저소음 적축_197,990|은축_272,840",0,0,0,0,0,0,0
16795421,CORSAIR K70 RGB TKL OPX 광적축 게이밍 기계식 키보드,0,0,0,0,"정품_199,000",0,0,0,0,0,0,0
78528302,CORSAIR K70 RGB 자석축 텐키리스 골드키캡 에디션,0,0,0,0,"_블랙_247,370|_화이트_249,900",0,0,0,0,0,0,0
102046682,CORSAIR MAKR 75 기계식 DIY 키트 베어본 MLX 펄스축,0,0,0,0,"_블랙_318,380|_실버_319,780",0,0,0,0,0,0,0
103481615,CORSAIR MAKR PRO 75,0,0,0,0,"275,300",0,0,0,0,0,0,0
13913552,CORSAIR PBT DOUBLE-SHOT PRO KEYCAP MOD KIT,0,0,0,0,"_화이트_39,890|_레드_34,300|블랙_39,890",0,0,0,0,0,0,0
104947577,CORSAIR 갤리온 100 SD 스트림덱 LCD 기계식,0,0,0,0,"476,100",0,0,0,0,0,0,0
98245313,CORSAIR 뱅가드 96 MLX 게이밍 기계식,0,0,0,0,"_퀀텀축_176,300|_퓨전축_176,300|플라스마축_201,500",0,0,0,0,0,0,0
109483871,CORSAIR 뱅가드 96 MLX 게이밍 무선 기계식,0,0,0,0,"249,100",0,0,0,0,0,0,0
98245181,CORSAIR 뱅가드 96 저소음 게이밍 기계식,0,0,0,0,"189,040",0,0,0,0,0,0,0
98245088,CORSAIR 뱅가드 96 펄스 게이밍 기계식,0,0,0,0,"221,600",0,0,0,0,0,0,0
108692963,CORSAIR 뱅가드 AIR 99 무선,0,0,0,0,"_블랙_307,900|_화이트_307,900",0,0,0,0,0,0,0
98244965,CORSAIR 뱅가드 PRO 96 게이밍,0,0,0,0,"208,990",0,0,0,0,0,0,0
123683037,CORSAIR 스키프 100 PLUS,0,0,0,0,"87,100",0,0,0,0,0,0,0
122687604,CORSAIR 클리퍼 PRO 미니 60,0,0,0,0,"_블랙_130,800|_화이트_130,800",0,0,0,0,0,0,0
19508108,COUGAR PURI MINI,0,0,0,0,"적축_104,410",0,0,0,0,0,0,0
19508621,COUGAR PURI MINI RGB,0,0,0,0,"적축_113,910",0,0,0,0,0,0,0
13639778,COUGAR PURI RGB,0,0,0,0,"적축_82,850",0,0,0,0,0,0,0
13639985,COUGAR PURI TKL RGB,0,0,0,0,"적축_69,250",0,0,0,0,0,0,0
79556090,COX C108 유무선 기계식 화이트 그레이,0,0,0,0,"_용과축_49,900|_허니축_59,900",0,0,0,0,0,0,0
87546017,COX C108 유무선 기계식 화이트 퍼플,0,0,0,0,"_허니축_59,900|_용과축_49,900",0,0,0,0,0,0,0
81062672,COX C87 유무선 기계식 화이트 그레이,0,0,0,0,"_용과축_39,900|_허니축_59,890",0,0,0,0,0,0,0
81062720,COX C87 유무선 기계식 화이트 퍼플,0,0,0,0,"_허니축_59,890|_용과축_49,900",0,0,0,0,0,0,0
73951766,COX CA75 3모드 CNC 알루미늄 유무선 기계식 블루,0,0,0,0,"_카라멜 커피 V1축_49,000|_코코아 크림 V2축_59,000",0,0,0,0,0,0,0
73251026,COX CA75 3모드 CNC 알루미늄 유무선 기계식 실버,0,0,0,0,"_카라멜 커피 V1축_49,000|_코코아 크림 V2축_89,000",0,0,0,0,0,0,0
122717025,COX CF108 유무선 기계식 웜아이보리,0,0,0,0,"_오렌지축_179,000|_저소음 안개축_179,000",0,0,0,0,0,0,0
122717042,COX CF108 유무선 기계식 쿨네이비,0,0,0,0,"_오렌지축_179,000|_저소음 안개축_179,000",0,0,0,0,0,0,0
85381733,COX CF75 유무선 기계식 블루레몬젤리,0,0,0,0,"_덕킹_74,000|_오렌지_74,000",0,0,0,0,0,0,0
89609069,COX CF75 유무선 기계식 핑크소다젤리,0,0,0,0,"_덕킹_74,000|_오렌지_74,000",0,0,0,0,0,0,0
96976964,COX CF87 유무선 기계식 네온 메카 바이올렛,0,0,0,0,"_덕킹축_84,000|_오렌지축_84,000",0,0,0,0,0,0,0
96976973,COX CF87 유무선 기계식 말차크림티,0,0,0,0,"_덕킹축_84,000|_오렌지축_84,000",0,0,0,0,0,0,0
92965718,COX CFL101 3모드 CMMK 특주축 유무선 기계식,0,0,0,0,"39,000",0,0,0,0,0,0,0
92969255,COX CFL87+21 옴니키(원솔루션) 3모드 유무선 기계식,0,0,0,0,"55,000",0,0,0,0,0,0,0
13224059,COX CK01 Navy 교체축 사이드 RGB 게이밍 기계식 키보드,0,0,0,0,"_적축_27,900|_갈축_27,900|청축_27,900",0,0,0,0,0,0,0
15185441,COX CK01 PBT SL 기계식 키보드,0,0,0,0,"저소음 백축_38,000",0,0,0,0,0,0,0
11696723,COX CK01 PBT 이색사출 사이드 RGB 기계식 키보드,0,0,0,0,"_적축_31,500|_갈축_31,500|청축_31,500",0,0,0,0,0,0,0
28862948,COX CK01 SAHARA HUANO 퀵스압 게이밍 기계식,0,0,0,0,"적축_31,900",0,0,0,0,0,0,0
14440445,COX CK01 TKL,0,0,0,0,"_적축_31,900|_갈축_31,900|청축_31,900",0,0,0,0,0,0,0
15185348,COX CK01 TKL PBT SL 기계식 키보드,0,0,0,0,"저소음 백축_29,900",0,0,0,0,0,0,0
14393789,COX CK01 TKL PBT 기계식 키보드,0,0,0,0,"_적축_29,900|_갈축_29,900|청축_29,900",0,0,0,0,0,0,0
19456175,COX CK01SL PBT 45GF,0,0,0,0,"38,000",0,0,0,0,0,0,0
20439878,COX CK01SL TKL PBT 45GF 기계식,0,0,0,0,"29,900",0,0,0,0,0,0,0
16180022,COX CK01V V광축 완전방수 사이드 RGB 게이밍 키보드,0,0,0,0,"블랙&틸_54,900",0,0,0,0,0,0,0
8048698,COX CK108 레드/다크그레이 게이트론 LED 게이밍 기계식,0,0,0,0,"_S1, 녹축_44,390|_S2, 녹축_41,850",0,0,0,0,0,0,0
28191863,COX CK20th Century 멤브레인,0,0,0,0,"16,500",0,0,0,0,0,0,0
6278312,COX CK420 교체축 레인보우 LED 게이밍 기계식 블랙,0,0,0,0,"_적축_31,900|_갈축_31,900|청축_31,900",0,0,0,0,0,0,0
6278440,COX CK420 교체축 레인보우 LED 게이밍 기계식 화이트,0,0,0,0,"적축_31,900|_갈축_31,900|_청축_31,900",0,0,0,0,0,0,0
91113512,COX CK480 교체축 게이밍 기계식 화이트,0,0,0,0,"갈축_58,000",0,0,0,0,0,0,0
16889645,COX CK510 교체축 LED 게이밍 기계식 키보드,0,0,0,0,"_갈축_52,200|_청축_156,520",0,0,0,0,0,0,0
91113356,COX CK580 교체축 게이밍 기계식 그레이&핑크,0,0,0,0,"_갈축_28,900|적축_28,900|_청축_28,900",0,0,0,0,0,0,0
91113383,COX CK580 교체축 게이밍 기계식 화이트,0,0,0,0,"_갈축_28,900|적축_28,900|_청축_28,900",0,0,0,0,0,0,0
65302943,COX CK80 유무선 기계식,0,0,0,0,"59,290",0,0,0,0,0,0,0
20438609,COX CK87 PBT SUNSHINE GD 기계식,0,0,0,0,"_갈축_39,800|_황축_39,800",0,0,0,0,0,0,0
17465048,COX CK87 SLIM LP PBT 블랙,0,0,0,0,"청축_55,700",0,0,0,0,0,0,0
17465078,COX CK87 SLIM LP PBT 화이트,0,0,0,0,"청축_36,890",0,0,0,0,0,0,0
7938631,COX CK87 네이비 게이트론 LED 게이밍 기계식,0,0,0,0,"갈축_132,960",0,0,0,0,0,0,0
7939003,COX CK87 레드/그레이 게이트론 LED 게이밍 기계식,0,0,0,0,"S1, 황축_169,900",0,0,0,0,0,0,0
7938502,COX CK87 블랙 게이트론 LED 게이밍 기계식,0,0,0,0,"녹축_169,900",0,0,0,0,0,0,0
11063505,COX CK87 크림블루 게이트론 LED 게이밍 기계식,0,0,0,0,"_갈축_42,000|청축_42,000|_황축_42,000",0,0,0,0,0,0,0
10339101,COX CK87 화이트 게이트론 LED 게이밍 기계식,0,0,0,0,"황축_118,930",0,0,0,0,0,0,0
68787860,COX CK88 유무선 기계식 민트화이트,0,0,0,0,"_딥씨축_69,000|_베이비 화이트축_59,000",0,0,0,0,0,0,0
94810328,COX CK88 유무선 기계식 블랙로얄,0,0,0,0,"_딥씨축_69,000|_베이비 화이트축_59,000",0,0,0,0,0,0,0
106704464,COX CKM400 키보드 마우스 세트,0,0,0,0,"19,700",0,0,0,0,0,0,0
106704434,COX CKM400K,0,0,0,0,"12,500",0,0,0,0,0,0,0
91118852,COX CKM40W 저소음 무선 키보드 마우스 세트,0,0,0,0,"_블랙_17,900|_화이트_17,900",0,0,0,0,0,0,0
5355168,COX CKM500 게이밍 키보드 마우스 콤보,0,0,0,0,"25,900",0,0,0,0,0,0,0
11589167,COX CKM510 게이밍 키보드 마우스 세트,0,0,0,0,"19,550",0,0,0,0,0,0,0
75993224,COX CKP01 PRO 3모드 유무선 기계식,0,0,0,0,"41,000",0,0,0,0,0,0,0
75993500,COX CKP01 VIA 기계식,0,0,0,0,"32,900",0,0,0,0,0,0,0
14804228,COX CKR01 TKL 아크릴 키보드 덮개,0,0,0,0,"7,900",0,0,0,0,0,0,0
14802494,COX CKR01 아크릴 키보드 덮개,0,0,0,0,"8,900",0,0,0,0,0,0,0
18455165,COX CKT87 RGB 반투광사출 기계식 텐키리스,0,0,0,0,"갈축_135,000",0,0,0,0,0,0,0
101721821,COX CM105KD 조약돌,0,0,0,0,"_라벤더_22,900|_핑크_22,900",0,0,0,0,0,0,0
101721842,COX CM105KDW 3모드 조약돌,0,0,0,0,"_라벤더_27,900|_핑크_27,900",0,0,0,0,0,0,0
101721725,COX CM87KD 조약돌,0,0,0,0,"_라벤더_21,890|_핑크_21,890",0,0,0,0,0,0,0
101721764,COX CM87KDW 3모드 조약돌,0,0,0,0,"_라벤더_26,900|_핑크_26,900",0,0,0,0,0,0,0
76508411,COX CMF104 8K 무접점 다람쥐,0,0,0,0,"35g_74,000|_45g_74,000|_55g_74,000",0,0,0,0,0,0,0
76508432,COX CMF104 8K 무접점 보타니컬,0,0,0,0,"_35g_74,000|_45g_74,000|55g_74,000",0,0,0,0,0,0,0
75463697,COX CMK108,0,0,0,0,"_White_17,900|_Olivia_17,900",0,0,0,0,0,0,0
75372803,COX CMK63R,0,0,0,0,"44,000",0,0,0,0,0,0,0
75463712,COX CMK87,0,0,0,0,"_White_17,900|_Olivia_17,900",0,0,0,0,0,0,0
71505551,COX CMK87R 자석축 래피드 트리거,0,0,0,0,"99,000",0,0,0,0,0,0,0
34810838,COX CNK103 PRO LL 블루투스 유무선 무접점,0,0,0,0,"130,180",0,0,0,0,0,0,0
73883504,COX CNK84L 유무선 무접점,0,0,0,0,"99,990",0,0,0,0,0,0,0
40722074,COX CNK87BT PRO LL 블루투스 유무선 무접점,0,0,0,0,"139,000",0,0,0,0,0,0,0
12706379,COX COS1 TKL 텐키리스 어고노믹 월넛 팜레스트,0,0,0,0,"19,900",0,0,0,0,0,0,0
12706313,COX COS1 어고노믹 월넛 팜레스트,0,0,0,0,"17,900",0,0,0,0,0,0,0
11979683,COX COS10 유선 키보드 마우스 세트,0,0,0,0,"8,900",0,0,0,0,0,0,0
77319551,COX COS500 무선,0,0,0,0,"28,000",0,0,0,0,0,0,0
73886033,COX COS600 무선,0,0,0,0,"26,900",0,0,0,0,0,0,0
102355271,COX CPL108 핑거 프로텍터 3모드 기계식 더스티 베이지,0,0,0,0,"_덕킹축_64,900|_오렌지축_64,900|저소음 안개축_64,900",0,0,0,0,0,0,0
122635785,COX CPL108 핑거 프로텍터 3모드 기계식 브리지 블루,0,0,0,0,"_덕킹축_64,900|오렌지축_64,900|_저소음 안개축_64,900",0,0,0,0,0,0,0
98410553,COX CQ8K108 유무선 기계식 소프트 라일락,0,0,0,0,"_CIDOO CARDA_59,000|_Deep Oil_59,000",0,0,0,0,0,0,0
98410544,COX CQ8K108 유무선 기계식 에버그린,0,0,0,0,"_CIDOO CARDA_59,000|_Deep Oil_59,000",0,0,0,0,0,0,0
90437816,COX CQK81 VIA 엣지 LED & 노브 3MODE 유무선 기계식,0,0,0,0,"_Carda축_33,000|_Deep Oil축_33,000",0,0,0,0,0,0,0
96978014,COX CS108 유무선 기계식,0,0,0,0,"_맘모스축_62,900|_벚꽃축_66,900",0,0,0,0,0,0,0
96711005,COX CS87 유무선 기계식,0,0,0,0,"_맘모스축_58,900|_벚꽃축_62,900",0,0,0,0,0,0,0
89604053,COX CSK105 VIA 실리콘 사운드 뎀퍼 유무선 기계식 그린,0,0,0,0,"페블축_49,000",0,0,0,0,0,0,0
89604083,COX CSK105 VIA 실리콘 사운드 뎀퍼 유무선 기계식 핑크,0,0,0,0,"페블축_49,000",0,0,0,0,0,0,0
91426367,COX CSK88 VIA 실리콘 사운드 뎀퍼 유무선 기계식 그린,0,0,0,0,"_저소음 피치축_55,900|_페블축_33,000",0,0,0,0,0,0,0
91426361,COX CSK88 VIA 실리콘 사운드 뎀퍼 유무선 기계식 핑크,0,0,0,0,"_저소음 피치축_49,500|_페블축_33,000",0,0,0,0,0,0,0
14530181,COX CX157 PBT 이색사출 키캡 트레이 세트,0,0,0,0,"_Blue Betta_19,790|_Blue Tang_19,900",0,0,0,0,0,0,0
14530379,COX CX158 PBT 이색사출 키캡 트레이 세트,0,0,0,0,"Ocellaris_54,900",0,0,0,0,0,0,0
90887909,COX CY104K V2 카일 광축 V2 게이밍 블랙,0,0,0,0,"_갈축_65,000|적축_65,000|_청축_65,000",0,0,0,0,0,0,0
90887969,COX CY104K V2 카일 광축 V2 게이밍 화이트&블루,0,0,0,0,"_적축_65,000|갈축_65,000|_청축_65,000",0,0,0,0,0,0,0
90887954,COX CY104K V2 카일 광축 V2 게이밍 화이트&핑크,0,0,0,0,"_적축_65,000|갈축_65,000|_청축_65,000",0,0,0,0,0,0,0
123798453,COX CY87K,0,0,0,0,"65,000",0,0,0,0,0,0,0
100619501,COX PMK201 피마 PBT 카일 광축 V2 게이밍,0,0,0,0,"69,800",0,0,0,0,0,0,0
108356045,COX SPT1 TKL 편해 실리콘 팜레스트,0,0,0,0,"_베이지_15,500|_피치_15,500",0,0,0,0,0,0,0
108355955,COX SPT1 편해 실리콘 팜레스트,0,0,0,0,"_베이지_15,500|_피치_15,500",0,0,0,0,0,0,0
103124918,COX XM108,0,0,0,0,"_블랙_21,900|_화이트_21,900",0,0,0,0,0,0,0
103414331,COX XOS108 나무 팜레스트 손목받침대,0,0,0,0,"_Bamboo_8,500|Beech_11,500|_Walnut_14,500",0,0,0,0,0,0,0
103414325,COX XOS87 나무 팜레스트 손목받침대,0,0,0,0,"_Bamboo_8,500|_Beech_10,000|Walnut_13,500",0,0,0,0,0,0,0
18191459,COX 엔데버 오리지널 레트로 PBT 무접점 텐키리스,0,0,0,0,"35g_133,000",0,0,0,0,0,0,0
7127755,COX 엔데버 텐키리스 RGB PBT 완전방수 무접점 화이트,0,0,0,0,"_45g_109,000|_50g_200,840",0,0,0,0,0,0,0
7127485,COX 엠프리스 RGB PBT 완전방수 무접점 블랙,0,0,0,0,"_35g_119,000|45g_119,000|_50g_119,000",0,0,0,0,0,0,0
8342811,COX 엠프리스 RGB PBT 완전방수 무접점 화이트,0,0,0,0,"_35g_119,000|45g_119,000|_50g_156,000",0,0,0,0,0,0,0
18191813,COX 엠프리스 오리지널 레트로 PBT 무접점,0,0,0,0,"_35g_105,000|_50g_105,000",0,0,0,0,0,0,0
5828061,COX 카일 정품 광축 스위치,0,0,0,0,"10개, 클릭_4,000|_10개, 리니어_3,960|_5+5개, 클릭/리니어_3,950",0,0,0,0,0,0,0
10420293,COX 피네스 66키 아크릴 RGB 게이트론 퀵스왑 키보드,0,0,0,0,"_갈축_33,000|_황축_79,900",0,0,0,0,0,0,0
122703406,Chilkey ND104 유무선 루멘 옐로우,0,0,0,0,"WS Breeze_279,000",0,0,0,0,0,0,0
122703418,Chilkey ND104 유무선 소프트 핑크,0,0,0,0,"WS Breeze_279,000",0,0,0,0,0,0,0
122703400,Chilkey ND104 유무선 쉐도우 블랙,0,0,0,0,"WS Silent Linear_299,000",0,0,0,0,0,0,0
123682113,ColorReco F21 유무선 기계식,0,0,0,0,"해외구매_32,800",0,0,0,0,0,0,0
72004784,Createkeebs LUMINKEY Magger 68 HE 퍼포먼스,0,0,0,0,"139,000",0,0,0,0,0,0,0
72004805,Createkeebs LUMINKEY Magger 68 HE 프로페셔널,0,0,0,0,"179,000",0,0,0,0,0,0,0
12560237,Ducky DUCKY ONE 2 SF RGB PBT 이중사출 한글,0,0,0,0,"_갈축_99,000|_적축_99,000",0,0,0,0,0,0,0
15739016,Ducky MECHA MINI RGB PBT 이중사출 한글,0,0,0,0,"갈축_119,000|_스피드 은축_119,000|_저소음 적축_119,000|적축_119,000",0,0,0,0,0,0,0
7052476,Ducky ONE 2 MINI RGB PBT 이중사출 영문,0,0,0,0,"갈축_99,000",0,0,0,0,0,0,0
7052686,Ducky ONE 2 MINI RGB PBT 이중사출 한글,0,0,0,0,"갈축_99,000",0,0,0,0,0,0,0
7053088,Ducky ONE 2 RGB SEAMLESS PBT 이중사출 한글,0,0,0,0,"_은축_139,000|_적축_129,000",0,0,0,0,0,0,0
12586253,Ducky ONE 2 SEAMLESS TUXEDO PBT 이중사출 한글,0,0,0,0,"은축_99,000",0,0,0,0,0,0,0
12549476,Ducky ONE 2 SF RGB PURE WHITE PBT 이중사출 영문,0,0,0,0,"갈축_99,000",0,0,0,0,0,0,0
7053244,Ducky ONE 2 TKL RGB SEAMLESS PBT 이중사출 한글,0,0,0,0,"_갈축_129,000|은축_139,000|저소음 적축_139,000|_적축_129,000",0,0,0,0,0,0,0
14998151,Ducky ONE 2 TKL SEAMLESS BON VOYAGE PBT 이중사출 한글,0,0,0,0,"_갈축_99,000|_적축_99,000",0,0,0,0,0,0,0
12586568,Ducky ONE 2 TKL SEAMLESS TUXEDO PBT 이중사출 한글,0,0,0,0,"저소음 적축_99,000",0,0,0,0,0,0,0
16986686,Ducky ONE 3 SF RGB DayBreak PBT 이중사출 한글,0,0,0,0,"저소음 적축_189,000",0,0,0,0,0,0,0
14979041,Ducky One 2 SEAMLESS ROSA PBT 이중사출 한글,0,0,0,0,"_적축_89,000|_갈축_89,000|은축_99,000",0,0,0,0,0,0,0
122728417,EPOMAKER Cloudgel 구름젤 팜레스트 세트,0,0,0,0,"그린_31,410|_블루_31,410|투명_31,410|퍼플_34,900|_핑크_31,410",0,0,0,0,0,0,0
122727042,EPOMAKER G84 PRO 유무선 기계식,0,0,0,0,"_저소음 바다소금축_109,000|_크리미축_119,000",0,0,0,0,0,0,0
124047134,EPOMAKER QK108 유무선 기계식,0,0,0,0,"119,200",0,0,0,0,0,0,0
14811578,EVGA Z20 RGB 광축 게이밍 키보드 한글,0,0,0,0,"리니어_54,800",0,0,0,0,0,0,0
68300117,EVOWORKS EVO80 유무선 기계식,0,0,0,0,"해외구매_172,800",0,0,0,0,0,0,0
30195950,FL-ESPORTS CMK75 유무선 LCD 핫스왑 풀윤활 기계식 발렌타인 핑크 한글,0,0,0,0,"저소음 크림축_108,000",0,0,0,0,0,0,0
30195614,FL-ESPORTS CMK75 유무선 LCD 핫스왑 풀윤활 기계식 차콜 그레이 한글,0,0,0,0,"저소음 스노우축_101,000|_저소음 크림축_108,000|실버축_101,000|_핑크축_92,000|황축_92,000",0,0,0,0,0,0,0
30196064,FL-ESPORTS CMK75 유무선 LCD 핫스왑 풀윤활 기계식 화이트 그레이 한글,0,0,0,0,"저소음 라임축_101,000|저소음 스노우축_101,000|_저소음 크림축_108,000|저소음 피치축_101,000|핑크축_92,000|_황축_92,000",0,0,0,0,0,0,0
30119780,FL-ESPORTS CMK75 유무선 기계식 해외구매,0,0,0,0,"옵션선택구성_236,260",0,0,0,0,0,0,0
19744532,FL-ESPORTS CMK87 유무선 기계식 마쉬멜로우,0,0,0,0,"_리니어_69,000|_택타일_69,000",0,0,0,0,0,0,0
19520744,FL-ESPORTS CMK99 유무선 기계식 모노크롬,0,0,0,0,"GOLD PINK V2_271,580",0,0,0,0,0,0,0
29664851,FL-ESPORTS CMK99 유무선 핫스왑 풀윤활 기계식 폴라 나이트 블랙 한글,0,0,0,0,"_적축_79,000|백축_198,000|_저소음 크림축_89,000",0,0,0,0,0,0,0
29664911,FL-ESPORTS CMK99 유무선 핫스왑 풀윤활 기계식 화이트 그레이 한글,0,0,0,0,"적축_79,000|_갈축_198,000|_백축_198,000|저소음 크림축_209,000",0,0,0,0,0,0,0
40577945,FL-ESPORTS FL-CMMK 월넛 팜레스트,0,0,0,0,"_미니배열_14,900|_텐키리스_14,900",0,0,0,0,0,0,0
19744148,FL-ESPORTS FL980 V2 유무선 기계식 메탈하트,0,0,0,0,"_Red V2_79,000|_White V2_79,000",0,0,0,0,0,0,0
19744163,FL-ESPORTS FL980 V2 유무선 기계식 블랙 올리비아,0,0,0,0,"_Red V2_79,000|_White V2_79,000",0,0,0,0,0,0,0
19744166,FL-ESPORTS FL980 V2 유무선 기계식 씨솔트,0,0,0,0,"_Red V2_79,000|_White V2_79,000",0,0,0,0,0,0,0
90501644,FL-ESPORTS Geo65 유무선 기계식 드림 그린,0,0,0,0,"BCP_109,000|_리치베리축_98,000|_저소음 스노우축_109,000",0,0,0,0,0,0,0
77015147,FL-ESPORTS Geo65 유무선 기계식 딥 그레이,0,0,0,0,"_저소음 스노우축_109,000|BCP_109,000|_리치베리축_98,000",0,0,0,0,0,0,0
77015123,FL-ESPORTS Geo65 유무선 기계식 러브 핑크,0,0,0,0,"_저소음 스노우축_109,000|BCP_109,000|_리치베리축_98,000",0,0,0,0,0,0,0
77015108,FL-ESPORTS Geo65 유무선 기계식 버블 블루,0,0,0,0,"_저소음 스노우축_109,000|_BCP_109,000|리치베리축_98,000",0,0,0,0,0,0,0
90501722,FL-ESPORTS Geo75 유무선 기계식 드림 그린,0,0,0,0,"BCP_119,000|_리치베리축_109,000|_저소음 스노우축_119,000",0,0,0,0,0,0,0
77015207,FL-ESPORTS Geo75 유무선 기계식 딥 그레이,0,0,0,0,"_BCP_119,000|리치베리축_109,000|_저소음 스노우축_119,000",0,0,0,0,0,0,0
77015189,FL-ESPORTS Geo75 유무선 기계식 러브 핑크,0,0,0,0,"_BCP_119,000|_리치베리축_109,000|저소음 스노우축_119,000|중고_89,250",0,0,0,0,0,0,0
77015177,FL-ESPORTS Geo75 유무선 기계식 버블 블루,0,0,0,0,"_저소음 스노우축_119,000|BCP_119,000|_리치베리축_109,000",0,0,0,0,0,0,0
19743710,FL-ESPORTS MK750 유무선 기계식 커스텀 베어본,0,0,0,0,"불투명 블랙_89,000",0,0,0,0,0,0,0
122692916,FL-ESPORTS NX108 유무선 기계식 스노우 블루,0,0,0,0,"_리치베리축_77,000|저소음 갈축_82,000|_저소음 파도축_82,000",0,0,0,0,0,0,0
97122386,FL-ESPORTS NX108 유무선 기계식 크림 말차,0,0,0,0,"리치베리축_77,000|저소음 갈축_82,000|_저소음 스노우축_82,000|_저소음 파도축_82,000",0,0,0,0,0,0,0
97122413,FL-ESPORTS NX108 유무선 기계식 크림 핑크,0,0,0,0,"_리치베리축_77,000|저소음 갈축_82,000|저소음 스노우축_82,000|_저소음 파도축_82,000",0,0,0,0,0,0,0
122685209,FL-ESPORTS NX108HE 네온 그레이,0,0,0,0,"_레몬축_78,400|_아이비축_78,400|저소음 스톰축_87,200",0,0,0,0,0,0,0
122685200,FL-ESPORTS NX108HE 민트 블랙,0,0,0,0,"_레몬축_78,400|아이비축_78,400|_저소음 스톰축_87,200",0,0,0,0,0,0,0
122685182,FL-ESPORTS NX108HE 핫 핑크,0,0,0,0,"_레몬축_78,400|아이비축_78,400|_저소음 스톰축_87,200",0,0,0,0,0,0,0
122699149,FL-ESPORTS NX87HE 네온 그레이,0,0,0,0,"레몬축_71,200|_아이비축_71,200|_저소음 스톰축_78,400",0,0,0,0,0,0,0
122686542,FL-ESPORTS NX87HE 민트 블랙,0,0,0,0,"레몬축_71,200|_아이비축_71,200|_저소음 스톰축_78,400",0,0,0,0,0,0,0
122685139,FL-ESPORTS NX87HE 핫 핑크,0,0,0,0,"레몬축_71,200|_아이비축_71,200|_저소음 스톰축_95,060",0,0,0,0,0,0,0
123032886,FL-ESPORTS OG104N 레트로 유무선 기계식 골든 브라운,0,0,0,0,"_리치베리축_109,000|_저소음 카라멜축_119,000|저소음 파도축_119,000|중고_89,250",0,0,0,0,0,0,0
36708386,FL-ESPORTS OG87 유무선 핫스왑 풀윤활 기계식 그레이 한글,0,0,0,0,"저소음 크림축_149,000",0,0,0,0,0,0,0
43841882,FL-ESPORTS X80 유무선 기계식 커스텀 베어본,0,0,0,0,"69,000",0,0,0,0,0,0,0
96364556,FL-ESPORTS X80 유무선 기계식 크림 핑크,0,0,0,0,"_리치베리축_59,800|저소음 갈축_64,800|_저소음 스노우축_64,800|저소음 파도축_64,800",0,0,0,0,0,0,0
21628127,GDEVIL G917 SCUD 기계식 블랙,0,0,0,0,"_적축_43,900|_갈축_46,100|청축_46,100",0,0,0,0,0,0,0
62792381,HP 225 키보드 마우스 세트,0,0,0,0,"20,790",0,0,0,0,0,0,0
65303033,HYTE Keeb TKL,0,0,0,0,"224,410",0,0,0,0,0,0,0
123861084,HYTE 건담 윙 키캡 세트,0,0,0,0,"194,900",0,0,0,0,0,0,0
123861089,HYTE 토키도키 X 홀로라이브 키캡 세트,0,0,0,0,"194,900",0,0,0,0,0,0,0
60226670,Keychron B1 PRO 유무선,0,0,0,0,"_스페이스 그레이_47,420|레트로 그린_44,790|_레트로 레드_44,790|레트로 블루_44,790|바닐라 크림_44,790",0,0,0,0,0,0,0
60226598,Keychron B6 PRO 유무선,0,0,0,0,"바닐라 크림_49,790|_레트로 그린_49,790|레트로 레드_49,800|레트로 블루_49,790|_스페이스 그레이_49,800",0,0,0,0,0,0,0
73468889,Keychron K10 PRO SE2 레트로 유무선 기계식,0,0,0,0,"_저소음 적축_154,000|바나나축_124,000|_저소음 바나나축_151,500",0,0,0,0,0,0,0
123729820,Keychron K10 Ultra 유무선 기계식 블랙,0,0,0,0,"_라이트 저소음 바나나축_182,960|바나나축_182,970|저소음 바나나축_182,990|_저소음 적축_183,160",0,0,0,0,0,0,0
106780076,Keychron K8 PRO SE ZMK 유무선 기계식 레트로,0,0,0,0,"바나나축_139,000|_저소음 바나나축_139,000|_저소음 적축_139,000",0,0,0,0,0,0,0
123730218,Keychron K8 Ultra 유무선 기계식 레트로,0,0,0,0,"_라이트 저소음 바나나축_182,970|바나나축_182,960|저소음 바나나축_182,980|_저소음 적축_182,960",0,0,0,0,0,0,0
123729676,Keychron Q6 Ultra 유무선 기계식 블랙,0,0,0,0,"_라이트 저소음 바나나축_331,350|_바나나축_329,000|저소음 바나나축_331,390",0,0,0,0,0,0,0
105180587,Keychron eX75 8K TMR,0,0,0,0,"88,400",0,0,0,0,0,0,0
20299505,Keydous NJ80-AP 유무선 핫스왑 풀윤활 기계식 차콜블랙,0,0,0,0,"_Box RED V2_69,000|Blueberry Icecream Pro_79,000|Deep Sea Silent Islet_79,000|_Deep Sea Silent Whale_79,000|Strawberry Icecream Pro_79,000",0,0,0,0,0,0,0
101543693,KiiBOOM Phantom 81 Lite 유무선 기계식,0,0,0,0,"_민트 블루_119,200|_그린_119,200|블랙_149,000|클리어_119,200|핑크_119,200",0,0,0,0,0,0,0
105406511,KiiBOOM Phantom 81 V3 유무선 기계식,0,0,0,0,"_클리어_259,000|_핑크_240,870",0,0,0,0,0,0,0
123845556,KiiBOOM Phantom 81 V4 유무선 기계식,0,0,0,0,"_블랙_259,000|_클리어_259,000|핑크_259,000",0,0,0,0,0,0,0
122721915,KiiBOOM Phantom 98 Lite 유무선 기계식 그린,0,0,0,0,"_모시축_159,000|_모찌축_159,000",0,0,0,0,0,0,0
122721929,KiiBOOM Phantom 98 Lite 유무선 기계식 클리어,0,0,0,0,"_모시축_159,000|_모찌축_159,000",0,0,0,0,0,0,0
122721926,KiiBOOM Phantom 98 Lite 유무선 기계식 핑크,0,0,0,0,"_모시축_159,000|_모찌축_159,000",0,0,0,0,0,0,0
55457813,LEOBOG HI75 기계식 블랙,0,0,0,0,"회목축V4_118,080",0,0,0,0,0,0,0
77312546,LEOBOG Hi8SE 유무선 기계식 올리비아 화이트,0,0,0,0,"세이야축_99,000",0,0,0,0,0,0,0
77312555,LEOBOG Hi8SE 유무선 기계식 카키 블랙,0,0,0,0,"_세이야축_99,000|_저소음 바다축_109,000",0,0,0,0,0,0,0
24138779,MAXTILL MO-K100U,0,0,0,0,"7,510",0,0,0,0,0,0,0
73697423,MCHOSE Ace 60 Pro 해외구매,0,0,0,0,"37,270",0,0,0,0,0,0,0
74007209,MCHOSE Ace 68,0,0,0,0,"해외구매_42,070",0,0,0,0,0,0,0
94812533,MCHOSE Ace68 Air,0,0,0,0,"_블랙_69,900|_피치_69,900|화이트_69,900",0,0,0,0,0,0,0
97122599,MCHOSE MIX 87,0,0,0,0,"_라이트닝축_69,900|_아폴로축_89,900",0,0,0,0,0,0,0
17399669,MOUNTAIN EVEREST 60,0,0,0,0,"_텍타일_183,480|리니어_183,480|_리니어 스피드_183,480",0,0,0,0,0,0,0
13144299,MOUNTAIN EVEREST 60 넘버패드,0,0,0,0,"_리니어_65,550|리니어 스피드_64,260|_텍타일_64,260",0,0,0,0,0,0,0
17420345,MOUNTAIN EVEREST CORE,0,0,0,0,"저소음 적축_234,000|_적축_234,000|_갈축_234,000|청축_217,940",0,0,0,0,0,0,0
17848433,MOUNTAIN EVEREST MAX 그레이,0,0,0,0,"갈축_455,430",0,0,0,0,0,0,0
17808431,MOUNTAIN EVEREST MAX 블랙,0,0,0,0,"적축_455,430",0,0,0,0,0,0,0
17961767,MOUNTAIN PBT 이중사출 키캡 세트,0,0,0,0,"_Aquamarine_A_58,990|_Aquamarine_B_58,990|Dolomite_A_58,990|Dolomite_B_58,990|Obsidian_A_58,990|||||",0,0,0,0,0,0,0
13164513,MOUNTAIN 스위치,0,0,0,0,"_리니어 스피드_73,990|_리니어_73,990|텍타일_73,990",0,0,0,0,0,0,0
78715253,MSI FORGE GK100,0,0,0,0,"15,370",0,0,0,0,0,0,0
69696590,MSI FORGE GK100 콤보 키보드 마우스 세트,0,0,0,0,"19,010",0,0,0,0,0,0,0
88206164,MSI FORGE GK300,0,0,0,0,"37,510",0,0,0,0,0,0,0
69696419,MSI FORGE GK300 콤보 키보드 마우스 세트,0,0,0,0,"48,790",0,0,0,0,0,0,0
88206203,MSI FORGE K200 WIRELESS,0,0,0,0,"29,900",0,0,0,0,0,0,0
9781407,MSI GK30,0,0,0,0,"11,900",0,0,0,0,0,0,0
16955183,MadCatz S.T.R.I.K.E 6,0,0,0,0,"65,000",0,0,0,0,0,0,0
16601570,NZXT FUNCTION,0,0,0,0,"_Matte Black_69,000|_Matte White_69,000",0,0,0,0,0,0,0
43528061,NZXT FUNCTION 2 FULL,0,0,0,0,"_Matte Black_89,000|_Matte White_89,000",0,0,0,0,0,0,0
43527731,NZXT FUNCTION 2 MINITKL,0,0,0,0,"Matte Black_79,000",0,0,0,0,0,0,0
16614146,NZXT FUNCTION MINITKL,0,0,0,0,"Matte Black_155,480",0,0,0,0,0,0,0
77382512,NZXT Function Elite MiniTKL,0,0,0,0,"_블랙_81,140|_화이트_81,140",0,0,0,0,0,0,0
122665130,Nillkin Cube Pocket,0,0,0,0,"_그레이_68,000|그린_68,000|블랙_68,000|_블루_68,000|오렌지_68,000|",0,0,0,0,0,0,0
104591801,NuPhy Halo75 V2 IO 유무선 기계식 옵시디언 블랙,0,0,0,0,"_갈축_199,000|저소음 블러시축_199,000|_적축_199,000",0,0,0,0,0,0,0
124087241,PMO GL68 PRO,0,0,0,0,"64,000",0,0,0,0,0,0,0
124087244,PMO GL68 PRO PLUS,0,0,0,0,"66,000",0,0,0,0,0,0,0
76462502,Pulsar XBOARD MS 기계식,0,0,0,0,"59,000",0,0,0,0,0,0,0
63086615,QSENN DT35 106 가스켓 유무선 기계식 블랙,0,0,0,0,"_민트축_48,400|_애플민트축_48,400",0,0,0,0,0,0,0
63086717,QSENN DT35 106 가스켓 유무선 기계식 화이트,0,0,0,0,"_민트축_48,400|_애플민트축_48,400",0,0,0,0,0,0,0
71642537,QSENN DT35 89 TKL 멤브레인,0,0,0,0,"블랙_13,400",0,0,0,0,0,0,0
3331744,QSENN GP-K7000,0,0,0,0,"블랙_14,300",0,0,0,0,0,0,0
7100656,QSENN K6000 미니 키보드 블랙,0,0,0,0,"6,900",0,0,0,0,0,0,0
70255172,QSENN MK128 사일런트 무선 키보드 마우스 세트,0,0,0,0,"_블랙, 키스킨 포함_17,400|_화이트, 키스킨 포함_17,400",0,0,0,0,0,0,0
15270242,QSENN MK210 무선 키보드 마우스 세트,0,0,0,0,"_민트, 키스킨 포함_14,780|_블랙, 키스킨 포함_14,780|화이트, 키스킨 포함_14,780|민트, 키스킨 미포함_14,800|블랙, 키스킨 미포함_14,800||",0,0,0,0,0,0,0
17459915,QSENN MK450 무선 키보드 마우스 세트,0,0,0,0,"_블랙_18,360|_민트_18,380|핑크_21,390|화이트_18,360",0,0,0,0,0,0,0
92148767,QSENN Q104 LCD 풀윤활 가스켓 유무선 기계식 그라데이션 블루소다,0,0,0,0,"_저소음 딥블루축_73,880|_저소음 위스퍼축_74,560",0,0,0,0,0,0,0
73560296,QSENN Q104 PBT 풀윤활 가스켓 유무선 기계식 블루퍼플,0,0,0,0,"_저소음 바다소금축_58,600|_퍼플축_56,400",0,0,0,0,0,0,0
73560311,QSENN Q104 PBT 풀윤활 가스켓 유무선 기계식 크림치즈,0,0,0,0,"_저소음 바다소금축_59,800|_크림치즈축_56,390",0,0,0,0,0,0,0
73560287,QSENN Q104 PBT 풀윤활 가스켓 유무선 기계식 화이트,0,0,0,0,"_저소음 바다소금축_58,600|_애플민트축_56,400",0,0,0,0,0,0,0
106701851,QSENN Q104 스폰지밥 에디션 PBT 풀윤활 가스켓 유무선 기계식,0,0,0,0,"_스폰지밥_79,800|_뚱이_79,800",0,0,0,0,0,0,0
67625171,QSENN Q75 가스켓 유무선 기계식 블랙,0,0,0,0,"_저소음 라임축_57,740|_민트축_44,350|바다소금축 넌클릭_49,800|저소음 바다소금축_49,800",0,0,0,0,0,0,0
68687036,QSENN Q99 유무선 기계식 크림치즈,0,0,0,0,"_저소음 바다축_65,800|미드나잇축_61,900|_저소음 바다소금축_58,400|크림치즈축_52,450",0,0,0,0,0,0,0
123538164,QSENN SEM-DT108SE 풀윤활 저소음 유무선,0,0,0,0,"_휘핑라떼_21,710|_흑당라떼_21,710",0,0,0,0,0,0,0
3274956,QSENN SEM-DT35 NEW USB,0,0,0,0,"_블랙_12,200|민트_12,400|_화이트_12,200",0,0,0,0,0,0,0
19993439,QSENN SEM-DT35W 무선,0,0,0,0,"_블랙_15,900|_민트_15,900|핑크_15,900|화이트_15,900",0,0,0,0,0,0,0
17459549,QSENN SEM-DT45 Plus 무선,0,0,0,0,"민트_13,790|_블랙_13,790|_핑크_13,790|화이트_13,790",0,0,0,0,0,0,0
18307235,QSENN SEM-MK 큰글씨 무선 키보드 마우스 세트,0,0,0,0,"18,400",0,0,0,0,0,0,0
103479989,QSENN X104 풀윤활 가스켓 기계식 모카무스,0,0,0,0,"실론시나몬축_39,800",0,0,0,0,0,0,0
124238176,QSENN 구름 팜레스트 스폰지밥 에디션,0,0,0,0,"_뚱이 핑크_12,890|_스폰지밥 옐로우_12,890",0,0,0,0,0,0,0
16386791,RHINO GEAR RG-WMK200 무선 키보드 마우스 세트,0,0,0,0,"_블랙_11,400|_화이트_11,400",0,0,0,0,0,0,0
39911528,ROCCAT VULCAN TKL PRO 영문 화이트,0,0,0,0,"52,900",0,0,0,0,0,0,0
123845907,ROYCHE RMK-G1000 키보드 마우스 세트,0,0,0,0,"_네이비블랙_11,490|_화이트_11,490",0,0,0,0,0,0,0
124298883,ROYCHE 몬치치 레진 키캡,0,0,0,0,"27,900",0,0,0,0,0,0,0
14519933,Razer BlackWidow V3 KR,0,0,0,0,"황축_89,000",0,0,0,0,0,0,0
12108071,Razer BlackWidow V3 TKL KR,0,0,0,0,"_녹축_99,000|_황축_89,000",0,0,0,0,0,0,0
98076686,Razer BlackWidow V4 75% 기계식 Phantom Green,0,0,0,0,"319,000",0,0,0,0,0,0,0
99712652,Razer BlackWidow V4 75% 기계식 Phantom White,0,0,0,0,"319,000",0,0,0,0,0,0,0
108417467,Razer BlackWidow V4 TKL + Viper V3 PRO EVANGELION Edition Set,0,0,0,0,"578,000",0,0,0,0,0,0,0
95201903,Razer BlackWidow V4 TKL HyperSpeed,0,0,0,0,"199,000",0,0,0,0,0,0,0
106728749,Razer BlackWidow V4 TKL HyperSpeed EVANGELION Edition,0,0,0,0,"299,000",0,0,0,0,0,0,0
80570021,Razer BlackWidow V4 X Minecraft Edition,0,0,0,0,"189,000",0,0,0,0,0,0,0
99912422,Razer BlackWidow V4 X Zenless Zone Zero Edition,0,0,0,0,"269,000",0,0,0,0,0,0,0
14731214,Razer Ergonomic Wrist Rest,0,0,0,0,"_MINI_29,000|_TKL_29,000",0,0,0,0,0,0,0
10357521,Razer Ergonomic Wrist Rest Pro,0,0,0,0,"49,000",0,0,0,0,0,0,0
123696428,Razer Huntsman V3 HE Magnetic Mini 65,0,0,0,0,"199,900",0,0,0,0,0,0,0
123696403,Razer Huntsman V3 HE Magnetic TKL,0,0,0,0,"236,430",0,0,0,0,0,0,0
108462503,Razer Huntsman V3 Pro + Viper V4 Pro,0,0,0,0,"_블랙_618,000|_화이트_618,000",0,0,0,0,0,0,0
100699439,Razer Huntsman V3 Pro 8K KR,0,0,0,0,"379,000",0,0,0,0,0,0,0
29367731,Razer Huntsman V3 Pro KR,0,0,0,0,"360,050",0,0,0,0,0,0,0
123994905,Razer Huntsman V3 Pro Low profile TKL 8K,0,0,0,0,"239,010",0,0,0,0,0,0,0
108462548,Razer Huntsman V3 Pro TKL + Viper V4 Pro,0,0,0,0,"_블랙_578,900|_화이트_578,900",0,0,0,0,0,0,0
100699388,Razer Huntsman V3 Pro TKL 8K KR,0,0,0,0,"정품_329,000",0,0,0,0,0,0,0
122682113,Razer Huntsman V3 Pro TKL 8K US Niko Edition,0,0,0,0,"정품_379,000",0,0,0,0,0,0,0
101013503,Razer Huntsman V3 Pro TKL 8K WHITE US,0,0,0,0,"정품_329,000",0,0,0,0,0,0,0
122657239,Razer Huntsman V3 TKL 8K US,0,0,0,0,"269,000",0,0,0,0,0,0,0
90886391,Razer Joro,0,0,0,0,"219,000",0,0,0,0,0,0,0
17686100,Razer Ornata V3 KR,0,0,0,0,"109,000",0,0,0,0,0,0,0
122663686,Razer Ornata V3 TKL + DeathAdder Essential + Gigantus V2 Blackpink edition,0,0,0,0,"259,000",0,0,0,0,0,0,0
122645078,Razer Ornata V3 TKL Blackpink edition,0,0,0,0,"194,800",0,0,0,0,0,0,0
68436539,Razer Ornata V3 TKL Hello Kitty and Friends edition,0,0,0,0,"139,000",0,0,0,0,0,0,0
19970087,Razer Ornata V3 TKL KR,0,0,0,0,"104,900",0,0,0,0,0,0,0
76790246,Razer Ornata V3 TKL Kuromi Edition,0,0,0,0,"179,000",0,0,0,0,0,0,0
109682273,Razer Pro Type Ergo,0,0,0,0,"269,000",0,0,0,0,0,0,0
124259556,Razer Reclusa X Mini 65%,0,0,0,0,"89,000",0,0,0,0,0,0,0
10770483,Razer Tartarus Pro,0,0,0,0,"_머큐리 화이트_151,900|_클래식 블랙_179,000|병행수입_128,380|해외구매_231,950",0,0,0,0,0,0,0
5701063,Razer Tartarus V2 (정품),0,0,0,0,"109,000",0,0,0,0,0,0,0
124259581,Razer Tartarus V2 Pro (정품),0,0,0,0,"299,000",0,0,0,0,0,0,0
123693998,Razer Travel Case Folio,0,0,0,0,"84,900",0,0,0,0,0,0,0
124335755,Razer 헌츠맨 오나타 블랙위도우 전용 키보드 아크릴 커버,0,0,0,0,"_350x122x22_14,000|_434x125x20_16,000",0,0,0,0,0,0,0
124289321,SPM 108키 전용,0,0,0,0,"6,000",0,0,0,0,0,0,0
108457943,SPM AL21W 기계식,0,0,0,0,"레드_65,000|_블랙_65,000|실버_69,000|_아이보리_69,000",0,0,0,0,0,0,0
123800327,SPM ARA 87 유무선 기계식 베이지,0,0,0,0,"_HMX 이슬축_62,000|목새 리니어축_72,000|_새벽 택타일축_69,000",0,0,0,0,0,0,0
124288339,SPM ARA 87 유무선 기계식 블랙,0,0,0,0,"_목새 리니어축_66,960|_새벽 택타일축_64,170",0,0,0,0,0,0,0
123800350,SPM ARA 87 유무선 기계식 화이트,0,0,0,0,"_HMX 이슬축_62,000|목새 리니어축_72,000|_새벽 택타일축_69,000",0,0,0,0,0,0,0
75993476,SPM BSUN 몽돌 블랙 리니어 스위치 35Pcs,0,0,0,0,"7,000",0,0,0,0,0,0,0
104042081,SPM HMX PEBBLE v2 리니어 스위치,0,0,0,0,"35Pcs_13,000",0,0,0,0,0,0,0
122726093,SPM HMX 목새 라이트 리니어 스위치,0,0,0,0,"35Pcs_13,000",0,0,0,0,0,0,0
122726064,SPM HMX 목새 라이트 택타일 스위치,0,0,0,0,"35Pcs_13,000",0,0,0,0,0,0,0
96651893,SPM HMX 목새 리니어 스위치,0,0,0,0,"_105Pcs_39,000|_35Pcs_13,000",0,0,0,0,0,0,0
104041868,SPM HMX 목새 택타일 스위치,0,0,0,0,"35Pcs_13,000",0,0,0,0,0,0,0
106745774,SPM JOYAKDOL87 유무선 기계식,0,0,0,0,"_SPM퍼플_145,000|_인더스트리얼_139,000|치즈화이트_139,000|크림옐로우_139,000",0,0,0,0,0,0,0
67581236,SPM NEKEY LUCK68 유무선 기계식,0,0,0,0,"_크림민트_269,000|_블랙핑크_269,000|크림블루_269,000|크림핑크_269,000",0,0,0,0,0,0,0
29685173,SPM PC 투명 실크인쇄 한영 키캡 165키 블랙스모그,0,0,0,0,"24,900",0,0,0,0,0,0,0
122718526,SPM PL108W 아라 유무선 기계식 딸기우유,0,0,0,0,"_봉숭아축_89,000|_선셋축_94,000",0,0,0,0,0,0,0
91635542,SPM PL108W 아라 유무선 기계식 베이지,0,0,0,0,"_새벽 택타일_74,000|_새벽 리니어_99,600|화이트 몽돌_69,000",0,0,0,0,0,0,0
91635521,SPM PL108W 아라 유무선 기계식 블랙,0,0,0,0,"_화이트 몽돌_69,000|_새벽 리니어_74,000|새벽 택타일_65,000",0,0,0,0,0,0,0
91635554,SPM PL108W 아라 유무선 기계식 화이트,0,0,0,0,"새벽 택타일_74,000|_새벽 리니어_74,000|_화이트 몽돌_69,000",0,0,0,0,0,0,0
93314375,SPM PL87W 목새 유무선 기계식,0,0,0,0,"_베이비 블루_66,900|_베이비 핑크_66,900",0,0,0,0,0,0,0
72911783,SPM PL87W 몽돌 유무선 기계식,0,0,0,0,"_블랙_56,900|베이지_56,900|_화이트_54,000",0,0,0,0,0,0,0
124289293,SPM PN06 루미 전용 스테인리스 SUS 무게추,0,0,0,0,"_로즈골드_73,000|_실버_73,000",0,0,0,0,0,0,0
67846055,SPM Soulcat 고함량 PBT 염료승화 한영 키캡 107키 BOW,0,0,0,0,"21,000",0,0,0,0,0,0,0
124335113,SPM 몽돌104 유무선 기계식 블랙,0,0,0,0,"_목새 리니어_79,050|_몽돌 V2_71,610",0,0,0,0,0,0,0
124335103,SPM 몽돌104 유무선 기계식 퍼플,0,0,0,0,"_목새 리니어_79,050|_몽돌 V2_71,610",0,0,0,0,0,0,0
105182033,SPM 세모키 PL87W ARA 유무선 기계식,0,0,0,0,"69,000",0,0,0,0,0,0,0
122718574,SPM 세모키 프로 ARA108 유무선 기계식,0,0,0,0,"89,000",0,0,0,0,0,0,0
94884815,STCOM 키스톰 KS-KM100W 키보드 마우스 세트,0,0,0,0,"17,790",0,0,0,0,0,0,0
28779539,TGIC TGC-BK150 블루투스,0,0,0,0,"_블루_20,000|_그레이_20,000",0,0,0,0,0,0,0
3389678,TGIC TGC-K1200U,0,0,0,0,"6,890",0,0,0,0,0,0,0
15318299,TGIC TGC-K7000M 유선 미니 키보드,0,0,0,0,"5,010",0,0,0,0,0,0,0
15102761,TGIC TGC-WMK275 무선 키보드 마우스 세트,0,0,0,0,"블랙_11,870",0,0,0,0,0,0,0
122701047,TNT TX108 유무선 기계식 메카 코어,0,0,0,0,"그레이 스노우축_89,000|_리치베리축_79,000|_벚꽃축_99,000",0,0,0,0,0,0,0
122701059,TNT TX108 유무선 기계식 스톤 모카,0,0,0,0,"_그레이 스노우축_89,000|리치베리축_79,000|_벚꽃축_99,000",0,0,0,0,0,0,0
122701056,TNT TX108 유무선 기계식 코튼캔디,0,0,0,0,"_그레이 스노우축_89,000|_리치베리축_79,000|벚꽃축_99,000",0,0,0,0,0,0,0
74341868,Teamwolf RAVEN 68 HE,0,0,0,0,"_블랙_82,000|_화이트_82,000",0,0,0,0,0,0,0
108354575,Ticktype DP104 유무선 기계식,0,0,0,0,"_라이축_297,940|_저소음 위스퍼축_301,460",0,0,0,0,0,0,0
124102776,Topre REALFORCE R4 TKL 유무선 그레이 블루,0,0,0,0,"45g_402,420",0,0,0,0,0,0,0
29821712,VARMILO MINILO 75 유무선 기계식 레트로 영문,0,0,0,0,"_라이트축_198,000|_적축_198,000",0,0,0,0,0,0,0
29821742,VARMILO MINILO 75 유무선 기계식 맨도사 영문,0,0,0,0,"_라이트축_198,000|_적축_198,000",0,0,0,0,0,0,0
29821802,VARMILO MINILO 75 유무선 기계식 블루벨 영문,0,0,0,0,"_라이트축_198,000|_적축_198,000",0,0,0,0,0,0,0
29821760,VARMILO MINILO 75 유무선 기계식 유칼리투스 영문,0,0,0,0,"_라이트축_198,000|_적축_198,000",0,0,0,0,0,0,0
124166576,VARMILO VA100 유무선 기계식 Sakura,0,0,0,0,"_보이스축_229,000|_저소음축_239,000",0,0,0,0,0,0,0
124166584,VARMILO VA100 유무선 기계식 Sea Melody,0,0,0,0,"_보이스축_229,000|_저소음축_229,000",0,0,0,0,0,0,0
124249646,VARO GAT80,0,0,0,0,"_블랙_199,000|실버_199,000|_화이트_199,000",0,0,0,0,0,0,0
124289233,VARO HV108 기계식,0,0,0,0,"_산들_57,230|_파도_57,230",0,0,0,0,0,0,0
124298498,VARO V87D 정원 LCD DIAL 유무선 기계식 초록뜰,0,0,0,0,"_구르미축_62,310|_크런치축_62,310",0,0,0,0,0,0,0
124298501,VARO V87D 정원 LCD DIAL 유무선 기계식 하늘뜰,0,0,0,0,"_구르미축_62,310|_크런치축_62,310",0,0,0,0,0,0,0
123436515,WOBKEY WOB CRUSH80 REBOOT 유무선 기계식,0,0,0,0,"레드_209,000|블랙_209,000|블루_209,000|_스텔라 실버_209,000|옐로우_209,000|_콜드 문라이트_209,000",0,0,0,0,0,0,0
36707663,WOBKEY WOB RAINY75 유무선 기계식 해외구매,0,0,0,0,"옵션선택구성_211,880|_WOB축_160,740|_바이올렛축_149,800",0,0,0,0,0,0,0
20607614,Wooting 60HE,0,0,0,0,"해외구매_289,000",0,0,0,0,0,0,0
32862488,darkFlash CK104 무선 기계식 키보드 마우스 세트 블랙,0,0,0,0,"적축_34,490",0,0,0,0,0,0,0
54326522,darkFlash DF98 유무선 기계식,0,0,0,0,"_인터스텔라_51,880|_트와일라잇_57,500",0,0,0,0,0,0,0
62639243,darkFlash DFS99 유무선 기계식,0,0,0,0,"_MISTY FOREST_71,890|_SKY REALM_71,890",0,0,0,0,0,0,0
93319082,darkFlash DG104,0,0,0,0,"17,790",0,0,0,0,0,0,0
92964443,darkFlash DK108,0,0,0,0,"18,270",0,0,0,0,0,0,0
92965511,darkFlash DKM100 키보드 마우스 세트,0,0,0,0,"_미스트 화이트_27,170|_흑설탕_27,170",0,0,0,0,0,0,0
93319223,darkFlash DKM200 키보드 마우스 세트,0,0,0,0,"_블랙 트와일라잇_23,000|_프로스트 화이트_23,000",0,0,0,0,0,0,0
28449845,darkFlash GD100 유무선 기계식,0,0,0,0,"밀크 브라운_40,500|_별빛 파랑_37,660|흑설탕_37,660|_히아신스_37,640",0,0,0,0,0,0,0
21470333,darkFlash GD108 유무선 기계식,0,0,0,0,"밀크 브라운_54,880|_별빛 파랑_54,890|_흑설탕_59,060|히아신스_54,890",0,0,0,0,0,0,0
28889486,darkFlash GD68 유무선 기계식,0,0,0,0,"별빛 파랑_42,310",0,0,0,0,0,0,0
54314789,darkFlash GD87 유무선 기계식,0,0,0,0,"_밀크 브라운_37,650|별빛 파랑_40,500|흑설탕_40,500|_히아신스_39,180",0,0,0,0,0,0,0
1394973,i-rocks IRK01W X-Slim,0,0,0,0,"_블랙_29,490|_실버_30,500|화이트_29,500|핑크_30,500",0,0,0,0,0,0,0
18611090,i-rocks IRK46RP 키보드 마우스 세트,0,0,0,0,"_블랙_35,000|_화이트_35,000",0,0,0,0,0,0,0
4998170,i-rocks KR-6170 / IRK25RP 전용 키스킨,0,0,0,0,"3,000",0,0,0,0,0,0,0
134184,i-rocks KR-6170 X-Slim,0,0,0,0,"_블랙_32,490|_화이트_32,490",0,0,0,0,0,0,0
5936673,건평정보통신 IPLEX NBK-100 숫자키패드,0,0,0,0,"7,790",0,0,0,0,0,0,0
5019857,건평정보통신 IPLEX RK-2000C 무선 키보드 마우스 세트,0,0,0,0,"12,440",0,0,0,0,0,0,0
91426034,그라바스타 머큐리 K1 유무선 기계식,0,0,0,0,"_그라데이션 블랙_198,000|_그라데이션 화이트_198,000|라벤더퍼플_228,000|사쿠라 핑크_190,700|스텔스 블랙_198,000||",0,0,0,0,0,0,0
124180582,그라바스타 머큐리 K98 Pro 유무선 기계식,0,0,0,0,"388,000",0,0,0,0,0,0,0
124180342,그라바스타 머큐리 V60,0,0,0,0,"_오닉스크리스탈_198,000|_크리스탈로즈_198,000",0,0,0,0,0,0,0
124180321,그라바스타 머큐리 V60 PRO 디럭스 에디션,0,0,0,0,"328,000",0,0,0,0,0,0,0
124180400,그라바스타 머큐리 V75,0,0,0,0,"_스텔스블랙_258,000|_실버프로스트_288,000",0,0,0,0,0,0,0
124180397,그라바스타 머큐리 V75 Lite,0,0,0,0,"168,000",0,0,0,0,0,0,0
124180414,그라바스타 머큐리 V75 Pro,0,0,0,0,"_네온그래비티_378,000|_사이버펑크_348,000",0,0,0,0,0,0,0
123961408,그루브스톤 GV10X 유무선 기계식 애플라떼,0,0,0,0,"_저소음 적축_109,000|_적축_109,000",0,0,0,0,0,0,0
124034473,그루브스톤 따뜻한 크레용 GA 키캡,0,0,0,0,"39,000",0,0,0,0,0,0,0
17345069,글로리어스 AURA KEYCAPS V2,0,0,0,0,"블랙_50,900|_핑크_50,900|_화이트_50,900",0,0,0,0,0,0,0
91770566,글로리어스 AURA V3 RGB 푸딩 키캡 세트,0,0,0,0,"_블랙_52,900|_화이트_52,900",0,0,0,0,0,0,0
69467063,글로리어스 FOX HE 마그네틱 자석축 사전 윤활 스위치 36Pcs,0,0,0,0,"37,900",0,0,0,0,0,0,0
18438824,글로리어스 FOX 사전 윤활 스위치 세트,0,0,0,0,"109,000",0,0,0,0,0,0,0
97112849,글로리어스 GMBK 75%,0,0,0,0,"73,470",0,0,0,0,0,0,0
19184264,글로리어스 GMMK NUMPAD 골드 뱃지,0,0,0,0,"16,650",0,0,0,0,0,0,0
19184417,글로리어스 GMMK NUMPAD 상판 프레임,0,0,0,0,"_E-WHITE_48,000|_NAVY BLUE_65,100",0,0,0,0,0,0,0
19184477,글로리어스 GMMK NUMPAD 스위치 보강판,0,0,0,0,"_폴리카보네이트_18,600|_황동_30,000",0,0,0,0,0,0,0
19184582,글로리어스 GMMK NUMPAD 슬라이더,0,0,0,0,"_BLACK SLATE_8,950|E-WHITE_8,950|NAVY BLUE_8,950|_PRISM PINK_8,950",0,0,0,0,0,0,0
18436580,글로리어스 GMMK NUMPAD 유무선,0,0,0,0,"_블랙_193,200|_화이트_147,200",0,0,0,0,0,0,0
17532062,글로리어스 GMMK PRO PreBuilt,0,0,0,0,"489,000",0,0,0,0,0,0,0
17840132,글로리어스 GMMK PRO 기계식 커스텀 베어본,0,0,0,0,"_블랙_239,000|_화이트_239,000",0,0,0,0,0,0,0
17847629,글로리어스 GMMK PRO 볼륨 노브,0,0,0,0,"_E-WHITE_11,920|_NAVY BLUE_13,610",0,0,0,0,0,0,0
17820773,글로리어스 GMMK PRO 상판,0,0,0,0,"_WHITE_84,000|AQUA BLUE_84,000|_FOREST GREEN_10,000|GOLDEN YELLOW_84,000|PRISM PINK_10,000",0,0,0,0,0,0,0
17847794,글로리어스 GMMK PRO 스위치 보강판,0,0,0,0,"_황동_74,000|_폴리카보네이트_42,530",0,0,0,0,0,0,0
17181056,글로리어스 GMMK2 65% Prebuilt 기계식 키보드,0,0,0,0,"_블랙_169,000|_화이트_169,000|핑크_169,000",0,0,0,0,0,0,0
17180168,글로리어스 GMMK2 65% 기계식 커스텀 베어본,0,0,0,0,"_블랙_114,000|_핑크_101,070|화이트_114,000",0,0,0,0,0,0,0
17181218,글로리어스 GMMK2 96% Prebuilt 기계식 키보드,0,0,0,0,"_핑크_169,000|_화이트_169,000",0,0,0,0,0,0,0
17180474,글로리어스 GMMK2 96% 기계식 커스텀 베어본,0,0,0,0,"_블랙_114,000|_핑크_101,060|화이트_114,000",0,0,0,0,0,0,0
68535464,글로리어스 GMMK3 HE 100%,0,0,0,0,"_블랙_224,300|_화이트_224,300",0,0,0,0,0,0,0
67368998,글로리어스 GMMK3 HE 65%,0,0,0,0,"129,000",0,0,0,0,0,0,0
68535437,글로리어스 GMMK3 HE 75%,0,0,0,0,"231,190",0,0,0,0,0,0,0
69466544,글로리어스 GMMK3 PRO HE 65%,0,0,0,0,"199,000",0,0,0,0,0,0,0
67368878,글로리어스 GMMK3 PRO HE 75%,0,0,0,0,"335,290",0,0,0,0,0,0,0
75856772,글로리어스 GPBT Backlit RGB,0,0,0,0,"47,900",0,0,0,0,0,0,0
92189486,글로리어스 GPBT Basics 키캡 세트,0,0,0,0,"_Classic White_47,900|_Armor Grey_47,900|Epic Purple_47,900|Mana Blue_44,540|Potion Pink_47,900|",0,0,0,0,0,0,0
17840849,글로리어스 GPBT CELESTIAL 키캡 세트,0,0,0,0,"_ICE_139,000|_Fire_139,000",0,0,0,0,0,0,0
92189936,글로리어스 GPBT Gradient 키캡 세트,0,0,0,0,"_Daydream_79,900|_AfterParty_79,900|Celestial Fire_71,510|Celestial Ice_71,510|Neblua_71,510||",0,0,0,0,0,0,0
17532311,글로리어스 GPBT 키캡 세트,0,0,0,0,"_NEBULA_69,900|OCEAN BLUE_69,900|OLIVE_69,900|_PASTEL_69,900|RAIN FOREST_69,900",0,0,0,0,0,0,0
15169571,글로리어스 LYNX 스위치,0,0,0,0,"36개_14,500",0,0,0,0,0,0,0
15173192,글로리어스 LYNX 스위치 사전윤활,0,0,0,0,"36개_52,900",0,0,0,0,0,0,0
73950110,글로리어스 PANDA HE 마그네틱 자석축 사전 윤활 스위치 36Pcs 사일런트,0,0,0,0,"59,900",0,0,0,0,0,0,0
69466853,글로리어스 PANDA HE 마그네틱 자석축 사전 윤활 스위치 36Pcs 스탠다드,0,0,0,0,"59,900",0,0,0,0,0,0,0
15067220,글로리어스 PANDA 스위치,0,0,0,0,"36개_17,450",0,0,0,0,0,0,0
17535434,글로리어스 PANDA 스위치 사전 윤활,0,0,0,0,"36개_52,900",0,0,0,0,0,0,0
91770524,글로리어스 POLYCHROMA V2 RGB 키캡 세트,0,0,0,0,"46,700",0,0,0,0,0,0,0
17848106,글로리어스 스위치 윤활 키트,0,0,0,0,"109,000",0,0,0,0,0,0,0
17820932,글로리어스 키보드 클리닝 키트,0,0,0,0,"14,780",0,0,0,0,0,0,0
17848028,글로리어스 키캡 리무버,0,0,0,0,"16,900",0,0,0,0,0,0,0
95987462,다얼유 COOL60,0,0,0,0,"_블랙_49,000|_화이트_49,000",0,0,0,0,0,0,0
94080869,다얼유 EK106 PRO 8K 기계식 화이트,0,0,0,0,"_저소음 마쉬멜로축_74,990|_클라우드축_65,940",0,0,0,0,0,0,0
94081307,다얼유 EK106 RT 8K,0,0,0,0,"레트로베이지_65,000|_스모키그레이_65,000|_아이스블루_65,000|화이트_65,000",0,0,0,0,0,0,0
89526407,다얼유 EK21 유무선 기계식 레트로베이지,0,0,0,0,"_저소음 머스타드축_51,000|_클라우드축_49,000",0,0,0,0,0,0,0
5242536,다얼유 EK820 블루투스 겸용 슬림 LED 기계식 키보드,0,0,0,0,"블랙, 청축_69,000",0,0,0,0,0,0,0
94445606,다얼유 EK87 PRO 8K 기계식 블랙,0,0,0,0,"_저소음 마쉬멜로축_63,990|_클라우드축_58,990",0,0,0,0,0,0,0
76463309,다얼유 EK87 PRO 8K 기계식 화이트,0,0,0,0,"_저소음 마쉬멜로축_63,990|_클라우드축_58,990",0,0,0,0,0,0,0
3812779,대양케이스 LimitDK 3Color 플런져 게이밍 키보드,0,0,0,0,"35,040",0,0,0,0,0,0,0
16108640,데이비드테크 엔보우 N패드 네오 무선 블루투스 키보드,0,0,0,0,"_블랙_29,900|라벤더_31,900|_화이트_31,900",0,0,0,0,0,0,0
35806649,데이비드테크 엔보우 N패드 플립,0,0,0,0,"블랙_39,900",0,0,0,0,0,0,0
4586522,라이트컴 COMS JD246 LED 게이밍 키보드,0,0,0,0,"14,870",0,0,0,0,0,0,0
14826716,라이트컴 COMS RT328 무선 터치패드 키보드,0,0,0,0,"33,950",0,0,0,0,0,0,0
3618697,라이트컴 COMS SE521 블루투스 키보드 & 터치패드,0,0,0,0,"30,120",0,0,0,0,0,0,0
16267040,러그 WISPY CK9000 슬림 미니 키보드,0,0,0,0,"5,870",0,0,0,0,0,0,0
124289432,레오폴드 ALCHEMIE 애쉬 화이트 유무선 기계식 영문,0,0,0,0,_리니어_가격비교예정|_저소음 리니어_가격비교예정,0,0,0,0,0,0,0
124289421,레오폴드 ALCHEMIE 애쉬 화이트 유무선 기계식 한글,0,0,0,0,"_리니어_213,990|_저소음 리니어_217,990",0,0,0,0,0,0,0
72969770,레오폴드 FC900RBT MX2A 그라파이트 화이트 한글,0,0,0,0,"청축_176,580",0,0,0,0,0,0,0
96776075,레오폴드 FC900RBT MX2A 올리브 그린 한글,0,0,0,0,"저소음 적축_183,420",0,0,0,0,0,0,0
17430671,레오폴드 NP900RBT PD 차콜블루 한글,0,0,0,0,"갈축_144,700",0,0,0,0,0,0,0
91038650,로지텍 ALTO KEYS K98M,0,0,0,0,"해외구매_80,695",0,0,0,0,0,0,0
97361651,로지텍 ALTO KEYS K98M 무선 기계식 (정품),0,0,0,0,"그라파이트_129,000|_라일락_129,000|_오프화이트_129,000",0,0,0,0,0,0,0
122667854,로지텍 ALTO KEYS K98M 스위치 98Pcs,0,0,0,0,"_모찌축_54,900|젤리축_54,900|캔디축_54,900|_크림축_54,900",0,0,0,0,0,0,0
13479911,로지텍 ERGO K860 (정품),0,0,0,0,"176,700",0,0,0,0,0,0,0
18630698,로지텍 ERGO K860 + LIFT,0,0,0,0,"_그라파이트_274,340|_로즈핑크_274,340|페일그레이_274,340",0,0,0,0,0,0,0
28365206,로지텍 G PRO X TKL (정품),0,0,0,0,"_블랙_228,650|핑크_228,650|_화이트_228,650",0,0,0,0,0,0,0
79791440,로지텍 G PRO X TKL RAPID (정품),0,0,0,0,"_블랙_243,560|핑크_243,560|_화이트_243,560",0,0,0,0,0,0,0
124363853,로지텍 G PRO X2 RAPID (정품),0,0,0,0,"299,000",0,0,0,0,0,0,0
124363867,로지텍 G PRO X2 RAPID + PRO X3 SUPERSTRIKE + PRO X 3 LIGHTSPEED 키보드 마우스 헤드셋 세트 (정품),0,0,0,0,"819,000",0,0,0,0,0,0,0
124363857,로지텍 G PRO X2 RAPID + PRO X3 SUPERSTRIKE 키보드 마우스 세트 (정품),0,0,0,0,"539,000",0,0,0,0,0,0,0
124326056,로지텍 G304 X SUPERLIGHT + G316 X 98 + G325 키보드 마우스 헤드셋 세트,0,0,0,0,"303,450",0,0,0,0,0,0,0
124326027,로지텍 G316 X 75 + G304 X SUPERLIGHT 키보드 마우스 세트,0,0,0,0,"176,800",0,0,0,0,0,0,0
124326044,로지텍 G316 X 75 +G304 X SUPERLIGHT + G325 키보드 마우스 헤드셋 세트,0,0,0,0,"277,950",0,0,0,0,0,0,0
124326011,로지텍 G316 X 75 라일락,0,0,0,0,"_갈축_99,000|_적축_99,000",0,0,0,0,0,0,0
124326006,로지텍 G316 X 75 블랙,0,0,0,0,"_갈축_99,000|_적축_99,000",0,0,0,0,0,0,0
124326009,로지텍 G316 X 75 화이트,0,0,0,0,"_갈축_99,000|_적축_99,000",0,0,0,0,0,0,0
124325994,로지텍 G316 X 98 라일락,0,0,0,0,"_갈축_129,000|_적축_129,000",0,0,0,0,0,0,0
122716969,로지텍 G316 X 98 블랙,0,0,0,0,"_갈축_127,710|_적축_127,710",0,0,0,0,0,0,0
122716967,로지텍 G316 X 98 화이트,0,0,0,0,"_갈축_127,710|_적축_127,710",0,0,0,0,0,0,0
20118950,로지텍 G413 SE,0,0,0,0,"병행수입_75,750",0,0,0,0,0,0,0
16396631,로지텍 G413 SE (정품),0,0,0,0,"71,920",0,0,0,0,0,0,0
16396439,로지텍 G413 TKL SE (정품),0,0,0,0,"65,780",0,0,0,0,0,0,0
15861914,로지텍 G512 GX Brown 기계식 게이밍 키보드 (정품),0,0,0,0,"갈축_143,480",0,0,0,0,0,0,0
59928845,로지텍 G515 LIGHTSPEED TKL (정품),0,0,0,0,"_블랙_109,000|_화이트_109,000",0,0,0,0,0,0,0
99051785,로지텍 G515 RAPID TKL (정품),0,0,0,0,"_블랙_129,000|_화이트_129,000",0,0,0,0,0,0,0
68297291,로지텍 G915 X LIGHTSPEED TKL 블랙 (정품),0,0,0,0,"_갈축_229,000|_적축_259,470|청축_229,000",0,0,0,0,0,0,0
94450691,로지텍 G915 X LIGHTSPEED 블랙 (정품),0,0,0,0,"_리니어_278,070|클릭_279,000|_택타일_259,000",0,0,0,0,0,0,0
94450751,로지텍 G915 X LIGHTSPEED 화이트 (정품),0,0,0,0,"259,000",0,0,0,0,0,0,0
1725597,로지텍 K120 + B100 (정품),0,0,0,0,"17,880",0,0,0,0,0,0,0
13729361,로지텍 K120 New,0,0,0,0,"_병행수입_12,900|_비공식유통_16,000",0,0,0,0,0,0,0
1581153,로지텍 K120 New (정품),0,0,0,0,"11,980",0,0,0,0,0,0,0
90438299,로지텍 K120 New + G102,0,0,0,0,"35,760",0,0,0,0,0,0,0
1992976,로지텍 K120 New + M90 (정품),0,0,0,0,"17,820",0,0,0,0,0,0,0
13730018,로지텍 K120 New 키스킨,0,0,0,0,"1,690",0,0,0,0,0,0,0
6396595,로지텍 K240 NANO 카카오 에디션 (정품),0,0,0,0,"18,500",0,0,0,0,0,0,0
1433300,로지텍 K270 (정품),0,0,0,0,"27,800",0,0,0,0,0,0,0
3427959,로지텍 K380 키스킨미포함 (정품),0,0,0,0,"_그레이_35,990|화이트_36,500|_핑크_36,500",0,0,0,0,0,0,0
28577714,로지텍 K380S,0,0,0,0,"병행수입_29,990",0,0,0,0,0,0,0
32889242,로지텍 K380S (정품),0,0,0,0,"더스티로즈_38,160|_도브화이트_38,160|_스모키블랙_42,320",0,0,0,0,0,0,0
87404393,로지텍 K380S M240 키보드 마우스 세트,0,0,0,0,"48,350",0,0,0,0,0,0,0
7629067,로지텍 K400 PLUS,0,0,0,0,"_해외구매_51,290|_병행수입_44,630",0,0,0,0,0,0,0
3428178,로지텍 K400 PLUS (정품),0,0,0,0,"52,450",0,0,0,0,0,0,0
9246237,로지텍 K580 (정품),0,0,0,0,"_그라파이트_58,980|_오프화이트_64,890",0,0,0,0,0,0,0
62164382,로지텍 KEYS-TO-GO 2 (정품),0,0,0,0,"_그라파이트_105,710|라일락_106,280|_페일그레이_105,990",0,0,0,0,0,0,0
62164430,로지텍 KEYS-TO-GO 2 for iPad (정품),0,0,0,0,"_그라파이트_103,990|_페일그레이_106,280",0,0,0,0,0,0,0
1581154,로지텍 MK120 New (정품),0,0,0,0,"18,500",0,0,0,0,0,0,0
1677001,로지텍 MK200 NEW (정품),0,0,0,0,"22,340",0,0,0,0,0,0,0
3798967,로지텍 MK235 (정품),0,0,0,0,"_키스킨 미포함_24,740|_키스킨 포함_27,110|중고_22,300",0,0,0,0,0,0,0
94205129,로지텍 MK250 무선 키보드 마우스 세트,0,0,0,0,"27,480",0,0,0,0,0,0,0
2541329,로지텍 MK270r (정품),0,0,0,0,"_키스킨 미포함_34,600|_키스킨 포함_38,880",0,0,0,0,0,0,0
4340134,로지텍 MK275 (정품),0,0,0,0,"35,200",0,0,0,0,0,0,0
12552761,로지텍 MK295 SILENT (정품),0,0,0,0,"_블랙_39,880|_화이트_39,790",0,0,0,0,0,0,0
2904153,로지텍 MK345 (정품),0,0,0,0,"41,480",0,0,0,0,0,0,0
8416011,로지텍 MK470 Slim (정품),0,0,0,0,"_블랙_68,910|핑크_68,910|_화이트_68,910",0,0,0,0,0,0,0
56140550,로지텍 MK540 무선 키보드 마우스 세트 (정품),0,0,0,0,"59,790",0,0,0,0,0,0,0
5147612,로지텍 MK850 (정품),0,0,0,0,"114,490",0,0,0,0,0,0,0
124153424,로지텍 MK880 for Business 무선 키보드 마우스 세트 (정품),0,0,0,0,"159,000",0,0,0,0,0,0,0
122697021,로지텍 MK880 무선 키보드 마우스 세트 (정품),0,0,0,0,"_그라파이트_137,370|_오프화이트_137,370",0,0,0,0,0,0,0
16332353,로지텍 MX Keys Mini for Mac (정품),0,0,0,0,"125,000",0,0,0,0,0,0,0
20437697,로지텍 MX Keys S (정품),0,0,0,0,"_그라파이트_158,850|_페일그레이_147,990",0,0,0,0,0,0,0
20437769,로지텍 MX Master 3S + MX Keys S COMBO (정품),0,0,0,0,"278,700",0,0,0,0,0,0,0
17171387,로지텍 MX Mechanical (정품),0,0,0,0,"_갈축_179,000|_적축_170,050",0,0,0,0,0,0,0
17170784,로지텍 MX Mechanical Mini (정품),0,0,0,0,"_갈축_146,020|_중고_119,000",0,0,0,0,0,0,0
71423942,로지텍 POP ICON KEYS (정품),0,0,0,0,"_블랙_65,900|_라일락_65,900|화이트_65,900",0,0,0,0,0,0,0
29753624,로지텍 Pebble 2 Combo 무선 키보드 마우스 세트 (정품),0,0,0,0,"69,890",0,0,0,0,0,0,0
48476543,로지텍 Wave Keys (정품),0,0,0,0,"_그라파이트_93,050|_로즈핑크_97,090|오프화이트_94,740",0,0,0,0,0,0,0
45316991,로지텍 Wave Keys + LIFT VERTICAL Combo 무선 키보드 마우스 세트,0,0,0,0,"_그래파이트_138,990|로즈핑크_138,990|_오프화이트_138,990",0,0,0,0,0,0,0
16151342,로지텍 mx keys mini (정품),0,0,0,0,"_그라파이트_118,440|로즈핑크_127,960|_페일그레이_128,960",0,0,0,0,0,0,0
17745347,로지텍 시그니처 K650 (정품),0,0,0,0,"_그라파이트_57,000|_오프화이트_59,900",0,0,0,0,0,0,0
17310608,로지텍 시그니처 K855 무선 키보드 (정품),0,0,0,0,"_그라파이트_95,790|로즈핑크_99,890|블루그레이_97,540|_오프화이트_92,000",0,0,0,0,0,0,0
17763857,로지텍 시그니처 MK650 (정품),0,0,0,0,"_그라파이트_82,690|_오프화이트_87,890",0,0,0,0,0,0,0
49998344,로지텍 시그니처 슬림 K950 (정품),0,0,0,0,"97,270",0,0,0,0,0,0,0
49998404,로지텍 시그니처 슬림 MK950 키보드 마우스 세트 (정품),0,0,0,0,"_그래파이트_124,640|_오프화이트_118,610",0,0,0,0,0,0,0
100268336,로지텍 시그니처 슬림 솔라+ K980 무선,0,0,0,0,"135,560",0,0,0,0,0,0,0
98762975,로프리 FLOW 2 100,0,0,0,0,"해외구매_166,270",0,0,0,0,0,0,0
98762912,로프리 FLOW 2 68,0,0,0,0,"해외구매_107,351",0,0,0,0,0,0,0
98762945,로프리 FLOW 2 84,0,0,0,0,"해외구매_151,223",0,0,0,0,0,0,0
74006264,로프리 FLOW LITE OE922 유무선 기계식,0,0,0,0,"해외구매_78,460",0,0,0,0,0,0,0
124249340,로프리 Hyzen67,0,0,0,0,"해외구매_345,900",0,0,0,0,0,0,0
124249346,로프리 Hyzen67 유무선,0,0,0,0,"해외구매_391,100",0,0,0,0,0,0,0
71903573,마이크로닉스 CALUX,0,0,0,0,"_게이트론축_363,090|_체리축_378,010",0,0,0,0,0,0,0
11748392,마이크로닉스 CPK-1 큰글씨 한글키보드,0,0,0,0,"60,000",0,0,0,0,0,0,0
32464430,마이크로닉스 EX580 크리스탈 파스텔 광축,0,0,0,0,"_블루 핑크_70,760|_블루 화이트_73,700",0,0,0,0,0,0,0
12866321,마이크로닉스 MANIC EX89 텐키리스PRO 게이밍기계식 RGB,0,0,0,0,"갈축_49,800",0,0,0,0,0,0,0
13611080,마이크로닉스 MANIC K1400 유선 키보드,0,0,0,0,"55,440",0,0,0,0,0,0,0
6150422,마이크로닉스 MANIC K160 키보드 마우스 무선 합본,0,0,0,0,"인디 핑크_47,510",0,0,0,0,0,0,0
6244499,마이크로닉스 MANIC K940 RGB 초슬림 기계식 카일 초콜릿축,0,0,0,0,"_적축_95,990|_백축_111,090",0,0,0,0,0,0,0
9585567,마이크로닉스 MANIC KM330 무선 슬림 키보드 마우스 합본,0,0,0,0,"_민트_13,900|블랙_24,900|코발트블루_24,900|_핑크_13,900",0,0,0,0,0,0,0
12125087,마이크로닉스 MANIC KM530 무선 슬림 무소음 키보드 마우스 합본,0,0,0,0,"핑크_19,800",0,0,0,0,0,0,0
9473790,마이크로닉스 MANIC PAMPAM 팜레스트 키보드 손목받침대,0,0,0,0,"8,050",0,0,0,0,0,0,0
13263044,마이크로닉스 MANIC X240 LED 게이밍 기계식 키보드,0,0,0,0,"적축_27,900|_갈축_27,900|_청축_27,900",0,0,0,0,0,0,0
18515912,마이크로닉스 MANIC X40P 4세대 광축 완전방수 PBT,0,0,0,0,"블랙_53,000",0,0,0,0,0,0,0
14761970,마이크로닉스 MECHA ZK-1 RGB 게이밍 기계식 키보드,0,0,0,0,"_적축_69,000|_갈축_62,300|백축_129,000",0,0,0,0,0,0,0
14858900,마이크로닉스 MORPH MK-1 마닉축 RGB 게이밍 기계식 키보드,0,0,0,0,"_적축_89,000|_갈축_89,000|청축_89,000",0,0,0,0,0,0,0
14761178,마이크로닉스 WARP WK-1 마닉축 RGB 게이밍 기계식 키보드 블랙,0,0,0,0,"적축_54,130|_갈축_42,500|_청축_54,130",0,0,0,0,0,0,0
14761373,마이크로닉스 WARP WK-1 마닉축 RGB 게이밍 기계식 키보드 화이트,0,0,0,0,"적축_84,000|_갈축_45,470|_청축_59,900",0,0,0,0,0,0,0
18460010,마이크로닉스 WIZMAX W101P 4세대 광축 완전방수 PBT,0,0,0,0,"_애쉬 핑크_67,000|_피코크 그린_65,480",0,0,0,0,0,0,0
45999167,마이크로닉스 WIZMAX W101P V2 4세대 광축 완전방수 PBT,0,0,0,0,"_스카이 블루_67,000|애쉬 핑크_67,000|_피코크 그린_65,480",0,0,0,0,0,0,0
31374107,마이크로닉스 WIZMAX W85TKL 유무선 기계식 영문,0,0,0,0,"56,090",0,0,0,0,0,0,0
31374032,마이크로닉스 WIZMAX W85TKL 유무선 기계식 한글,0,0,0,0,"82,820",0,0,0,0,0,0,0
16362128,마이크로닉스 메카 ZK2 마닉축 RGB 게이밍 기계식 키보드,0,0,0,0,"_적축_94,000|_갈축_94,000",0,0,0,0,0,0,0
16331450,마이크로닉스 워프 WK2 마닉축 RGB 게이밍 기계식 키보드,0,0,0,0,"_적축_89,000|_갈축_89,000|청축_89,000",0,0,0,0,0,0,0
16332011,마이크로닉스 워프 WK3 마닉축 블루투스 RGB 텐키리스 게이밍 기계식 키보드,0,0,0,0,"적축_214,050|_갈축_79,900|_청축_109,000",0,0,0,0,0,0,0
16335209,마이크로닉스 워프 WK4 마닉축 RGB 텐키리스 게이밍 기계식 키보드,0,0,0,0,"_적축_29,500|갈축_32,900|_청축_32,900",0,0,0,0,0,0,0
122616665,마하링크 ML-KSLMK 키스킨,0,0,0,0,"3,000",0,0,0,0,0,0,0
20722838,맥컬리 RFACEKEY 무선,0,0,0,0,"38,060",0,0,0,0,0,0,0
124248812,몬스타기어 HERO108 유무선 기계식 커스텀 베어본,0,0,0,0,"169,000",0,0,0,0,0,0,0
124248145,몬스타기어 NUT108 유무선 기계식,0,0,0,0,"190,000",0,0,0,0,0,0,0
81718127,발키리 VK-75 핑크레이디 유무선 기계식,0,0,0,0,"66,240",0,0,0,0,0,0,0
72061406,발키리 VK-87 MERLIN 유무선 기계식,0,0,0,0,"60,450",0,0,0,0,0,0,0
92969663,발키리 VK-87 MIST 유무선 기계식,0,0,0,0,"65,000",0,0,0,0,0,0,0
72978179,발키리 VK-99 PRO LVBU 유무선 기계식,0,0,0,0,"91,140",0,0,0,0,0,0,0
58812326,발키리 VK-99 유무선 기계식 영문,0,0,0,0,"Gift축_89,050",0,0,0,0,0,0,0
70154558,발키리 VK-99 유무선 기계식 한글,0,0,0,0,"64,170",0,0,0,0,0,0,0
35805746,삼성전자 SK-C1200RB 기계식,0,0,0,0,"54,890",0,0,0,0,0,0,0
1056910,삼성전자 SKG-3000UB,0,0,0,0,"_키스킨 포함_21,500|_키스킨 미포함_21,500",0,0,0,0,0,0,0
73889735,삼성전자 SP-M1800Q 무선 키보드 마우스 세트,0,0,0,0,"62,500",0,0,0,0,0,0,0
62172854,삼성전자 SP-R1600B 무선 키보드 마우스 세트,0,0,0,0,"39,900",0,0,0,0,0,0,0
5782793,삼성전자 SPA-JKA1BUB,0,0,0,0,"21,490",0,0,0,0,0,0,0
92103980,삼성전자 SPA-JKA1BUW,0,0,0,0,"21,500",0,0,0,0,0,0,0
5775961,삼성전자 SRP-9400B,0,0,0,0,"37,790",0,0,0,0,0,0,0
14269259,삼성전자 스마트키보드 트리오 500,0,0,0,0,"블랙_36,450",0,0,0,0,0,0,0
17668715,상도아이앤티 ANYZONE ANY-K3 키보드 마우스 세트,0,0,0,0,"5,900",0,0,0,0,0,0,0
72004289,서진네트웍스 UNICORN BK-3000S 무선 키보드 마우스 세트,0,0,0,0,"10,900",0,0,0,0,0,0,0
17651012,서진네트웍스 UNICORN BK-500SB 블루투스 키보드,0,0,0,0,"16,640",0,0,0,0,0,0,0
124364036,서진네트웍스 UNICORN BK-9000S 무선 키보드 마우스 세트,0,0,0,0,"15,900",0,0,0,0,0,0,0
54317336,스마토이 9KEY 디자이너,0,0,0,0,"52,800",0,0,0,0,0,0,0
3635318,스카이디지탈 NKEYBOARD BAG 키보드 전용 가방,0,0,0,0,"24,800",0,0,0,0,0,0,0
102549983,스카이디지탈 NKEYBOARD NK21,0,0,0,0,"_갈축_39,500|_적축_39,500",0,0,0,0,0,0,0
67509251,스카이디지탈 NKEYBOARD NKEY 8K,0,0,0,0,"56,810",0,0,0,0,0,0,0
863027,스카이디지탈 NKEYBOARD NKEY-1,0,0,0,0,"_브라운_39,300|_키스킨+손목받침대 포함_32,890",0,0,0,0,0,0,0
2009589,스카이디지탈 nkeyboard nkey 전용 실리콘 키스킨,0,0,0,0,"11,150",0,0,0,0,0,0,0
67625105,스틸시리즈 Apex Pro Gen 3 US,0,0,0,0,"313,650",0,0,0,0,0,0,0
67625198,스틸시리즈 Apex Pro TKL Gen 3 KR,0,0,0,0,"341,050",0,0,0,0,0,0,0
124364060,스틸시리즈 Apex Pro TKL Gen 3 US Cyber,0,0,0,0,"323,100",0,0,0,0,0,0,0
124364064,스틸시리즈 Apex Pro TKL Gen 3 US Steel,0,0,0,0,"323,100",0,0,0,0,0,0,0
78971435,스틸시리즈 Apex Pro TKL Gen 3 White KR,0,0,0,0,"359,000",0,0,0,0,0,0,0
4820122,아이리버 IR-K2000,0,0,0,0,"_블랙_15,990|_화이트_16,000|로즈골드_15,990|코발트블루_35,730",0,0,0,0,0,0,0
4810266,아이리버 IR-WMK5000,0,0,0,0,"_블랙_33,000|_화이트_29,700|로즈골드_64,160|코발트블루_33,000",0,0,0,0,0,0,0
124129356,아이리버 K101X 무선,0,0,0,0,"_블랙_20,880|_화이트_20,880",0,0,0,0,0,0,0
98919410,아이리버 KM101 키보드 마우스 세트,0,0,0,0,"_블랙_19,490|_화이트_19,490",0,0,0,0,0,0,0
101072036,아이리버 MVS601 무선 키보드 마우스 세트,0,0,0,0,"라벤더_38,500|_블랙_38,500|_화이트_38,500",0,0,0,0,0,0,0
10577571,알파스캔 AOC GK500 게이밍 RGB LED 기계식,0,0,0,0,"62,800",0,0,0,0,0,0,0
123652094,앱코 31가지 레진 아티산 키캡 컬렉션,0,0,0,0,"19,000",0,0,0,0,0,0,0
95851013,앱코 A108K 3모드 퀵스압 유무선 기계식 마일드 블루,0,0,0,0,"_맘모스축_69,900|_벚꽃축_103,890",0,0,0,0,0,0,0
102355322,앱코 A108K 3모드 퀵스압 유무선 기계식 말차그린,0,0,0,0,"_맘모스축_69,900|_벚꽃축_119,000",0,0,0,0,0,0,0
102355316,앱코 A108K 3모드 퀵스압 유무선 기계식 피오니,0,0,0,0,"맘모스축_69,900",0,0,0,0,0,0,0
95850806,앱코 A87K 3모드 퀵스압 유무선 기계식,0,0,0,0,"벚꽃축_68,900",0,0,0,0,0,0,0
103690748,앱코 ACH105 오피스워커 유무선 기계식 라벤더,0,0,0,0,"_벚꽃축_89,000|_저소음 바다소금축_77,520|저소음 택타일 바다소금축_79,000",0,0,0,0,0,0,0
122645087,앱코 ACH105 오피스워커 유무선 기계식 블랙,0,0,0,0,"_벚꽃축_89,000|_저소음 바다소금축_79,000|저소음 택타일 바다소금축_79,000",0,0,0,0,0,0,0
103690760,앱코 ACH105 오피스워커 유무선 기계식 앨리스블루,0,0,0,0,"_벚꽃축_89,000|_저소음 바다소금축_79,000|저소음 택타일 바다소금축_79,000",0,0,0,0,0,0,0
123435985,앱코 ACH108 우주를 품은 MBTI 유무선 기계식 드림 핑크,0,0,0,0,"_라벤더축_95,000|_벚꽃축_95,000",0,0,0,0,0,0,0
123435987,앱코 ACH108 우주를 품은 MBTI 유무선 기계식 루나실버,0,0,0,0,"_라벤더축_95,000|_벚꽃축_95,000",0,0,0,0,0,0,0
123435977,앱코 ACH108 우주를 품은 MBTI 유무선 기계식 스타라이트,0,0,0,0,"_라벤더축_95,000|_벚꽃축_95,000",0,0,0,0,0,0,0
122630026,앱코 ACM105 유무선,0,0,0,0,"_블랙_39,000|_화이트_51,000",0,0,0,0,0,0,0
122633317,앱코 AF108PRO ABKO x SOAI 콜라보 3모드 기계식 와인그레이,0,0,0,0,"경해축_87,000|세이야축_74,000|_소복눈축_79,000|_저소음 너울축_79,000",0,0,0,0,0,0,0
101953517,앱코 AF108PRO ABKO x SOAI 콜라보 3모드 기계식 코랄블루,0,0,0,0,"_경해축_85,510|세이야축_74,000|_소복눈축_79,000|저소음 너울축_79,000",0,0,0,0,0,0,0
18717182,앱코 AG75 가스켓 마운트 기계식 로즈 핑크,0,0,0,0,"_적축_33,900|_갈축_43,900",0,0,0,0,0,0,0
39102998,앱코 AG75W 가스켓 마운트 유무선 블루투스 기계식 로즈 핑크,0,0,0,0,"_적축_43,900|_갈축_43,900",0,0,0,0,0,0,0
39103139,앱코 AG75W 가스켓 마운트 유무선 블루투스 기계식 쿨 민트,0,0,0,0,"_적축_43,900|_갈축_43,900",0,0,0,0,0,0,0
39103109,앱코 AG75W 가스켓 마운트 유무선 블루투스 기계식 퍼플 블루,0,0,0,0,"_적축_43,900|_갈축_43,900",0,0,0,0,0,0,0
80519558,앱코 AK10 오피스 마스터 슬림 무선,0,0,0,0,"_블랙_15,900|옐로우_15,900|핑크_15,900|_화이트_15,900",0,0,0,0,0,0,0
93015494,앱코 AK108 3모드 OTEMU 특주축 유무선 기계식 그레이,0,0,0,0,"_멜론축_75,710|_거북이 등껍질축_59,000",0,0,0,0,0,0,0
93015512,앱코 AK108 3모드 OTEMU 특주축 유무선 기계식 그린,0,0,0,0,"멜론축_49,000|_거북이 등껍질축_58,470|_피치축_59,000",0,0,0,0,0,0,0
93015521,앱코 AK108 3모드 OTEMU 특주축 유무선 기계식 올리비아,0,0,0,0,"거북이 등껍질축_59,000",0,0,0,0,0,0,0
73125011,앱코 AK84BT 블루투스 무선 슬림 기계식 다크 그레이,0,0,0,0,"_적축_79,600|_갈축_49,000",0,0,0,0,0,0,0
73124996,앱코 AK84BT 블루투스 무선 슬림 기계식 화이트 그레이,0,0,0,0,"_적축_49,000|_갈축_49,000",0,0,0,0,0,0,0
74819564,앱코 AK87 3모드 OTEMU 특주축 유무선 기계식 그레이,0,0,0,0,"_멜론축_49,000|_저소음 피치축_53,000",0,0,0,0,0,0,0
74828639,앱코 AK87 3모드 OTEMU 특주축 유무선 기계식 다크 그라데이션,0,0,0,0,"멜론축_61,000",0,0,0,0,0,0,0
74829761,앱코 AK87 3모드 OTEMU 특주축 유무선 기계식 블랙,0,0,0,0,"멜론축_61,000",0,0,0,0,0,0,0
74821496,앱코 AK87 3모드 OTEMU 특주축 유무선 기계식 올리비아,0,0,0,0,"저소음 피치축_53,000",0,0,0,0,0,0,0
94888418,앱코 AK87 슬림 프로 3모드 로우 프로파일 유무선 기계식,0,0,0,0,"_검은콩축_75,000|_햇살축_109,800",0,0,0,0,0,0,0
62319074,앱코 AK87H 텐키리스 홀리판다 V2 기계식,0,0,0,0,"24,900",0,0,0,0,0,0,0
70529096,앱코 AK94BT 유무선 기계식 스카이블루,0,0,0,0,"_라임축_80,000|_저소음 피치축_80,000",0,0,0,0,0,0,0
70529063,앱코 AK94BT 유무선 기계식 피치,0,0,0,0,"저소음 피치축_80,000",0,0,0,0,0,0,0
68787626,앱코 AK99 유무선 기계식 그린,0,0,0,0,"_저소음 피치축_58,000|_멜론축_58,000",0,0,0,0,0,0,0
68787644,앱코 AK99 유무선 기계식 핑크,0,0,0,0,"_저소음 피치축_58,000|_멜론축_52,000",0,0,0,0,0,0,0
74336507,앱코 AK998 8K OTEMU 특주축 기계식 블랙,0,0,0,0,"저소음 피치축_59,000",0,0,0,0,0,0,0
74336429,앱코 AK998 8K OTEMU 특주축 기계식 스카이 블루,0,0,0,0,"_멜론축_79,890|_저소음 피치축_65,000",0,0,0,0,0,0,0
92191004,앱코 AKN10BT 반알만한 무접점,0,0,0,0,"_초콜릿_250,000|_건메탈_250,000",0,0,0,0,0,0,0
16350560,앱코 AKR01 TKL 아크릴 텐키리스 키보드 덮개,0,0,0,0,"9,900",0,0,0,0,0,0,0
16361930,앱코 AKR01 아크릴 키보드 덮개,0,0,0,0,"10,900",0,0,0,0,0,0,0
29857877,앱코 AKT95 아크 PBT키캡 카일광축 완전방수 컴팩트 게이밍 기계식,0,0,0,0,"_다크적축_158,000|_청축_167,000",0,0,0,0,0,0,0
60235238,앱코 AM61 자석축 래피드 트리거,0,0,0,0,"79,000",0,0,0,0,0,0,0
122621629,앱코 AMK108 멤브레인,0,0,0,0,"_베이지_21,900|_핑크_21,900",0,0,0,0,0,0,0
14650757,앱코 AN02 다크그레이 RGB BAR 축교환 기계식 키보드,0,0,0,0,"청축_38,840",0,0,0,0,0,0,0
14650640,앱코 AN02 블랙 RGB BAR 축교환 기계식 키보드,0,0,0,0,"적축_34,900|_갈축_39,000|_청축_34,900",0,0,0,0,0,0,0
14650802,앱코 AN02 핑크 RGB BAR 축교환 기계식 키보드,0,0,0,0,"청축_39,000",0,0,0,0,0,0,0
18091124,앱코 AN04F PBT 특주축 게이밍 기계식 키보드,0,0,0,0,"넌클릭_29,900",0,0,0,0,0,0,0
29312777,앱코 AN08 가스켓 아이스큐브 광축 LED 게이밍 블루,0,0,0,0,"_리니어_73,000|_클릭_73,000",0,0,0,0,0,0,0
29312813,앱코 AN08 가스켓 아이스큐브 광축 LED 게이밍 핑크,0,0,0,0,"_리니어_73,000|_클릭_73,000",0,0,0,0,0,0,0
35769512,앱코 AN94BT 무선 블루투스 기계식 레몬바스켓,0,0,0,0,"_적축_29,900|_갈축_67,200",0,0,0,0,0,0,0
35769440,앱코 AN94BT 무선 블루투스 기계식 솜사탕,0,0,0,0,"_적축_29,900|_갈축_29,900|청축_29,900",0,0,0,0,0,0,0
97702475,앱코 AO98 레트로 타임리스 3모드 기계식,0,0,0,0,"_복고축_49,000|_저소음 스노우축_49,000",0,0,0,0,0,0,0
103414361,앱코 AOS108 호두나무 팜레스트 손목받침대,0,0,0,0,"16,900",0,0,0,0,0,0,0
103414352,앱코 AOS87 호두나무 팜레스트 손목받침대,0,0,0,0,"15,900",0,0,0,0,0,0,0
101186645,앱코 AP87W 3모드 유무선 게이밍 기계식,0,0,0,0,"79,000",0,0,0,0,0,0,0
32502059,앱코 APK82BT 투명 가스켓 유무선 기계식,0,0,0,0,"34,900",0,0,0,0,0,0,0
100693589,앱코 AR108G 원토글 노니드 무브 알루미늄 3모드 더스티 블루,0,0,0,0,"_BCP_130,000|개구리_140,000|_그레이 스노우_130,000",0,0,0,0,0,0,0
100620419,앱코 AR108G 원토글 노니드 무브 알루미늄 3모드 세이지 그린,0,0,0,0,"BCP_130,000|_개구리_140,000|_그레이 스노우_179,000|토파즈_125,000",0,0,0,0,0,0,0
18474248,앱코 AR61D 풀 알루미늄 유무선 기계식,0,0,0,0,"143,270",0,0,0,0,0,0,0
104355848,앱코 AR87G 원토글 노니드 무브 알루미늄 3모드,0,0,0,0,"119,000",0,0,0,0,0,0,0
122626766,앱코 AR88 퍼스트스텝 리얼 알루미늄 커스텀 유무선 기계식,0,0,0,0,"119,000",0,0,0,0,0,0,0
12982325,앱코 ARC1 TKL 텐키리스 아크릴 팜레스트 손목 받침대,0,0,0,0,"_Clear Acrylic_13,800|_ICE Acrylic_13,800",0,0,0,0,0,0,0
12971420,앱코 ARC1 아크릴 팜레스트 손목 받침대,0,0,0,0,"_Clear Acrylic_13,800|_ICE Acrylic_15,900",0,0,0,0,0,0,0
96366320,앱코 AS104 오피스네비게이터 유무선 기계식 네온블랙,0,0,0,0,"_딥 사운드축_99,000|_조약돌 슈팅스타축_99,000",0,0,0,0,0,0,0
71903570,앱코 AS104 오피스네비게이터 유무선 기계식 블루레몬,0,0,0,0,"_딥 사운드축_99,000|_조약돌 슈팅스타축_95,700",0,0,0,0,0,0,0
91560014,앱코 AS104 오피스네비게이터 유무선 기계식 핑크그레이,0,0,0,0,"_조약돌 슈팅스타축_99,000|_딥 사운드축_99,000",0,0,0,0,0,0,0
90887588,앱코 AS87 오피스네비게이터 유무선 기계식,0,0,0,0,"_딥 사운드축_89,000|_조약돌 슈팅스타축_89,000",0,0,0,0,0,0,0
79558838,앱코 ASA87 양면 사계절 팜레스트,0,0,0,0,"9,900",0,0,0,0,0,0,0
11167377,앱코 HACKER ARC 거치대,0,0,0,0,"5,500",0,0,0,0,0,0,0
11015091,앱코 HACKER K150 텐키리스 레인보우 LED 게이밍 멤브레인,0,0,0,0,"_블랙_15,500|_화이트_15,500",0,0,0,0,0,0,0
9321162,앱코 HACKER K515 축교환 측면 RGB 라이팅 이중사출 게이밍 기계식 블랙,0,0,0,0,"적축_40,900|_갈축_40,900|_청축_40,900",0,0,0,0,0,0,0
9321180,앱코 HACKER K515 축교환 측면 RGB 라이팅 이중사출 게이밍 기계식 화이트,0,0,0,0,"_적축_40,900|갈축_40,900|_청축_40,900",0,0,0,0,0,0,0
9647322,앱코 HACKER K523 기계식 축교환 LED 키패드,0,0,0,0,"_적축_16,390|_청축_14,300",0,0,0,0,0,0,0
10272321,앱코 HACKER K550 A광축 축교환 측면 RGB 라이팅 완전방수 이중사출 게이밍 키보드,0,0,0,0,"블랙, 클릭_32,500",0,0,0,0,0,0,0
4709084,앱코 HACKER K640 축교환 게이밍 기계식 블랙,0,0,0,0,"적축_42,000|_갈축_42,000|_청축_42,000",0,0,0,0,0,0,0
5128947,앱코 HACKER K640 축교환 게이밍 기계식 화이트,0,0,0,0,"청축_42,000",0,0,0,0,0,0,0
5633045,앱코 HACKER K660 축교환 완전방수 게이밍 카일 광축 레드,0,0,0,0,"_클릭_65,990|_리니어_65,990",0,0,0,0,0,0,0
5633033,앱코 HACKER K660 축교환 완전방수 게이밍 카일 광축 블랙,0,0,0,0,"_리니어_65,990|_클릭_65,990",0,0,0,0,0,0,0
5221438,앱코 HACKER K660 축교환 완전방수 게이밍 카일 광축 옐로우,0,0,0,0,"_클릭_65,990|_리니어_65,990",0,0,0,0,0,0,0
5122935,앱코 HACKER K840 조약돌 레트로 축교환 기계식 블랙,0,0,0,0,"적축_38,900",0,0,0,0,0,0,0
6085230,앱코 HACKER K8800 카일 광축 완전방수 축교환 크리스탈 키캡,0,0,0,0,"화이트 V1, 클릭_57,900",0,0,0,0,0,0,0
6843574,앱코 HACKER KM350 키보드 마우스 콤보 레인보우 LED 게이밍,0,0,0,0,"24,000",0,0,0,0,0,0,0
13050158,앱코 HACKER KM700 게이밍 키보드 마우스 장패드 세트,0,0,0,0,"블랙_28,500",0,0,0,0,0,0,0
11834485,앱코 HACKER KN01 텐키리스 PBT RGB 무접점 블랙,0,0,0,0,"_45g_224,700|_55g_206,690",0,0,0,0,0,0,0
5228671,앱코 HACKER QUICK SWAP용 OUTEMU 스위치,0,0,0,0,"각2개, 청축/갈축/적축/흑축_2,200",0,0,0,0,0,0,0
5827146,앱코 HACKER 카일 정품 광축 스위치,0,0,0,0,"5+5개, 클릭/리니어_4,000",0,0,0,0,0,0,0
108420911,앱코 HAIMU 저소음 바다소금 스위치,0,0,0,0,"12,900",0,0,0,0,0,0,0
123696545,앱코 Hello108 컬러포인트 유무선,0,0,0,0,"35,000",0,0,0,0,0,0,0
34738214,앱코 K140 슬림 멤브레인,0,0,0,0,"10,900",0,0,0,0,0,0,0
78533057,앱코 K26 3모드 무선 QMK VIA,0,0,0,0,"43,900",0,0,0,0,0,0,0
77706518,앱코 K480 교체축 게이밍 기계식 젠틀맨,0,0,0,0,"갈축_35,520",0,0,0,0,0,0,0
18878243,앱코 K517 레트로 기계식,0,0,0,0,"_적축_93,720|_갈축_52,000",0,0,0,0,0,0,0
12278276,앱코 K551 A광축 사이드 Edge RGB LED 게이밍 키보드,0,0,0,0,"클릭_40,900",0,0,0,0,0,0,0
13363190,앱코 K560 축교환 레인보우 무빙 LED 기계식 블랙,0,0,0,0,"갈축_30,900|_적축_28,510|_청축_30,900",0,0,0,0,0,0,0
28539233,앱코 K560 축교환 레인보우 무빙 LED 기계식 화이트,0,0,0,0,"갈축_30,900|_적축_30,900|_청축_28,510",0,0,0,0,0,0,0
36708812,앱코 K561 교체축 유무선 블루투스 기계식 블랙,0,0,0,0,"_갈축_29,900|_적축_29,900",0,0,0,0,0,0,0
36708887,앱코 K561 교체축 유무선 블루투스 기계식 화이트,0,0,0,0,"_적축_29,900|_갈축_29,900",0,0,0,0,0,0,0
90642845,앱코 K562 교체축 3모드 계산기 유무선 기계식,0,0,0,0,"23,900",0,0,0,0,0,0,0
14471114,앱코 K570 축교환 레인보우 무빙 LED 기계식 키보드,0,0,0,0,"_적축_27,900|_갈축_27,900|청축_27,900",0,0,0,0,0,0,0
68533427,앱코 K580 교체축 게이밍 기계식 스카이,0,0,0,0,"_적축_29,300|갈축_31,900|_청축_29,300",0,0,0,0,0,0,0
68533382,앱코 K580 교체축 게이밍 기계식 젠틀맨,0,0,0,0,"적축_29,300|_갈축_29,300|_청축_29,300",0,0,0,0,0,0,0
17346152,앱코 K660M-L68 무선 블루투스 기계식 미니 키보드,0,0,0,0,"화이트_144,000",0,0,0,0,0,0,0
13208612,앱코 K660P 프리미엄 카일광축 무빙 LED 게이밍 기계식 키보드,0,0,0,0,"_마젠타, 클릭_73,000|_다크 그레이, 클릭_73,000",0,0,0,0,0,0,0
75991532,앱코 K660S V2 카일 광축 V2 게이밍 블랙,0,0,0,0,"_클릭_66,000|_리니어_64,420|택타일_66,000",0,0,0,0,0,0,0
75991646,앱코 K660S V2 카일 광축 V2 게이밍 옐로우,0,0,0,0,"클릭_66,000|_리니어_64,420|_택타일_66,000",0,0,0,0,0,0,0
75991628,앱코 K660S V2 카일 광축 V2 게이밍 핑크,0,0,0,0,"_클릭_66,000|리니어_66,000|_택타일_66,000",0,0,0,0,0,0,0
75991583,앱코 K660S V2 카일 광축 V2 게이밍 화이트,0,0,0,0,"_클릭_66,000|_리니어_66,000|택타일_66,000",0,0,0,0,0,0,0
19690820,앱코 K669 카일 광축 게이밍,0,0,0,0,"_블랙 레드_66,700|_핑크 화이트_69,000",0,0,0,0,0,0,0
15825857,앱코 K840 사각 레트로 축교환 기계식 블랙,0,0,0,0,"_적축_38,900|갈축_38,900|_청축_36,480",0,0,0,0,0,0,0
15825881,앱코 K840 사각 레트로 축교환 기계식 화이트,0,0,0,0,"청축_45,000",0,0,0,0,0,0,0
15150836,앱코 K841 조약돌 레트로 축교환 기계식 핑크,0,0,0,0,"적축_32,000",0,0,0,0,0,0,0
5182267,앱코 KM400 게이밍 콤보,0,0,0,0,"_블랙_29,800|_화이트_31,900",0,0,0,0,0,0,0
18650684,앱코 KM500 키보드 마우스 세트,0,0,0,0,"V1, 화이트_23,900",0,0,0,0,0,0,0
123650707,앱코 KM580 저소음 기계식 키보드 마우스 세트,0,0,0,0,"_블랙_53,900|_화이트_53,900",0,0,0,0,0,0,0
15230645,앱코 KN01C 텐키리스 PBT 무접점 키보드 블루,0,0,0,0,"30g_143,000",0,0,0,0,0,0,0
15230654,앱코 KN01C 텐키리스 PBT 무접점 키보드 핑크,0,0,0,0,"45g_69,000",0,0,0,0,0,0,0
58848548,앱코 KN03BT TKL 블루투스 무접점,0,0,0,0,"99,000",0,0,0,0,0,0,0
15229802,앱코 KN10C PBT 무접점 키보드,0,0,0,0,"핑크, 45g_79,000",0,0,0,0,0,0,0
19645514,앱코 KN20C 삼색사출 PBT 무접점,0,0,0,0,"79,000",0,0,0,0,0,0,0
24133613,앱코 KN30BT 블루투스 유무선 무접점,0,0,0,0,"109,000",0,0,0,0,0,0,0
39102560,앱코 KN35BT DRT 8K 염료승화 블루투스 유무선 무접점,0,0,0,0,"_베른_109,000|_서울_109,000|칸쿤_109,000|파리_109,000",0,0,0,0,0,0,0
56059244,앱코 KN35BT TKL DRT 8K 염료승화 블루투스 유무선 무접점,0,0,0,0,"_베른_89,000|_서울_89,000",0,0,0,0,0,0,0
9925461,앱코 KP10 키패드,0,0,0,0,"7,500",0,0,0,0,0,0,0
76790414,앱코 LKN84BT 8K 로우 프로파일 슬림 유무선 무접점,0,0,0,0,"_30g_109,000|_35g_109,000",0,0,0,0,0,0,0
94519142,앱코 LKN99 BT 로우 프로파일 슬림 무접점,0,0,0,0,"119,000",0,0,0,0,0,0,0
38346917,앱코 MK108 저소음 멤브레인,0,0,0,0,"_블랙_18,900|베이비 블루_15,970|베이비 핑크_15,970|_블루_18,900|오트밀_18,900",0,0,0,0,0,0,0
72223682,앱코 MK108W 무선,0,0,0,0,"_블랙_29,000|_블루_29,000|오트밀_29,000",0,0,0,0,0,0,0
63143570,앱코 MK87 저소음 텐키리스 멤브레인,0,0,0,0,"_블랙_17,900|_블루_17,900|오트밀_17,900",0,0,0,0,0,0,0
69465278,앱코 MK98 AI 코파일럿,0,0,0,0,"19,900",0,0,0,0,0,0,0
108692006,앱코 NTP84,0,0,0,0,"_루나 블랙_35,000|_노바 그레이_35,000",0,0,0,0,0,0,0
62641856,앱코 SEOUL 서울 염료승화 PBT 키캡,0,0,0,0,"27,000",0,0,0,0,0,0,0
108356054,앱코 SPW1 TKL 편해 실리콘 팜레스트,0,0,0,0,"_블랙_15,500|_화이트_15,500",0,0,0,0,0,0,0
108356072,앱코 SPW1 편해 실리콘 팜레스트,0,0,0,0,"_블랙_15,500|_화이트_15,500",0,0,0,0,0,0,0
94080701,앱코 TOS300 매크로덱,0,0,0,0,"29,900",0,0,0,0,0,0,0
13912325,앱코 WKM03 무선 키보드마우스 세트,0,0,0,0,"핑크_33,910",0,0,0,0,0,0,0
124057028,앱코 WKM500 무선 키보드 마우스 세트,0,0,0,0,"_블랙_19,900|_화이트_19,900",0,0,0,0,0,0,0
4291175,앱코 레트로 써클 키캡,0,0,0,0,"_68키_23,890|_87키_25,150|104키_27,010",0,0,0,0,0,0,0
63421427,앱코 올인원 키캡 스위치 리무버,0,0,0,0,"3,610",0,0,0,0,0,0,0
104355926,앱코 젤리베어 키캡 세트,0,0,0,0,"_겨울_16,900|_여름_16,900",0,0,0,0,0,0,0
121115729,야토 엑소 EXB-600,0,0,0,0,"1개_2,347",0,0,0,0,0,0,0
124034741,에이투 AG0302 TE1 타음 케이 에디션,0,0,0,0,"_고려청자_79,900|_문방사우_79,900|일월오봉도_79,900",0,0,0,0,0,0,0
124034783,에이투 GK7 MX,0,0,0,0,"_블랙 루비_129,000|_화이트 사파이어_129,000",0,0,0,0,0,0,0
28833113,엘디네트웍스 APL-KT65,0,0,0,0,"38,390",0,0,0,0,0,0,0
124288484,오랜웰 로지텍 K850/MK850,0,0,0,0,"2,500",0,0,0,0,0,0,0
124288480,오랜웰 로지텍 MK315 전용,0,0,0,0,"2,940",0,0,0,0,0,0,0
124288472,오랜웰 로지텍 MK345 전용,0,0,0,0,840,0,0,0,0,0,0,0
73692701,이음전산 스마텍 STBK-F2000 무선,0,0,0,0,"27,900",0,0,0,0,0,0,0
28827452,이킵먼트 호두나무 월넛 팜레스트,0,0,0,0,"_60% 배열_14,120|텐키리스_14,120|_풀사이즈_12,400",0,0,0,0,0,0,0
3698558,제닉스 STORMX TITAN SE,0,0,0,0,"블랙_98,960",0,0,0,0,0,0,0
5454370,제닉스 XPAM 대나무 손목 받침대,0,0,0,0,"_텐키리스용_11,990|_풀배열용_12,000",0,0,0,0,0,0,0
15319568,제닉스 스톰엑스 아크릴 손목받침대 텐키리스,0,0,0,0,"_스노우_12,790|_크리스탈_13,900|블랙_17,900",0,0,0,0,0,0,0
75536123,제닉스 타이탄 실리콘 팜레스트,0,0,0,0,"15,900",0,0,0,0,0,0,0
15353726,제이컴정보통신 트렌잇 JTK-106 블루투스 키보드,0,0,0,0,"_블랙_6,350|_화이트_16,500",0,0,0,0,0,0,0
74894936,주연테크 긱스타 GK01,0,0,0,0,"_레트로_16,900|_핑크_16,890",0,0,0,0,0,0,0
124101405,주연테크 긱스타 GKG108ADE 유무선 기계식 딸기에이드,0,0,0,0,"_소다축_99,000|_저소음 몽글축_109,000",0,0,0,0,0,0,0
124101414,주연테크 긱스타 GKG108ADE 유무선 기계식 레몬민트에이드,0,0,0,0,"_소다축_99,000|_저소음 몽글축_109,000",0,0,0,0,0,0,0
124101421,주연테크 긱스타 GKG108ADE 유무선 기계식 메론에이드,0,0,0,0,"_소다축_99,000|_저소음 몽글축_109,000",0,0,0,0,0,0,0
124101425,주연테크 긱스타 GKG108ADE 유무선 기계식 소다팝에이드,0,0,0,0,"_소다축_99,000|_저소음 몽글축_109,000",0,0,0,0,0,0,0
124101432,주연테크 긱스타 GKG108ADE 유무선 기계식 솜사탕에이드,0,0,0,0,"_소다축_99,000|_저소음 몽글축_109,000",0,0,0,0,0,0,0
90960752,주연테크 긱스타 JK07 유무선 기계식,0,0,0,0,"45,570",0,0,0,0,0,0,0
124236583,지클릭커 LWC50 무선 키보드 마우스 세트,0,0,0,0,"_GREENWICH_37,850|HAVANA_35,160|_KHAKI_35,160|SKY CITY_35,160",0,0,0,0,0,0,0
104987387,지클릭커 Magneon 8K GRT107 머큐리핑크,0,0,0,0,"_레이저자몽축_74,800|_핑크소닉축_74,800",0,0,0,0,0,0,0
104987375,지클릭커 Magneon 8K GRT107 화이트마린,0,0,0,0,"_레이저자몽축_74,800|_핑크소닉축_74,800",0,0,0,0,0,0,0
104987471,지클릭커 Magneon 8K GRT68 문스톤그레이,0,0,0,0,"_레이저자몽축_59,800|_핑크소닉축_59,800",0,0,0,0,0,0,0
123650628,지클릭커 Magneon 8K GRT87 머큐리핑크,0,0,0,0,"_레이저자몽축_69,800|_스노우 프라임축_69,800",0,0,0,0,0,0,0
122691478,지클릭커 MagneonX XRT68 페일핑크엑스,0,0,0,0,"_레이저자몽축_69,800|_핑크소닉축_69,800",0,0,0,0,0,0,0
122651420,지클릭커 NK35 무선,0,0,0,0,"_블랙_22,800|_화이트_22,800",0,0,0,0,0,0,0
72224099,지클릭커 OFFICEPRO OPK50 사일런스 M RGB 무소음 방수 108,0,0,0,0,"Coral, CR1_17,400|Coral, CR2_17,400|_Greenwich, CR1_17,400|Greenwich, CR2_17,400|Gundam, CR1_17,400|||||||_Sky City, CR1_17,400||",0,0,0,0,0,0,0
95927168,지클릭커 OFFICEPRO OPK50 사일런스 M RGB 무소음 방수 87,0,0,0,0,"_Coral_15,900|Greenwich_15,900|_Navy Blue_15,900|Poker Green_15,900|Sky City_15,900",0,0,0,0,0,0,0
32890967,지클릭커 OFFICEPRO WK10 저소음 무선 블루투스,0,0,0,0,"그린_16,400|_블랙_16,400|퍼플_16,400|핑크_16,400|_화이트_16,400",0,0,0,0,0,0,0
103400543,지클릭커 OFFICEPRO WK50 사일런스 M RGB 무소음 방수 무선 블루투스 104,0,0,0,0,"Coral_27,900|Greenwich_27,900|_Gundam_27,900|Navy Blue_27,900|Poker Green_27,900||_Sky City_27,900|",0,0,0,0,0,0,0
101953349,지클릭커 OFFICEPRO WK50 사일런스 M RGB 무소음 방수 무선 블루투스 78,0,0,0,0,"Cappuccino khaki_32,400|_Greenwich_32,400|_Havana Cappuccino_32,400|Mint met Purple_32,400|SkyCity_32,390",0,0,0,0,0,0,0
123605032,지클릭커 OFFICEPRO WK50 사일런스 M RGB 풀윤활 무소음 방수 무선 블루투스 LCD 105,0,0,0,0,"_그린위치_29,800|스카이시티_29,800|카푸치노 카키_29,800|_하바나 카푸치노_29,800",0,0,0,0,0,0,0
97702676,지클릭커 OFFICEPRO WK50 사일런스 M RGB 풀윤활 무소음 방수 무선 블루투스 LCD 98,0,0,0,0,"Coral_29,800|_Greenwich_29,800|Gundam_29,800|NavyBlue_29,800|_Poker Green_29,800|||",0,0,0,0,0,0,0
123437394,지클릭커 OFFICEPRO WK50 사일런스 M RGB 풀윤활 무소음 방수 무선 블루투스 LCD 99,0,0,0,0,"_그린위치_32,790|스카이시티_31,560|_카푸치노 카키_31,560|하바나 카푸치노_32,790",0,0,0,0,0,0,0
100620194,지클릭커 OFFICEPRO WK70 사일런스 L 무선,0,0,0,0,"그린_19,800|_블랙_19,800|_블루_19,800|핑크_19,800|화이트_19,800",0,0,0,0,0,0,0
59759024,지클릭커 OFFICEPRO WMK20 인체공학 펜타 무선 키보드 마우스 세트,0,0,0,0,"_블랙_32,900|_화이트_32,900",0,0,0,0,0,0,0
101542691,지클릭커 OFFICEPRO WMK225 무선 키보드 마우스 세트,0,0,0,0,"_블랙_31,300|_화이트_31,300",0,0,0,0,0,0,0
74415233,지클릭커 OFFICEPRO WMK50 사일런스 M 108 무선 키보드 마우스 세트,0,0,0,0,"Gun dam_43,400|_Greenwich_43,400|Havana cappuccino_43,400|Navy Blue_43,400|Pink_43,400|||_Sky city_43,400",0,0,0,0,0,0,0
91426448,지클릭커 OFFICEPRO WMK50 사일런스 M RGB 무소음 방수 무선 블루투스 108 키보드 마우스 세트 Retro Cappuccino,0,0,0,0,"73,410",0,0,0,0,0,0,0
95850398,지클릭커 OFFICEPRO 사일런스M NK21 무선,0,0,0,0,"_Black_18,900|Coral_18,900|Greenwich_18,900|Navy Blue_18,900|Poker Green_18,900||_White_18,900",0,0,0,0,0,0,0
94815566,지클릭커 OFFICEPRO 사일런스M 멀티포지션 WK87+NK21 무선,0,0,0,0,"Coral_36,800|_Greenwich_36,800|Gundam_36,800|_Poker Green_36,800|Sky City_36,800",0,0,0,0,0,0,0
104625482,지클릭커 OPK108,0,0,0,0,"_그린 라이트_18,900|_머큐리 핑크_18,900|크레용 옐로우_18,900|화이트 마린_18,900",0,0,0,0,0,0,0
122691698,지클릭커 PADO87 무선 기계식 화이트 마린,0,0,0,0,"_당근주황축_54,800|용암빨강축_54,800|_유채꽃노랑축_54,800",0,0,0,0,0,0,0
104625443,지클릭커 WK100B 무선,0,0,0,0,"그린 라이트_28,900|_머큐리 핑크_28,900|_크레용 옐로우_28,900|화이트 마린_28,900",0,0,0,0,0,0,0
109679348,지클릭커 WKPS80 87 유무선,0,0,0,0,"_Coral_26,400|Gundam, RC1_26,400|Gundam, RC2_26,400|_SkyCity_26,400",0,0,0,0,0,0,0
122684729,지클릭커 WMK320 무선 키보드 마우스 세트,0,0,0,0,"_그린_41,700|_블랙_41,690|핑크_41,700|화이트_41,700",0,0,0,0,0,0,0
124086748,지클릭커 WMK354 무선 키보드 마우스 세트,0,0,0,0,"_그린_40,200|_블랙_40,200|핑크_40,200|화이트_40,200",0,0,0,0,0,0,0
124152654,지클릭커 WMK915 무선 키보드 마우스세트,0,0,0,0,"_그린위치_46,700|스카이시티_46,700|_카푸치노카키_46,700|하바나카푸치노_46,700",0,0,0,0,0,0,0
124152730,지클릭커 WMK929 무선 키보드 마우스세트,0,0,0,0,"_그린위치_45,700|_스카이시티_45,700|카푸치노카키_45,700|하바나카푸치노_45,700",0,0,0,0,0,0,0
92625101,지클릭커 그릭 실리콘 팜레스트 키보드 손목받침대,0,0,0,0,"_풀배열_13,800|_텐키리스_11,000",0,0,0,0,0,0,0
100382819,지클릭커 슈퍼히어로 GK-510X 87 기계식 블랙,0,0,0,0,"갈축_26,800|_적축_26,800|_청축_26,790",0,0,0,0,0,0,0
7570486,지클릭커 슈퍼히어로 GMK-510X Special 키보드 마우스 세트 블랙,0,0,0,0,"적축_34,900|_갈축_34,900|_청축_34,900",0,0,0,0,0,0,0
31266785,지클릭커 슈퍼히어로 GMK-510X Special 키보드 마우스 세트 화이트,0,0,0,0,"적축_34,900|_갈축_34,900|_청축_34,900",0,0,0,0,0,0,0
60246542,지클릭커 슈퍼히어로 SPK87 무선 블루투스 기계식,0,0,0,0,"37,800",0,0,0,0,0,0,0
99914660,지클릭커 오피스 WMK55 움직이는 마카롱 무선 키보드 마우스 세트,0,0,0,0,"_블랙_18,800|핑크_18,800|_화이트_18,800",0,0,0,0,0,0,0
124364004,지클릭커 오피스프로 FD66,0,0,0,0,"_블랙_16,900|_샌드베이지_16,900|올리브그린_16,900|화이트_16,900",0,0,0,0,0,0,0
122643383,지클릭커 오피스프로 WK35,0,0,0,0,"_그린_29,800|_블랙_29,800|핑크_29,800|화이트_29,800",0,0,0,0,0,0,0
104963987,지클릭커 오피스프로 WMK629 스탠다드M 무선 키보드 마우스 세트,0,0,0,0,"그린_31,800|바닐라옐로우_31,800|_블랙_31,800|스카이블루_31,800|핑크_31,800|_화이트_31,800",0,0,0,0,0,0,0
123844874,지클릭커 오피스프로 WMS529 사일런스 M 무선 키보드 마우스 세트,0,0,0,0,"Coral_38,900|Greenwich_38,900|_Gundam_38,900|_Navy Blue_38,900|Poker Green_38,900|||",0,0,0,0,0,0,0
123844894,지클릭커 오피스프로 WMS529 사일런스 M 무선 키보드 마우스 장패드 세트,0,0,0,0,"_Coral_39,900|Greenwich_39,900|Gundam_39,900|Navy Blue_39,900|Poker Green_39,900|||_Sky Pink_39,900",0,0,0,0,0,0,0
18509540,코시 KB2157BT 블루투스,0,0,0,0,"17,810",0,0,0,0,0,0,0
74053913,코시 KBM2263BT 무선 키보드 마우스 세트,0,0,0,0,"31,140",0,0,0,0,0,0,0
14748998,쿨러마스터 CK352 기계식 키보드,0,0,0,0,"청축_56,350",0,0,0,0,0,0,0
28059362,쿨러마스터 CK570 Street Fighter 6 Chun-Li 기계식,0,0,0,0,"95,670",0,0,0,0,0,0,0
2671457,쿨러마스터 CM STORM QUICK FIRE RAPID-i,0,0,0,0,"청축_68,130",0,0,0,0,0,0,0
2447169,쿨러마스터 CM STORM QUICK FIRE TK STEALTH,0,0,0,0,"청축_60,260",0,0,0,0,0,0,0
6032018,쿨러마스터 MASTERKEYS MECHANICAL KEYCAP,0,0,0,0,"34,560",0,0,0,0,0,0,0
4385990,쿨러마스터 MASTERKEYS PRO M White LED,0,0,0,0,"청축_52,850",0,0,0,0,0,0,0
4120535,쿨러마스터 MasterKeys RGB PRO L,0,0,0,0,"청축_91,610",0,0,0,0,0,0,0
14208638,쿨러마스터 Wrist Rest WR531 풀사이즈 손목받침대,0,0,0,0,"11,720",0,0,0,0,0,0,0
58911248,크로셀 C-Flip Hybrid Touch 무선,0,0,0,0,"다크 그레이_54,800",0,0,0,0,0,0,0
102490862,크로셀 C-Flip Indigo 무선,0,0,0,0,"42,800",0,0,0,0,0,0,0
31372856,크로셀 C-Flip Sense Touch 블루투스,0,0,0,0,"44,300",0,0,0,0,0,0,0
79472687,티테크놀로지 청소 브러쉬,0,0,0,0,440,0,0,0,0,0,0,0
107991818,팬웨스트 PAN-BTK287 무선,0,0,0,0,"45,100",0,0,0,0,0,0,0
2756911,펠로우즈 I-Spire Rocking 손목받침대,0,0,0,0,"15,280",0,0,0,0,0,0,0
444315,펠로우즈 크리스탈 젤 손목받침대,0,0,0,0,"10,450",0,0,0,0,0,0,0
5706845,펠로우즈 플러쉬터치 손목받침대,0,0,0,0,"13,250",0,0,0,0,0,0,0
70002578,퓨전에프앤씨 INOTE PK602B 무선,0,0,0,0,"_잠만보_22,170|_피카츄_22,170",0,0,0,0,0,0,0
97304873,퓨전에프앤씨 INOTE X-Folding XK808B 무선,0,0,0,0,"48,710",0,0,0,0,0,0,0
7040395,퓨전에프앤씨 INOTE X-KEY 38BT,0,0,0,0,"_블랙_23,900|버터옐로우_23,900|핑크_23,900|_화이트_23,900",0,0,0,0,0,0,0
28470476,퓨전에프앤씨 카카오프렌즈 KFK100J 죠르디 무선 키보드,0,0,0,0,"42,800",0,0,0,0,0,0,0
124101590,프리플로우 Archon AK21 OSCAFE,0,0,0,0,"_블랙_18,900|_소다_18,900|화이트_18,900",0,0,0,0,0,0,0
101546051,프리플로우 Archon AK39 유무선,0,0,0,0,"_마에스트로_29,900|마카롱_29,900|_말차라떼_29,900|메카닉_29,900|블루오션_29,900|",0,0,0,0,0,0,0
105968156,프리플로우 F1 PRO MAX ART 유무선 기계식,0,0,0,0,"라벤더_89,900|_설빔_89,900|치즈냥_89,900|_푸댕이_89,900",0,0,0,0,0,0,0
92758790,프리플로우 F1 PRO MAX 유무선 기계식,0,0,0,0,"_메카닉_84,900|_마에스트로_84,900|블루오션_84,900",0,0,0,0,0,0,0
103517597,프리플로우 F1 PRO TKL 유무선 기계식,0,0,0,0,"마에스트로_79,900|_말차라떼_79,900|메카닉_84,900|_소다_79,900|이클립스_84,900",0,0,0,0,0,0,0
122655086,프리플로우 archon AK47 PRO 유무선 기계식 마시멜로우,0,0,0,0,"_경해축_87,900|세이야축_79,900|_저소음 눈송이축_85,900|저소음 블루축_85,900",0,0,0,0,0,0,0
122655107,프리플로우 archon AK47 PRO 유무선 기계식 메카닉,0,0,0,0,"경해축_87,900|세이야축_79,900|_저소음 눈송이축_85,900|_저소음 블루축_85,900",0,0,0,0,0,0,0
122655126,프리플로우 archon AK47 PRO 유무선 기계식 메카닉 블랙,0,0,0,0,"_경해축_87,900|세이야축_79,900|_저소음 눈송이축_85,900|저소음 블루축_85,900",0,0,0,0,0,0,0
67975925,프리플로우 archon AK47 유무선 기계식,0,0,0,0,"_B&W_67,000|마에스트로_65,000|_이클립스_57,000",0,0,0,0,0,0,0
122697481,프리플로우 archon AK55 BASIC 유무선 기계식 핑크블라썸,0,0,0,0,"_저소음 소나기축_69,900|_저소음 크리미축_69,900",0,0,0,0,0,0,0
98766410,프리플로우 archon AK68 DualDial 유무선 기계식,0,0,0,0,"더 블랙_69,900|딸기라떼_69,900|_말차라떼_69,900|바나나라떼_69,900|_블루오션_69,900|",0,0,0,0,0,0,0
122655175,프리플로우 archon AK74 PRO 유무선 기계식 마시멜로우,0,0,0,0,"경해축_97,900|세이야축_89,900|_저소음 눈송이축_95,900|_저소음 블루축_95,900",0,0,0,0,0,0,0
122655191,프리플로우 archon AK74 PRO 유무선 기계식 메카닉,0,0,0,0,"경해축_97,900|_세이야축_89,900|_저소음 눈송이축_95,900|저소음 블루축_95,900",0,0,0,0,0,0,0
122655203,프리플로우 archon AK74 PRO 유무선 기계식 메카닉 블랙,0,0,0,0,"_경해축_97,900|세이야축_89,900|저소음 눈송이축_95,900|_저소음 블루축_95,900",0,0,0,0,0,0,0
73428563,프리플로우 archon AK74 유무선 기계식,0,0,0,0,"_마카롱_77,000|_B&W_67,000|마에스트로_77,000|메카닉_80,000",0,0,0,0,0,0,0
48395258,프리플로우 archon E1 PRO MAX 동그리 8K 유무선 무접점,0,0,0,0,"ECLIPSE, 40g_99,000|ECLIPSE, 50g_99,000|MACARON_99,000|_MECHANIC, 40g_99,000|MECHANIC, 50g_99,000|_URANUS BLACK_99,000",0,0,0,0,0,0,0
59088428,프리플로우 archon E1 PRO MAX 유무선 무접점,0,0,0,0,"_SEOLBIM_139,000|_SOLDIER_139,000",0,0,0,0,0,0,0
48395186,프리플로우 archon E1 PRO MINI 동그리 8K 유무선 무접점,0,0,0,0,"_MACARON_79,000|_URANUS BLACK_79,000",0,0,0,0,0,0,0
48395315,프리플로우 archon E1 PRO 동그리 8K 유무선 무접점,0,0,0,0,"_MACARON_89,000|_URANUS BLACK_89,000",0,0,0,0,0,0,0
123993846,프리플로우 archon FX ULTRA 유무선 기계식 소다,0,0,0,0,"_부싯돌축_159,000|_저소음 디딤돌축_159,000",0,0,0,0,0,0,0
123993839,프리플로우 archon FX ULTRA 유무선 기계식 프로스트 블루,0,0,0,0,"_부싯돌축_159,000|_저소음 디딤돌축_159,000",0,0,0,0,0,0,0
122618737,프리플로우 archon M1 PRO 2 MAX,0,0,0,0,"_메카닉_89,000|_블랙_89,000|이클립스_89,000|화이트_89,000",0,0,0,0,0,0,0
122626178,프리플로우 archon M1 PRO 2 TKL,0,0,0,0,"메카닉_79,000|_블랙_79,000|_이클립스_79,000|화이트_79,000",0,0,0,0,0,0,0
124350187,프리플로우 archon M3 600 MAX 로얄블랙,0,0,0,0,"_저소음 퀵실버 V3축_119,900|_퀵실버 고스트축_119,900|탈론축_109,900",0,0,0,0,0,0,0
124350197,프리플로우 archon M3 600 MAX 블랙,0,0,0,0,"_저소음 퀵실버 V3축_119,900|퀵실버 고스트축_119,900|_탈론축_109,900",0,0,0,0,0,0,0
124350204,프리플로우 archon M3 600 MAX 소다,0,0,0,0,"_저소음 퀵실버 V3축_119,900|_퀵실버 고스트축_119,900|탈론축_109,900",0,0,0,0,0,0,0
124350211,프리플로우 archon M3 600 MAX 화이트,0,0,0,0,"_저소음 퀵실버 V3축_119,900|퀵실버 고스트축_119,900|_탈론축_109,900",0,0,0,0,0,0,0
124350273,프리플로우 archon M3 600 MINI 블랙,0,0,0,0,"_저소음 퀵실버 V3축_99,900|_퀵실버 고스트축_99,900|탈론축_89,900",0,0,0,0,0,0,0
124350277,프리플로우 archon M3 600 MINI 화이트,0,0,0,0,"_저소음 퀵실버 V3축_99,900|퀵실버 고스트축_99,900|_탈론축_89,900",0,0,0,0,0,0,0
124350234,프리플로우 archon M3 600 TKL 로얄블랙,0,0,0,0,"_저소음 퀵실버 V3축_109,900|_퀵실버 고스트축_109,900|탈론축_99,900",0,0,0,0,0,0,0
124350243,프리플로우 archon M3 600 TKL 블랙,0,0,0,0,"_저소음 퀵실버 V3축_109,900|_퀵실버 고스트축_109,900|탈론축_99,900",0,0,0,0,0,0,0
124350247,프리플로우 archon M3 600 TKL 소다,0,0,0,0,"_저소음 퀵실버 V3축_109,900|_퀵실버 고스트축_109,900|탈론축_99,900",0,0,0,0,0,0,0
124350253,프리플로우 archon M3 600 TKL 화이트,0,0,0,0,"_저소음 퀵실버 V3축_109,900|_퀵실버 고스트축_109,900|탈론축_99,900",0,0,0,0,0,0,0
123589362,프리플로우 archon MX ULTRA 소다,0,0,0,0,"_저소음 퀵실버축_159,000|_퀵실버 고스트축_159,000",0,0,0,0,0,0,0
123589333,프리플로우 archon MX ULTRA 프로스트블루,0,0,0,0,"_저소음 퀵실버축_159,000|_퀵실버 고스트축_159,000",0,0,0,0,0,0,0
101078648,프리플로우 archon UX Flat Max 유무선,0,0,0,0,"_그레이_39,900|라벤더_39,900|_사군자_39,900|치즈냥_39,900",0,0,0,0,0,0,0
124350290,프리플로우 archon 실리콘 팜레스트 MAX,0,0,0,0,"9,900",0,0,0,0,0,0,0
124350294,프리플로우 archon 실리콘 팜레스트 TKL,0,0,0,0,"9,900",0,0,0,0,0,0,0
7283581,플레오맥스 AVEC-101M 무선 미니 키보드 마우스 세트,0,0,0,0,"_블랙_32,560|_화이트_32,560",0,0,0,0,0,0,0
28085669,플레오맥스 AVEC-WMK100 무선 키보드 마우스 세트,0,0,0,0,"12,800",0,0,0,0,0,0,0
7265548,플레오맥스 AVEC-WMK210 무선 키보드 마우스 세트,0,0,0,0,"_블랙_16,550|_화이트_16,110",0,0,0,0,0,0,0
6288436,플레오맥스 PEK-N1000 인체공학 키보드,0,0,0,0,"41,000",0,0,0,0,0,0,0
17116970,플레오맥스 PEK-N2000 무선 트랙볼 키보드,0,0,0,0,"47,000",0,0,0,0,0,0,0
15522395,플레오맥스 PEK-N5000 무선 인체공학 키보드 마우스 세트,0,0,0,0,"58,800",0,0,0,0,0,0,0
28059743,플레오맥스 PKC-500U 키보드 마우스 세트,0,0,0,0,"6,300",0,0,0,0,0,0,0
124326890,필립스 SPT6228 키보드 마우스 세트,0,0,0,0,"15,090",0,0,0,0,0,0,0
59921018,필립스 SPT6318 무선 키보드 마우스 세트,0,0,0,0,"_블랙_23,800|_화이트_23,800",0,0,0,0,0,0,0
62635232,필립스 SPT6338 무선 키보드 마우스 세트,0,0,0,0,"_그레이_29,800|_그린_29,800|화이트_29,800",0,0,0,0,0,0,0
102550070,한성컴퓨터 GK101 OfficeMaster,0,0,0,0,"_로얄블랙_18,800|_말차라떼_18,800",0,0,0,0,0,0,0
96984917,한성컴퓨터 GK104 유무선,0,0,0,0,"_말차크림_28,900|머랭_28,900|_스페이스 블랙_28,900|퍼플하트_28,900",0,0,0,0,0,0,0
75596732,한성컴퓨터 GK204 기계식,0,0,0,0,"레트로_26,900|_블랙_23,900|_화이트_23,900",0,0,0,0,0,0,0
78843032,한성컴퓨터 GK694 OfficeMaster 유무선,0,0,0,0,"머랭_34,900|_그라파이트 블랙_34,900|_레트로 포인트_34,900|코튼 캔디_34,900",0,0,0,0,0,0,0
72752519,한성컴퓨터 GK698 OfficeMaster 유무선,0,0,0,0,"_RETRO POINT_39,900|COTTON CANDY_39,900|GRAPHITE BLACK_42,000|_MERINGUE_39,900|ROYAL BLACK_39,900",0,0,0,0,0,0,0
78998954,한성컴퓨터 GK798PRO 유무선 기계식 오션 화이트,0,0,0,0,"_딥블루 뽀송_69,900|KTT블루 포각_69,900|라벤더 또각_62,900|문라이트 도독_66,900|_브라운슈가 토독_69,900|",0,0,0,0,0,0,0
47600318,한성컴퓨터 GK893B PRO 동그리 8K 유무선 무접점,0,0,0,0,"MERINGUE, 35g_160,250|MERINGUE, 45g_160,250|RETRO POINT, 35g_139,000|RETRO POINT, 45g_139,000|_VENUS NAVY, 35g_139,000|_VENUS NAVY, 45g_139,000",0,0,0,0,0,0,0
32888297,한성컴퓨터 GK893B PRO 염료승화 EDITION 유무선 무접점,0,0,0,0,"CAMPING_149,000|_INTERSTELLAR_149,000|Purple Heart_149,000|_SURFYY_149,000",0,0,0,0,0,0,0
32887850,한성컴퓨터 GK898B PRO 염료승화 EDITION 유무선 무접점,0,0,0,0,"_CAMPING_159,000|_INTERSTELLAR_159,000|Purple Heart_159,000|SURFYY_159,000",0,0,0,0,0,0,0
6523571,한성컴퓨터 GTune GK638 Optik RGB 축교환 광축 게이밍,0,0,0,0,"블랙, 클릭_32,120",0,0,0,0,0,0,0
21200483,한성컴퓨터 LKM500 Win/Mac 전환 무선 키보드 마우스 세트,0,0,0,0,"블랙_25,900|_퍼플_25,900|핑크_25,900|_화이트_25,900",0,0,0,0,0,0,0
91347779,한성컴퓨터 TFG Cloud Max CF 동그리 유무선 기계식 스페이스 블랙,0,0,0,0,"_크림치즈 또각_84,000|_KTT블루 포각_89,300|로즈핑크 도각_84,000|문라이트 도독_94,000",0,0,0,0,0,0,0
91348451,한성컴퓨터 TFG Cloud Max CF 염료승화 유무선 기계식 멀티파스텔,0,0,0,0,"_브라운슈가 토독_94,000|_KTT블루 포각_94,000|로즈핑크 도각_84,000|문라이트 도독_94,000|크림치즈 또각_84,000",0,0,0,0,0,0,0
91348532,한성컴퓨터 TFG Cloud Max CF 염료승화 유무선 기계식 서피,0,0,0,0,"_KTT블루 포각_94,000|로즈핑크 도각_84,000|_문라이트 도독_94,000|크림치즈 또각_89,000",0,0,0,0,0,0,0
93862106,한성컴퓨터 TFG Cloud Max CL 유무선 기계식 모카코코아,0,0,0,0,"KTT블루 포각_84,000|로즈핑크 도각_74,000|_문라이트 도독_94,000|브라운슈가 토독_84,000|_크림치즈 또각_89,000",0,0,0,0,0,0,0
123031564,한성컴퓨터 TFG Cloud Max CL 유무선 기계식 블루베리 스무디,0,0,0,0,"_KTT블루 포각_84,000|_브라운슈가 토독_84,000",0,0,0,0,0,0,0
93861959,한성컴퓨터 TFG Cloud Max CL 유무선 기계식 써피,0,0,0,0,"_KTT블루 포각_84,000|로즈핑크 도각_79,000|문라이트 도독_84,000|_브라운슈가 토독_84,000|크림치즈 또각_74,000",0,0,0,0,0,0,0
109680410,한성컴퓨터 TFG Magnetox 2XF,0,0,0,0,"_그레이레이니_91,000|멀티파스텔_91,000|_쿠키앤크림_91,000|픽셀_91,000",0,0,0,0,0,0,0
122709273,한성컴퓨터 TFG Magnetox 2XF 저소음,0,0,0,0,"_그레이레이니_101,000|멀티파스텔_101,000|_쿠키앤크림_101,000|픽셀_101,000",0,0,0,0,0,0,0
122709288,한성컴퓨터 TFG Magnetox 2XL,0,0,0,0,"_그레이레이니_81,000|멀티파스텔_81,000|_쿠키앤크림_81,000|픽셀_81,000",0,0,0,0,0,0,0
122709290,한성컴퓨터 TFG Magnetox 2XL 저소음,0,0,0,0,"그레이레이니_91,000|멀티파스텔_91,000|_쿠키앤크림_91,000|_픽셀_91,000",0,0,0,0,0,0,0
124152610,한성컴퓨터 TFG Magnetox 2XL 저소음 픽셀 더블 키캡 에디션,0,0,0,0,"96,000",0,0,0,0,0,0,0
124152608,한성컴퓨터 TFG Magnetox 2XL 픽셀 더블 키캡 에디션,0,0,0,0,"86,000",0,0,0,0,0,0,0
