Id,Name,2026-10-01 09:29:06,2026-10-02 01:16:49,2026-10-02 09:39:45,2026-10-03 00:40:07,2026-10-03 09:21:44,2026-10-03 23:15:39,2026-10-04 08:43:37,2026-10-04 23:45:34,2026-10-05 08:56:45,2026-10-06 03:15:13,2026-10-06 10:44:51,2026-10-07 00:50:31,2026-10-07 09:33:50,2026-10-08 01:18:27,2026-10-08 09:54:40,2026-10-09 01:19:19,2026-10-09 10:08:16,2026-10-10 01:03:39
16275866,A320 (중고),0,0,0,0,0,0,0,"39,400","39,400",0,0,0,0,0,0,0,0,0
124199122,ADVANTECH ASMB-981T2-00A1 아이보라,0,0,0,0,0,0,0,"2,742,810","2,742,810",0,0,0,0,0,0,0,0,0
10864752,ASRock A320M-HDVP 디앤디컴,0,0,0,0,0,0,0,"150,000","150,000",0,0,0,0,0,0,0,0,0
18403331,ASRock A520M-HDV 대원씨티에스,0,0,0,0,0,0,0,"69,890","69,890",0,0,0,0,0,0,0,0,0
12092663,ASRock A520M-HDV 디앤디컴,0,0,0,0,0,0,0,"66,850","66,850",0,0,0,0,0,0,0,0,0
12130286,ASRock A520M-HDV 에즈윈,0,0,0,0,0,0,0,"65,870","65,870",0,0,0,0,0,0,0,0,0
25213067,ASRock A520M-HDV 에즈윈 (벌크),0,0,0,0,0,0,0,"67,240","67,240",0,0,0,0,0,0,0,0,0
77706989,ASRock A520M-HVS 대원씨티에스,0,0,0,0,0,0,0,"52,730","52,720",0,0,0,0,0,0,0,0,0
12121013,ASRock A520M-ITX/ac 디앤디컴,0,0,0,0,0,0,0,"173,420","173,420",0,0,0,0,0,0,0,0,0
97565858,ASRock A620AI WiFi 대원씨티에스,0,0,0,0,0,0,0,"226,600","226,600",0,0,0,0,0,0,0,0,0
92108180,ASRock A620AM-HVS 대원씨티에스,0,0,0,0,0,0,0,"100,720","100,720",0,0,0,0,0,0,0,0,0
92149667,ASRock A620AM-HVS 디앤디컴,0,0,0,0,0,0,0,"90,330","90,330",0,0,0,0,0,0,0,0,0
92360591,ASRock A620AM-HVS 에즈윈,0,0,0,0,0,0,0,"90,740","90,740",0,0,0,0,0,0,0,0,0
1357994,ASRock A780GM-LE (중고),0,0,0,0,0,0,0,"46,000","46,000",0,0,0,0,0,0,0,0,0
6017713,ASRock B360M PRO4 디앤디컴,0,0,0,0,0,0,0,"146,000","146,000",0,0,0,0,0,0,0,0,0
6494014,ASRock B450 PRO4 디앤디컴,0,0,0,0,0,0,0,"166,000","166,000",0,0,0,0,0,0,0,0,0
7097008,ASRock B450M 스틸레전드 디앤디컴,0,0,0,0,0,0,0,"157,000","157,000",0,0,0,0,0,0,0,0,0
29879357,ASRock B450M-HDV R4.0 대원씨티에스,0,0,0,0,0,0,0,"980,000","980,000",0,0,0,0,0,0,0,0,0
93382583,ASRock B550M Phantom Gaming 4 + WiFi6E 랜카드 패키지 디앤디컴,0,0,0,0,0,0,0,"136,530","136,530",0,0,0,0,0,0,0,0,0
122618520,ASRock B550M Phantom Gaming 4 + WiFi7 랜카드 패키지 디앤디컴,0,0,0,0,0,0,0,"153,380","153,380",0,0,0,0,0,0,0,0,0
19627397,ASRock B550M Phantom Gaming 4 대원씨티에스,0,0,0,0,0,0,0,"109,700","109,700",0,0,0,0,0,0,0,0,0
12487823,ASRock B550M Phantom Gaming 4 디앤디컴,0,0,0,0,0,0,0,"110,740","110,740",0,0,0,0,0,0,0,0,0
12464213,ASRock B550M Phantom Gaming 4 에즈윈,0,0,0,0,0,0,0,"110,750","110,750",0,0,0,0,0,0,0,0,0
49538822,ASRock B550M Pro RS + WiFi6E 랜카드 패키지 디앤디컴,0,0,0,0,0,0,0,"158,820","158,820",0,0,0,0,0,0,0,0,0
122618538,ASRock B550M Pro RS + WiFi7 랜카드 패키지 디앤디컴,0,0,0,0,0,0,0,"173,430","173,430",0,0,0,0,0,0,0,0,0
49995851,ASRock B550M Pro RS 대원씨티에스,0,0,0,0,0,0,0,"121,330","121,310",0,0,0,0,0,0,0,0,0
49162646,ASRock B550M Pro RS 디앤디컴,0,0,0,0,0,0,0,"120,130","120,130",0,0,0,0,0,0,0,0,0
49740182,ASRock B550M Pro RS 에즈윈,0,0,0,0,0,0,0,"123,000","123,000",0,0,0,0,0,0,0,0,0
122829100,ASRock B550M Pro-A + WiFi6E 랜카드 패키지 디앤디컴,0,0,0,0,0,0,0,"142,070","142,070",0,0,0,0,0,0,0,0,0
108398135,ASRock B550M Pro-A 대원씨티에스,0,0,0,0,0,0,0,"107,900","107,900",0,0,0,0,0,0,0,0,0
122726258,ASRock B550M Pro-A 디앤디컴,0,0,0,0,0,0,0,"115,930","115,930",0,0,0,0,0,0,0,0,0
13289012,ASRock B560 PRO4 에즈윈,0,0,0,0,0,0,0,"246,000","246,000",0,0,0,0,0,0,0,0,0
13289171,ASRock B560M PRO4 에즈윈,0,0,0,0,0,0,0,"226,000","226,000",0,0,0,0,0,0,0,0,0
19754957,ASRock B560M-HDV/M.2 디앤디컴,0,0,0,0,0,0,0,"156,000","156,000",0,0,0,0,0,0,0,0,0
17971196,ASRock B650 PG Lightning 디앤디컴,0,0,0,0,0,0,0,"359,000","359,000",0,0,0,0,0,0,0,0,0
19648718,ASRock B650 Pro RS + WiFi6E 모듈 패키지 디앤디컴,0,0,0,0,0,0,0,"379,320","379,320",0,0,0,0,0,0,0,0,0
17971202,ASRock B650 Pro RS 디앤디컴,0,0,0,0,0,0,0,"379,000","379,000",0,0,0,0,0,0,0,0,0
17971247,ASRock B650 Pro RS 에즈윈,0,0,0,0,0,0,0,"379,000","379,000",0,0,0,0,0,0,0,0,0
72304610,ASRock B650 스틸레전드 WiFi 대원씨티에스,0,0,0,0,0,0,0,"220,490","220,490",0,0,0,0,0,0,0,0,0
64394135,ASRock B650 스틸레전드 WiFi 디앤디컴,0,0,0,0,0,0,0,"207,410","207,410",0,0,0,0,0,0,0,0,0
18007478,ASRock B650E PG Riptide WiFi 대원씨티에스,0,0,0,0,0,0,0,"355,100","355,100",0,0,0,0,0,0,0,0,0
18007499,ASRock B650E 스틸레전드 WiFi 대원씨티에스,0,0,0,0,0,0,0,"438,970","438,970",0,0,0,0,0,0,0,0,0
30167879,ASRock B650M PG Lightning + WiFi6E 모듈 패키지 디앤디컴,0,0,0,0,0,0,0,"136,830","136,830",0,0,0,0,0,0,0,0,0
30622283,ASRock B650M PG Lightning + WiFi6E 모듈 패키지 에즈윈,0,0,0,0,0,0,0,"185,410","182,910",0,0,0,0,0,0,0,0,0
46742996,ASRock B650M PG Lightning WiFi 디앤디컴,0,0,0,0,0,0,0,"170,000","170,000",0,0,0,0,0,0,0,0,0
30300260,ASRock B650M PG Lightning 대원씨티에스,0,0,0,0,0,0,0,"117,410","117,410",0,0,0,0,0,0,0,0,0
29908775,ASRock B650M PG Lightning 디앤디컴,0,0,0,0,0,0,0,"111,480","111,480",0,0,0,0,0,0,0,0,0
28603964,ASRock B650M PG Lightning 에즈윈,0,0,0,0,0,0,0,"129,000","129,000",0,0,0,0,0,0,0,0,0
63269363,ASRock B650M PG Riptide WiFi White 디앤디컴,0,0,0,0,0,0,0,"248,490","248,490",0,0,0,0,0,0,0,0,0
62791640,ASRock B650M PG Riptide WiFi White 에즈윈,0,0,0,0,0,0,0,"218,430","218,430",0,0,0,0,0,0,0,0,0
17971604,ASRock B650M PG Riptide 대원씨티에스,0,0,0,0,0,0,0,"177,600","177,600",0,0,0,0,0,0,0,0,0
17971253,ASRock B650M PG Riptide 에즈윈,0,0,0,0,0,0,0,"299,000","299,000",0,0,0,0,0,0,0,0,0
124183411,ASRock B650M PRO-A Gen5 + WiFi6E 모듈 패키지 디앤디컴,0,0,0,0,0,0,0,"164,010","164,010",0,0,0,0,0,0,0,0,0
124183390,ASRock B650M PRO-A Gen5 + WiFi7 모듈 패키지 디앤디컴,0,0,0,0,0,0,0,"182,790","182,790",0,0,0,0,0,0,0,0,0
122699502,ASRock B650M PRO-A Gen5 대원씨티에스,0,0,0,0,0,0,0,"127,000","127,000",0,0,0,0,0,0,0,0,0
122697250,ASRock B650M PRO-A Gen5 디앤디컴,0,0,0,0,0,0,0,"128,900","128,900",0,0,0,0,0,0,0,0,0
21627827,ASRock B650M Pro RS 대원씨티에스,0,0,0,0,0,0,0,"165,000","165,000",0,0,0,0,0,0,0,0,0
93702833,ASRock B650M Pro X3D WiFi 대원씨티에스,0,0,0,0,0,0,0,"178,960","178,950",0,0,0,0,0,0,0,0,0
77786621,ASRock B650M Pro X3D WiFi 디앤디컴,0,0,0,0,0,0,0,"173,400","173,400",0,0,0,0,0,0,0,0,0
93317309,ASRock B650M Pro X3D WiFi 에즈윈,0,0,0,0,0,0,0,"178,990","178,990",0,0,0,0,0,0,0,0,0
77706647,ASRock B650M Pro X3D 대원씨티에스,0,0,0,0,0,0,0,"130,740","130,740",0,0,0,0,0,0,0,0,0
77786816,ASRock B650M Pro X3D 디앤디컴,0,0,0,0,0,0,0,"133,400","133,400",0,0,0,0,0,0,0,0,0
76509641,ASRock B650M Pro X3D 에즈윈,0,0,0,0,0,0,0,"125,080","125,080",0,0,0,0,0,0,0,0,0
19536692,ASRock B650M-HDV/M.2 에즈윈,0,0,0,0,0,0,0,"186,680","186,680",0,0,0,0,0,0,0,0,0
16089554,ASRock B660M Pro RS D4 에즈윈,0,0,0,0,0,0,0,"196,000","196,000",0,0,0,0,0,0,0,0,0
16094537,ASRock B660M-HDV D4 디앤디컴,0,0,0,0,0,0,0,"156,000","156,000",0,0,0,0,0,0,0,0,0
2951174,ASRock B75M (중고),0,0,0,0,0,0,0,"20,000","20,000",0,0,0,0,0,0,0,0,0
18646154,ASRock B760M PG SONIC WiFi D5 에즈윈,0,0,0,0,0,0,0,"180,000","180,000",0,0,0,0,0,0,0,0,0
20103287,ASRock B760M Pro RS D5 + WiFi6E 모듈 패키지 디앤디컴,0,0,0,0,0,0,0,"184,080","184,090",0,0,0,0,0,0,0,0,0
30638927,ASRock B760M Pro RS D5 + WiFi6E 모듈 패키지 에즈윈,0,0,0,0,0,0,0,"225,000","225,000",0,0,0,0,0,0,0,0,0
31959920,ASRock B760M Pro RS D5 + WiFi7 모듈 패키지 디앤디컴,0,0,0,0,0,0,0,"202,970","202,970",0,0,0,0,0,0,0,0,0
19498640,ASRock B760M Pro RS D5 디앤디컴,0,0,0,0,0,0,0,"152,090","152,090",0,0,0,0,0,0,0,0,0
19536062,ASRock B760M Pro RS D5 에즈윈,0,0,0,0,0,0,0,"148,500","148,500",0,0,0,0,0,0,0,0,0
69469049,ASRock B760M Pro RS D5 인텍앤컴퍼니,0,0,0,0,0,0,0,"146,530","146,530",0,0,0,0,0,0,0,0,0
40895255,ASRock B760M Pro-A 에즈윈,0,0,0,0,0,0,0,"171,500","171,500",0,0,0,0,0,0,0,0,0
106717613,ASRock B760M Pro-A 에즈윈 (벌크),0,0,0,0,0,0,0,"134,490","134,490",0,0,0,0,0,0,0,0,0
69468977,ASRock B760M Pro-A 인텍앤컴퍼니,0,0,0,0,0,0,0,"129,000","129,000",0,0,0,0,0,0,0,0,0
122678463,ASRock B760M Pro-A/D4 + WiFi6E 모듈 패키지 디앤디컴,0,0,0,0,0,0,0,"164,000","164,000",0,0,0,0,0,0,0,0,0
122678434,ASRock B760M Pro-A/D4 + WiFi7 모듈 패키지 디앤디컴,0,0,0,0,0,0,0,"185,950","185,950",0,0,0,0,0,0,0,0,0
106749107,ASRock B760M Pro-A/D4 디앤디컴,0,0,0,0,0,0,0,"128,900","128,900",0,0,0,0,0,0,0,0,0
109483313,ASRock B760M Pro-A/D4 에즈윈,0,0,0,0,0,0,0,"129,200","129,200",0,0,0,0,0,0,0,0,0
20536331,ASRock B760M-HDVP D5 에즈윈 (벌크),0,0,0,0,0,0,0,"121,320","121,320",0,0,0,0,0,0,0,0,0
99714806,ASRock B760M-X Gen5 에즈윈 (벌크),0,0,0,0,0,0,0,"123,900","123,900",0,0,0,0,0,0,0,0,0
97702355,ASRock B850 Challenger WiFi 7 White 대원씨티에스,0,0,0,0,0,0,0,"249,350","249,350",0,0,0,0,0,0,0,0,0
99054896,ASRock B850 Challenger WiFi 7 White 디앤디컴,0,0,0,0,0,0,0,"241,530","241,530",0,0,0,0,0,0,0,0,0
100383200,ASRock B850 Challenger WiFi 7 White 에즈윈,0,0,0,0,0,0,0,"266,650","266,650",0,0,0,0,0,0,0,0,0
97702418,ASRock B850 Challenger WiFi 7 대원씨티에스,0,0,0,0,0,0,0,"254,150","254,150",0,0,0,0,0,0,0,0,0
74250353,ASRock B850 LiveMixer WiFi 대원씨티에스,0,0,0,0,0,0,0,"278,000","278,000",0,0,0,0,0,0,0,0,0
75939005,ASRock B850 Pro RS WiFi 대원씨티에스,0,0,0,0,0,0,0,"251,820","251,820",0,0,0,0,0,0,0,0,0
74340596,ASRock B850 Pro RS WiFi 디앤디컴,0,0,0,0,0,0,0,"250,790","250,790",0,0,0,0,0,0,0,0,0
73952600,ASRock B850 Pro RS WiFi 에즈윈,0,0,0,0,0,0,0,"240,400","240,400",0,0,0,0,0,0,0,0,0
73952525,ASRock B850 Pro RS 에즈윈,0,0,0,0,0,0,0,"235,400","241,430",0,0,0,0,0,0,0,0,0
79410761,ASRock B850 Pro-A WiFi 디앤디컴,0,0,0,0,0,0,0,"210,930","210,930",0,0,0,0,0,0,0,0,0
78990293,ASRock B850 Pro-A WiFi 에즈윈,0,0,0,0,0,0,0,"233,480","230,510",0,0,0,0,0,0,0,0,0
74250455,ASRock B850 Pro-A 대원씨티에스,0,0,0,0,0,0,0,"218,310","218,310",0,0,0,0,0,0,0,0,0
74341610,ASRock B850 Pro-A 디앤디컴,0,0,0,0,0,0,0,"211,270","211,270",0,0,0,0,0,0,0,0,0
74999933,ASRock B850 Pro-A 에즈윈,0,0,0,0,0,0,0,"220,010","220,010",0,0,0,0,0,0,0,0,0
74250557,ASRock B850 Riptide WiFi 대원씨티에스,0,0,0,0,0,0,0,"295,190","295,190",0,0,0,0,0,0,0,0,0
107958404,ASRock B850 Rock WiFi 7 대원씨티에스,0,0,0,0,0,0,0,"230,390","230,390",0,0,0,0,0,0,0,0,0
122694871,ASRock B850 Rock WiFi 7 디앤디컴,0,0,0,0,0,0,0,"231,890","231,890",0,0,0,0,0,0,0,0,0
106717493,ASRock B850 Rock WiFi 7 에즈윈,0,0,0,0,0,0,0,"228,750","228,750",0,0,0,0,0,0,0,0,0
74340710,ASRock B850 스틸레전드 WiFi 디앤디컴,0,0,0,0,0,0,0,"278,920","278,920",0,0,0,0,0,0,0,0,0
77278937,ASRock B850 스틸레전드 WiFi 에즈윈,0,0,0,0,0,0,0,"287,770","287,770",0,0,0,0,0,0,0,0,0
77278676,ASRock B850I Lightning WiFi 대원씨티에스,0,0,0,0,0,0,0,"335,210","335,210",0,0,0,0,0,0,0,0,0
73952591,ASRock B850I Lightning WiFi 에즈윈,0,0,0,0,0,0,0,"338,770","338,770",0,0,0,0,0,0,0,0,0
107956478,ASRock B850M Challenger WiFi 7 White 대원씨티에스,0,0,0,0,0,0,0,"239,330","239,330",0,0,0,0,0,0,0,0,0
107768525,ASRock B850M Challenger WiFi 7 White 디앤디컴,0,0,0,0,0,0,0,"224,640","224,640",0,0,0,0,0,0,0,0,0
106728485,ASRock B850M Challenger WiFi 7 White 에즈윈,0,0,0,0,0,0,0,"242,250","242,250",0,0,0,0,0,0,0,0,0
93804581,ASRock B850M Pro Plus WiFi 디앤디컴,0,0,0,0,0,0,0,"212,110","212,110",0,0,0,0,0,0,0,0,0
78534680,ASRock B850M Pro RS + WiFi6E 모듈 패키지 디앤디컴,0,0,0,0,0,0,0,"250,800","250,800",0,0,0,0,0,0,0,0,0
94028396,ASRock B850M Pro RS WiFi WHITE 대원씨티에스,0,0,0,0,0,0,0,"198,030","198,030",0,0,0,0,0,0,0,0,0
93803822,ASRock B850M Pro RS WiFi WHITE 디앤디컴,0,0,0,0,0,0,0,"200,580","200,580",0,0,0,0,0,0,0,0,0
75600851,ASRock B850M Pro RS WiFi 디앤디컴,0,0,0,0,0,0,0,"207,990","207,990",0,0,0,0,0,0,0,0,0
73952732,ASRock B850M Pro RS WiFi 에즈윈,0,0,0,0,0,0,0,"208,590","208,590",0,0,0,0,0,0,0,0,0
75538394,ASRock B850M Pro RS 대원씨티에스,0,0,0,0,0,0,0,"196,980","196,980",0,0,0,0,0,0,0,0,0
75600842,ASRock B850M Pro RS 디앤디컴,0,0,0,0,0,0,0,"198,440","198,440",0,0,0,0,0,0,0,0,0
73952729,ASRock B850M Pro RS 에즈윈,0,0,0,0,0,0,0,"196,250","202,490",0,0,0,0,0,0,0,0,0
75540665,ASRock B850M Pro-A WiFi 대원씨티에스,0,0,0,0,0,0,0,"184,990","184,990",0,0,0,0,0,0,0,0,0
79553249,ASRock B850M Pro-A WiFi 디앤디컴,0,0,0,0,0,0,0,"178,600","178,600",0,0,0,0,0,0,0,0,0
74341325,ASRock B850M Pro-A WiFi 에즈윈,0,0,0,0,0,0,0,"191,360","193,520",0,0,0,0,0,0,0,0,0
75538754,ASRock B850M Pro-A 대원씨티에스,0,0,0,0,0,0,0,"282,130","282,130",0,0,0,0,0,0,0,0,0
75724184,ASRock B850M Pro-A 디앤디컴,0,0,0,0,0,0,0,"159,800","159,800",0,0,0,0,0,0,0,0,0
74341163,ASRock B850M Pro-A 에즈윈,0,0,0,0,0,0,0,"165,030","165,030",0,0,0,0,0,0,0,0,0
77705072,ASRock B850M Riptide WiFi 대원씨티에스,0,0,0,0,0,0,0,"247,020","247,020",0,0,0,0,0,0,0,0,0
107960645,ASRock B850M Rock WiFi 대원씨티에스,0,0,0,0,0,0,0,"178,230","178,230",0,0,0,0,0,0,0,0,0
122694865,ASRock B850M Rock WiFi 디앤디컴,0,0,0,0,0,0,0,"190,780","190,780",0,0,0,0,0,0,0,0,0
106717577,ASRock B850M Rock WiFi 에즈윈,0,0,0,0,0,0,0,"189,050","189,050",0,0,0,0,0,0,0,0,0
77704688,ASRock B850M 스틸레전드 WiFi 대원씨티에스,0,0,0,0,0,0,0,"234,990","234,990",0,0,0,0,0,0,0,0,0
78102476,ASRock B850M 스틸레전드 WiFi 디앤디컴,0,0,0,0,0,0,0,"219,420","219,420",0,0,0,0,0,0,0,0,0
74341418,ASRock B850M 스틸레전드 WiFi 에즈윈,0,0,0,0,0,0,0,"235,400","232,900",0,0,0,0,0,0,0,0,0
79556738,ASRock B850M-X R2.0 대원씨티에스,0,0,0,0,0,0,0,"158,530","158,530",0,0,0,0,0,0,0,0,0
79553456,ASRock B850M-X R2.0 디앤디컴,0,0,0,0,0,0,0,"146,170","146,170",0,0,0,0,0,0,0,0,0
82093181,ASRock B850M-X R2.0 에즈윈,0,0,0,0,0,0,0,"155,150","155,150",0,0,0,0,0,0,0,0,0
74341787,ASRock B850M-X 디앤디컴,0,0,0,0,0,0,0,"147,390","147,390",0,0,0,0,0,0,0,0,0
5994057,ASRock B85M PRO4 (중고),0,0,0,0,0,0,0,"34,780","34,780",0,0,0,0,0,0,0,0,0
74116181,ASRock B860 LiveMixer WiFi 인텍앤컴퍼니,0,0,0,0,0,0,0,"276,490","273,990",0,0,0,0,0,0,0,0,0
75935651,ASRock B860 Pro RS WiFi 디앤디컴,0,0,0,0,0,0,0,"236,000","236,000",0,0,0,0,0,0,0,0,0
74415509,ASRock B860 Pro RS WiFi 에즈윈,0,0,0,0,0,0,0,"261,110","261,110",0,0,0,0,0,0,0,0,0
74415482,ASRock B860 Pro RS 에즈윈,0,0,0,0,0,0,0,"251,600","251,600",0,0,0,0,0,0,0,0,0
82470941,ASRock B860 Pro-A WiFi 에즈윈,0,0,0,0,0,0,0,"240,630","240,630",0,0,0,0,0,0,0,0,0
92360492,ASRock B860 Pro-A 에즈윈,0,0,0,0,0,0,0,"227,480","227,480",0,0,0,0,0,0,0,0,0
106748744,ASRock B860 Rock WiFi 7 디앤디컴,0,0,0,0,0,0,0,"222,520","222,520",0,0,0,0,0,0,0,0,0
106728086,ASRock B860 Rock WiFi 7 에즈윈,0,0,0,0,0,0,0,"223,510","223,510",0,0,0,0,0,0,0,0,0
122642347,ASRock B860 Rock WiFi7 인텍앤컴퍼니,0,0,0,0,0,0,0,"221,520","221,520",0,0,0,0,0,0,0,0,0
74116589,ASRock B860 스틸레전드 WiFi 인텍앤컴퍼니,0,0,0,0,0,0,0,"399,000","399,000",0,0,0,0,0,0,0,0,0
75935729,ASRock B860I WiFi 디앤디컴,0,0,0,0,0,0,0,"267,000","267,000",0,0,0,0,0,0,0,0,0
74491295,ASRock B860I WiFi 에즈윈,0,0,0,0,0,0,0,"282,100","282,100",0,0,0,0,0,0,0,0,0
122726205,ASRock B860M Challenger WiFi 7 White 디앤디컴,0,0,0,0,0,0,0,"250,780","250,780",0,0,0,0,0,0,0,0,0
74116334,ASRock B860M LiveMixer WiFi 인텍앤컴퍼니,0,0,0,0,0,0,0,"203,440","203,450",0,0,0,0,0,0,0,0,0
75935612,ASRock B860M Pro RS WiFi 디앤디컴,0,0,0,0,0,0,0,"212,050","212,050",0,0,0,0,0,0,0,0,0
74415038,ASRock B860M Pro RS WiFi 에즈윈,0,0,0,0,0,0,0,"211,670","211,670",0,0,0,0,0,0,0,0,0
74121977,ASRock B860M Pro RS WiFi 인텍앤컴퍼니,0,0,0,0,0,0,0,"217,500","217,500",0,0,0,0,0,0,0,0,0
74422025,ASRock B860M Pro RS 디앤디컴,0,0,0,0,0,0,0,"206,860","206,860",0,0,0,0,0,0,0,0,0
74013710,ASRock B860M Pro RS 에즈윈,0,0,0,0,0,0,0,"202,490","202,490",0,0,0,0,0,0,0,0,0
102412697,ASRock B860M Pro-A 디앤디컴,0,0,0,0,0,0,0,"169,230","169,230",0,0,0,0,0,0,0,0,0
98415419,ASRock B860M Pro-A 에즈윈,0,0,0,0,0,0,0,"171,550","171,550",0,0,0,0,0,0,0,0,0
75856643,ASRock B860M Pro-A 인텍앤컴퍼니,0,0,0,0,0,0,0,"184,990","185,000",0,0,0,0,0,0,0,0,0
122694855,ASRock B860M Rock WiFi 디앤디컴,0,0,0,0,0,0,0,"180,300","180,300",0,0,0,0,0,0,0,0,0
106728191,ASRock B860M Rock WiFi 에즈윈,0,0,0,0,0,0,0,"190,620","190,620",0,0,0,0,0,0,0,0,0
108456887,ASRock B860M Rock WiFi 인텍앤컴퍼니,0,0,0,0,0,0,0,"191,480","191,480",0,0,0,0,0,0,0,0,0
75935675,ASRock B860M 스틸레전드 WiFi 디앤디컴,0,0,0,0,0,0,0,"262,910","263,750",0,0,0,0,0,0,0,0,0
74116682,ASRock B860M 스틸레전드 WiFi 인텍앤컴퍼니,0,0,0,0,0,0,0,"263,520","263,520",0,0,0,0,0,0,0,0,0
122620820,ASRock B860M-HDVP 에즈윈 (벌크),0,0,0,0,0,0,0,"146,670","146,670",0,0,0,0,0,0,0,0,0
102412694,ASRock B860M-X Gen5 디앤디컴,0,0,0,0,0,0,0,"161,330","161,330",0,0,0,0,0,0,0,0,0
104966246,ASRock B860M-X Gen5 에즈윈,0,0,0,0,0,0,0,"164,780","164,780",0,0,0,0,0,0,0,0,0
103415765,ASRock B860M-X Gen5 에즈윈 (벌크),0,0,0,0,0,0,0,"144,270","144,270",0,0,0,0,0,0,0,0,0
104628878,ASRock B860M-X Gen5 인텍앤컴퍼니,0,0,0,0,0,0,0,"166,110","166,110",0,0,0,0,0,0,0,0,0
78307601,ASRock B860M-X 디앤디컴,0,0,0,0,0,0,0,"179,000","179,000",0,0,0,0,0,0,0,0,0
74491253,ASRock B860M-X 에즈윈,0,0,0,0,0,0,0,"168,000","168,000",0,0,0,0,0,0,0,0,0
74122352,ASRock B860M-X 인텍앤컴퍼니,0,0,0,0,0,0,0,"172,380","172,380",0,0,0,0,0,0,0,0,0
17021852,ASRock H310CM-HDVP 에즈윈,0,0,0,0,0,0,0,"156,000","156,000",0,0,0,0,0,0,0,0,0
67372934,ASRock H510M-HDV/M.2 SE 디앤디컴,0,0,0,0,0,0,0,"102,000","102,000",0,0,0,0,0,0,0,0,0
59826524,ASRock H610M-H2/M.2 D4 디앤디컴,0,0,0,0,0,0,0,"74,170","74,170",0,0,0,0,0,0,0,0,0
58432343,ASRock H610M-H2/M.2 D4 에즈윈,0,0,0,0,0,0,0,"73,230","73,230",0,0,0,0,0,0,0,0,0
58623128,ASRock H610M-H2/M.2 D4 에즈윈 (벌크),0,0,0,0,0,0,0,"77,390","77,390",0,0,0,0,0,0,0,0,0
79559189,ASRock H610M-H2/M.2 D4 인텍앤컴퍼니,0,0,0,0,0,0,0,"76,000","76,000",0,0,0,0,0,0,0,0,0
28183691,ASRock H610M-H2/M.2 D5 디앤디컴,0,0,0,0,0,0,0,"77,230","77,230",0,0,0,0,0,0,0,0,0
28183721,ASRock H610M-H2/M.2 D5 디앤디컴 (벌크),0,0,0,0,0,0,0,"76,210","76,210",0,0,0,0,0,0,0,0,0
96776582,ASRock H610M-H2/M.2 D5 에즈윈,0,0,0,0,0,0,0,"70,020","70,020",0,0,0,0,0,0,0,0,0
28029617,ASRock H610M-H2/M.2 D5 에즈윈 (벌크),0,0,0,0,0,0,0,"68,460","68,460",0,0,0,0,0,0,0,0,0
101069831,ASRock H610M-HDV/M.2 D5 Gen5 디앤디컴,0,0,0,0,0,0,0,"95,440","95,440",0,0,0,0,0,0,0,0,0
101074493,ASRock H610M-HDV/M.2 D5 Gen5 디앤디컴 (벌크),0,0,0,0,0,0,0,"94,110","94,110",0,0,0,0,0,0,0,0,0
99714851,ASRock H610M-HDV/M.2 D5 Gen5 에즈윈,0,0,0,0,0,0,0,"98,590","98,590",0,0,0,0,0,0,0,0,0
17792948,ASRock H610M-HDV/M.2 R2.0 D4 디앤디컴,0,0,0,0,0,0,0,"88,800","88,800",0,0,0,0,0,0,0,0,0
17831603,ASRock H610M-HDV/M.2 R2.0 D4 디앤디컴 (벌크),0,0,0,0,0,0,0,"88,490","88,490",0,0,0,0,0,0,0,0,0
17847224,ASRock H610M-HDV/M.2 R2.0 D4 에즈윈,0,0,0,0,0,0,0,"91,710","91,710",0,0,0,0,0,0,0,0,0
17847233,ASRock H610M-HDV/M.2 R2.0 D4 에즈윈 (벌크),0,0,0,0,0,0,0,"87,890","87,890",0,0,0,0,0,0,0,0,0
27546074,ASRock H610M-HDV/M.2+ D5 대원씨티에스,0,0,0,0,0,0,0,"89,810","89,810",0,0,0,0,0,0,0,0,0
27409910,ASRock H610M-HDV/M.2+ D5 디앤디컴,0,0,0,0,0,0,0,"88,790","88,790",0,0,0,0,0,0,0,0,0
28059134,ASRock H610M-HDV/M.2+ D5 디앤디컴 (벌크),0,0,0,0,0,0,0,"90,940","90,940",0,0,0,0,0,0,0,0,0
25866491,ASRock H610M-HDV/M.2+ D5 에즈윈,0,0,0,0,0,0,0,"80,850","80,850",0,0,0,0,0,0,0,0,0
25869083,ASRock H610M-HDV/M.2+ D5 에즈윈 (벌크),0,0,0,0,0,0,0,"83,690","83,690",0,0,0,0,0,0,0,0,0
29880134,ASRock H610M-HVS M.2 R2.0 D4 대원씨티에스,0,0,0,0,0,0,0,"95,000","95,000",0,0,0,0,0,0,0,0,0
69468782,ASRock H610M-HVS M.2 R2.0 D4 인텍앤컴퍼니,0,0,0,0,0,0,0,"97,200","97,200",0,0,0,0,0,0,0,0,0
17793371,ASRock H610M-HVS/M.2 R2.0 D4 디앤디컴,0,0,0,0,0,0,0,"84,610","84,610",0,0,0,0,0,0,0,0,0
104595728,ASRock H610M-X D5 Gen5 대원씨티에스,0,0,0,0,0,0,0,"102,180","102,180",0,0,0,0,0,0,0,0,0
101069660,ASRock H610M-X D5 Gen5 디앤디컴,0,0,0,0,0,0,0,"112,170","112,170",0,0,0,0,0,0,0,0,0
101074490,ASRock H610M-X D5 Gen5 디앤디컴 (벌크),0,0,0,0,0,0,0,"112,780","112,780",0,0,0,0,0,0,0,0,0
103415738,ASRock H610M-X D5 Gen5 에즈윈,0,0,0,0,0,0,0,"112,250","112,250",0,0,0,0,0,0,0,0,0
99714830,ASRock H610M-X D5 Gen5 에즈윈 (벌크),0,0,0,0,0,0,0,"109,610","109,610",0,0,0,0,0,0,0,0,0
61423463,ASRock H610M-X D5 에즈윈 (벌크),0,0,0,0,0,0,0,"102,370","101,770",0,0,0,0,0,0,0,0,0
69468680,ASRock H610M-X D5 인텍앤컴퍼니 (벌크),0,0,0,0,0,0,0,"109,000","109,000",0,0,0,0,0,0,0,0,0
103187837,ASRock H610TM-ITX 에즈윈,0,0,0,0,0,0,0,"120W 어댑터 포함_208,990|180W 어댑터 포함_209,240","120W 어댑터 포함_208,990|180W 어댑터 포함_209,240",0,0,0,0,0,0,0,0,0
103187819,ASRock H610TM-ITX 에즈윈 (벌크),0,0,0,0,0,0,0,"167,830","167,830",0,0,0,0,0,0,0,0,0
92971409,ASRock H810M-H 인텍앤컴퍼니,0,0,0,0,0,0,0,"119,000","119,000",0,0,0,0,0,0,0,0,0
105969083,ASRock H810M-HDVP 디앤디컴,0,0,0,0,0,0,0,"130,000","130,000",0,0,0,0,0,0,0,0,0
106717637,ASRock H810M-HDVP 에즈윈 (벌크),0,0,0,0,0,0,0,"132,050","132,050",0,0,0,0,0,0,0,0,0
106709246,ASRock H810M-P Gen5 + WiFi6E 랜카드 패키지 디앤디컴,0,0,0,0,0,0,0,"128,750","128,750",0,0,0,0,0,0,0,0,0
106729403,ASRock H810M-P Gen5 + WiFi7 랜카드 패키지 디앤디컴,0,0,0,0,0,0,0,"149,410","149,410",0,0,0,0,0,0,0,0,0
106689341,ASRock H810M-P Gen5 디앤디컴,0,0,0,0,0,0,0,"98,980","98,980",0,0,0,0,0,0,0,0,0
106689347,ASRock H810M-P Gen5 디앤디컴 (벌크),0,0,0,0,0,0,0,"99,350","99,350",0,0,0,0,0,0,0,0,0
106220351,ASRock H810M-P Gen5 에즈윈,0,0,0,0,0,0,0,"94,050","94,050",0,0,0,0,0,0,0,0,0
106746197,ASRock H810M-P Gen5 인텍앤컴퍼니,0,0,0,0,0,0,0,"114,170","114,170",0,0,0,0,0,0,0,0,0
106710032,ASRock H810M-X Gen5 + WiFi6E 랜카드 패키지 디앤디컴,0,0,0,0,0,0,0,"156,690","156,690",0,0,0,0,0,0,0,0,0
106729391,ASRock H810M-X Gen5 + WiFi7 랜카드 패키지 디앤디컴,0,0,0,0,0,0,0,"177,490","177,490",0,0,0,0,0,0,0,0,0
106689353,ASRock H810M-X Gen5 디앤디컴,0,0,0,0,0,0,0,"129,690","129,690",0,0,0,0,0,0,0,0,0
106689356,ASRock H810M-X Gen5 디앤디컴 (벌크),0,0,0,0,0,0,0,"129,500","129,500",0,0,0,0,0,0,0,0,0
104966219,ASRock H810M-X Gen5 에즈윈,0,0,0,0,0,0,0,"131,000","130,990",0,0,0,0,0,0,0,0,0
122663744,ASRock H810M-X Gen5 에즈윈 (벌크),0,0,0,0,0,0,0,"128,660","128,660",0,0,0,0,0,0,0,0,0
105184787,ASRock H810M-X Gen5 인텍앤컴퍼니,0,0,0,0,0,0,0,"133,990","134,000",0,0,0,0,0,0,0,0,0
78307670,ASRock H810M-X WIFI 디앤디컴,0,0,0,0,0,0,0,"155,000","155,000",0,0,0,0,0,0,0,0,0
78307739,ASRock H810M-X 디앤디컴,0,0,0,0,0,0,0,"116,450","116,450",0,0,0,0,0,0,0,0,0
78312209,ASRock H810M-X 디앤디컴 (벌크),0,0,0,0,0,0,0,"114,930","114,930",0,0,0,0,0,0,0,0,0
74885192,ASRock H810M-X 에즈윈,0,0,0,0,0,0,0,"128,300","128,300",0,0,0,0,0,0,0,0,0
74885201,ASRock H810M-X 에즈윈 (벌크),0,0,0,0,0,0,0,"131,730","131,730",0,0,0,0,0,0,0,0,0
103877579,ASRock H810TM-ITX 에즈윈 (벌크),0,0,0,0,0,0,0,"어댑터 미포함_178,610|120W 어댑터 포함_218,990|180W 어댑터 포함_228,990","어댑터 미포함_178,610|120W 어댑터 포함_218,990|180W 어댑터 포함_228,990",0,0,0,0,0,0,0,0,0
6558463,ASRock H97 Performance (중고),0,0,0,0,0,0,0,"47,890","47,890",0,0,0,0,0,0,0,0,0
77784170,ASRock W790 WS R2.0 에즈윈,0,0,0,0,0,0,0,"1,276,500","1,276,500",0,0,0,0,0,0,0,0,0
48647831,ASRock WRX90 WS EVO 대원씨티에스,0,0,0,0,0,0,0,"1,861,730","1,861,730",0,0,0,0,0,0,0,0,0
68242124,ASRock X870 Pro RS WiFi 대원씨티에스,0,0,0,0,0,0,0,"317,910","316,500",0,0,0,0,0,0,0,0,0
79410686,ASRock X870 Pro RS WiFi 디앤디컴,0,0,0,0,0,0,0,"324,000","324,000",0,0,0,0,0,0,0,0,0
70101260,ASRock X870 Pro RS WiFi 에즈윈,0,0,0,0,0,0,0,"322,850","322,850",0,0,0,0,0,0,0,0,0
68242145,ASRock X870 Pro RS 대원씨티에스,0,0,0,0,0,0,0,"278,000","278,000",0,0,0,0,0,0,0,0,0
70875566,ASRock X870 Pro RS 디앤디컴,0,0,0,0,0,0,0,"292,780","292,780",0,0,0,0,0,0,0,0,0
67695641,ASRock X870 Pro RS 에즈윈,0,0,0,0,0,0,0,"302,000","302,000",0,0,0,0,0,0,0,0,0
98925365,ASRock X870 Pro-A WiFi 대원씨티에스,0,0,0,0,0,0,0,"296,790","296,790",0,0,0,0,0,0,0,0,0
97224935,ASRock X870 Pro-A WiFi 디앤디컴,0,0,0,0,0,0,0,"308,990","308,990",0,0,0,0,0,0,0,0,0
75541040,ASRock X870 Riptide WiFi 대원씨티에스,0,0,0,0,0,0,0,"315,590","315,590",0,0,0,0,0,0,0,0,0
103750595,ASRock X870 Taichi Creator 대원씨티에스,0,0,0,0,0,0,0,"597,000","597,000",0,0,0,0,0,0,0,0,0
68242061,ASRock X870 스틸레전드 WiFi 대원씨티에스,0,0,0,0,0,0,0,"319,210","319,210",0,0,0,0,0,0,0,0,0
68440103,ASRock X870 스틸레전드 WiFi 디앤디컴,0,0,0,0,0,0,0,"344,790","344,790",0,0,0,0,0,0,0,0,0
70769987,ASRock X870E Nova WiFi 대원씨티에스,0,0,0,0,0,0,0,"455,000","455,000",0,0,0,0,0,0,0,0,0
72757274,ASRock X870E Nova WiFi 디앤디컴,0,0,0,0,0,0,0,"482,710","482,710",0,0,0,0,0,0,0,0,0
67852967,ASRock X870E Nova WiFi 에즈윈,0,0,0,0,0,0,0,"481,940","481,940",0,0,0,0,0,0,0,0,0
124056572,ASRock X870E Taichi WHITE 디앤디컴,0,0,0,0,0,0,0,"802,450","802,450",0,0,0,0,0,0,0,0,0
68246816,ASRock X870E Taichi 대원씨티에스,0,0,0,0,0,0,0,"768,000","768,000",0,0,0,0,0,0,0,0,0
68440085,ASRock X870E Taichi 디앤디컴,0,0,0,0,0,0,0,"798,990","798,990",0,0,0,0,0,0,0,0,0
67850639,ASRock X870E Taichi 에즈윈,0,0,0,0,0,0,0,"753,000","753,000",0,0,0,0,0,0,0,0,0
18052340,ASRock Z790 PG Lightning D5 에즈윈,0,0,0,0,0,0,0,"361,250","361,250",0,0,0,0,0,0,0,0,0
20012147,ASRock Z790 Pro RS D5 + WiFi6E 모듈 패키지 디앤디컴,0,0,0,0,0,0,0,"386,000","386,000",0,0,0,0,0,0,0,0,0
31959437,ASRock Z790 Pro RS D5 + WiFi7 모듈 패키지 디앤디컴,0,0,0,0,0,0,0,"405,000","405,000",0,0,0,0,0,0,0,0,0
18060353,ASRock Z790 Pro RS D5 디앤디컴,0,0,0,0,0,0,0,"351,000","351,000",0,0,0,0,0,0,0,0,0
18485645,ASRock Z790 Pro RS WiFi D5 디앤디컴,0,0,0,0,0,0,0,"354,000","354,000",0,0,0,0,0,0,0,0,0
71007920,ASRock Z890 Lightning WiFi 에즈윈,0,0,0,0,0,0,0,"403,210","403,210",0,0,0,0,0,0,0,0,0
69868430,ASRock Z890 LiveMixer WiFi 인텍앤컴퍼니,0,0,0,0,0,0,0,"369,000","369,000",0,0,0,0,0,0,0,0,0
69471320,ASRock Z890 Nova WiFi 에즈윈,0,0,0,0,0,0,0,"529,000","529,000",0,0,0,0,0,0,0,0,0
69868301,ASRock Z890 Nova WiFi 인텍앤컴퍼니,0,0,0,0,0,0,0,"490,500","490,500",0,0,0,0,0,0,0,0,0
71010251,ASRock Z890 Pro RS WiFi White 디앤디컴,0,0,0,0,0,0,0,"319,000","319,000",0,0,0,0,0,0,0,0,0
68687816,ASRock Z890 Pro RS WiFi White 에즈윈,0,0,0,0,0,0,0,"344,930","344,930",0,0,0,0,0,0,0,0,0
122694851,ASRock Z890 Pro RS WiFi 디앤디컴,0,0,0,0,0,0,0,"308,180","308,180",0,0,0,0,0,0,0,0,0
69868478,ASRock Z890 Pro RS WiFi 인텍앤컴퍼니,0,0,0,0,0,0,0,"320,000","320,000",0,0,0,0,0,0,0,0,0
70006589,ASRock Z890 Pro RS 디앤디컴,0,0,0,0,0,0,0,"339,000","339,000",0,0,0,0,0,0,0,0,0
68687615,ASRock Z890 Pro RS 에즈윈,0,0,0,0,0,0,0,"331,380","331,380",0,0,0,0,0,0,0,0,0
78102458,ASRock Z890 Pro-A WiFi 디앤디컴,0,0,0,0,0,0,0,"316,210","316,210",0,0,0,0,0,0,0,0,0
69053765,ASRock Z890 Pro-A WiFi 에즈윈,0,0,0,0,0,0,0,"320,730","320,730",0,0,0,0,0,0,0,0,0
69868499,ASRock Z890 Pro-A WiFi 인텍앤컴퍼니,0,0,0,0,0,0,0,"316,000","316,000",0,0,0,0,0,0,0,0,0
70006610,ASRock Z890 Pro-A 디앤디컴,0,0,0,0,0,0,0,"308,230","308,230",0,0,0,0,0,0,0,0,0
68919209,ASRock Z890 Pro-A 에즈윈,0,0,0,0,0,0,0,"310,480","310,480",0,0,0,0,0,0,0,0,0
69868004,ASRock Z890 Taichi AQUA 인텍앤컴퍼니,0,0,0,0,0,0,0,"1,514,290","1,514,290",0,0,0,0,0,0,0,0,0
69868175,ASRock Z890 Taichi OCF 인텍앤컴퍼니,0,0,0,0,0,0,0,"938,990","938,990",0,0,0,0,0,0,0,0,0
70000382,ASRock Z890 Taichi 디앤디컴,0,0,0,0,0,0,0,"677,100","677,100",0,0,0,0,0,0,0,0,0
68776211,ASRock Z890 Taichi 에즈윈,0,0,0,0,0,0,0,"665,500","665,500",0,0,0,0,0,0,0,0,0
69867902,ASRock Z890 Taichi 인텍앤컴퍼니,0,0,0,0,0,0,0,"699,000","699,000",0,0,0,0,0,0,0,0,0
69471116,ASRock Z890I Nova WiFi 에즈윈,0,0,0,0,0,0,0,"661,250","661,250",0,0,0,0,0,0,0,0,0
95420366,ASUS B850M MAX GAMING WIFI STCOM,0,0,0,0,0,0,0,"187,970","187,970",0,0,0,0,0,0,0,0,0
93071258,ASUS B850M MAX GAMING WIFI 대원씨티에스,0,0,0,0,0,0,0,"182,560","182,560",0,0,0,0,0,0,0,0,0
103188218,ASUS B850M MAX GAMING WIFI 인텍앤컴퍼니,0,0,0,0,0,0,0,"180,030","180,030",0,0,0,0,0,0,0,0,0
4482977,ASUS B85M-G (중고),0,0,0,0,0,0,0,"29,000","29,000",0,0,0,0,0,0,0,0,0
75536555,ASUS B860M AYW GAMING WIFI 인텍앤컴퍼니,0,0,0,0,0,0,0,"174,490","171,990",0,0,0,0,0,0,0,0,0
7452148,ASUS EX A320M-GAMING 대원씨티에스,0,0,0,0,0,0,0,"116,000","116,000",0,0,0,0,0,0,0,0,0
18652511,ASUS EX B760M-V5 D4 코잇,0,0,0,0,0,0,0,"121,990","121,990",0,0,0,0,0,0,0,0,0
16260506,ASUS EX H610M-V3 D4 STCOM,0,0,0,0,0,0,0,"97,890","97,890",0,0,0,0,0,0,0,0,0
3548546,ASUS H110M-K STCOM,0,0,0,0,0,0,0,"123,140","123,140",0,0,0,0,0,0,0,0,0
76463696,ASUS H810M AYW GAMING WIFI STCOM,0,0,0,0,0,0,0,"155,760","155,760",0,0,0,0,0,0,0,0,0
77083265,ASUS H810M AYW GAMING WIFI 코잇,0,0,0,0,0,0,0,"153,470","153,470",0,0,0,0,0,0,0,0,0
76463777,ASUS H810M AYW GAMING WIFI-CSM STCOM,0,0,0,0,0,0,0,"160,970","160,970",0,0,0,0,0,0,0,0,0
6145321,ASUS H97-PLUS (중고),0,0,0,0,0,0,0,"96,000","96,000",0,0,0,0,0,0,0,0,0
14872736,ASUS P11C-X 인텍앤컴퍼니,0,0,0,0,0,0,0,"445,470","445,470",0,0,0,0,0,0,0,0,0
19927871,ASUS P12R-I STCOM,0,0,0,0,0,0,0,"358,770","358,770",0,0,0,0,0,0,0,0,0
123033137,ASUS P13R-E STCOM,0,0,0,0,0,0,0,"807,200","807,200",0,0,0,0,0,0,0,0,0
122712415,ASUS P13R-M STCOM,0,0,0,0,0,0,0,"743,200","743,200",0,0,0,0,0,0,0,0,0
3226637,ASUS P9D-MH/10G-DUAL STCOM,0,0,0,0,0,0,0,"524,980","524,980",0,0,0,0,0,0,0,0,0
16284179,ASUS PRIME A520M-A II 대원씨티에스,0,0,0,0,0,0,0,"79,770","79,770",0,0,0,0,0,0,0,0,0
122721897,ASUS PRIME A520M-K ARGB 대원씨티에스,0,0,0,0,0,0,0,"66,400","66,400",0,0,0,0,0,0,0,0,0
12060293,ASUS PRIME A520M-K STCOM,0,0,0,0,0,0,0,"64,710","64,710",0,0,0,0,0,0,0,0,0
12069566,ASUS PRIME A520M-K 대원씨티에스,0,0,0,0,0,0,0,"60,300","60,300",0,0,0,0,0,0,0,0,0
122643555,ASUS PRIME A520M-K 인텍앤컴퍼니,0,0,0,0,0,0,0,"60,350","60,350",0,0,0,0,0,0,0,0,0
104989559,ASUS PRIME A620AM-A STCOM,0,0,0,0,0,0,0,"124,850","124,850",0,0,0,0,0,0,0,0,0
106703432,ASUS PRIME A620AM-A 대원씨티에스,0,0,0,0,0,0,0,"109,000","109,000",0,0,0,0,0,0,0,0,0
106703318,ASUS PRIME A620AM-K 대원씨티에스,0,0,0,0,0,0,0,"109,750","109,750",0,0,0,0,0,0,0,0,0
19924310,ASUS PRIME A620M-A STCOM,0,0,0,0,0,0,0,"280,000","280,000",0,0,0,0,0,0,0,0,0
19926611,ASUS PRIME A620M-A 대원씨티에스,0,0,0,0,0,0,0,"127,560","127,560",0,0,0,0,0,0,0,0,0
21428693,ASUS PRIME A620M-K 대원씨티에스,0,0,0,0,0,0,0,"117,300","117,300",0,0,0,0,0,0,0,0,0
11574458,ASUS PRIME B550M-A 대원씨티에스,0,0,0,0,0,0,0,"123,380","123,380",0,0,0,0,0,0,0,0,0
105968858,ASUS PRIME B550M-K ARGB STCOM,0,0,0,0,0,0,0,"114,380","114,380",0,0,0,0,0,0,0,0,0
105968849,ASUS PRIME B550M-K ARGB 대원씨티에스,0,0,0,0,0,0,0,"108,170","108,170",0,0,0,0,0,0,0,0,0
18128375,ASUS PRIME B650-PLUS STCOM,0,0,0,0,0,0,0,"332,270","332,270",0,0,0,0,0,0,0,0,0
96712895,ASUS PRIME B650EM-A STCOM,0,0,0,0,0,0,0,"147,000","147,000",0,0,0,0,0,0,0,0,0
122723330,ASUS PRIME B650EM-A WIFI-CSM 대원씨티에스,0,0,0,0,0,0,0,"162,970","162,970",0,0,0,0,0,0,0,0,0
97119959,ASUS PRIME B650EM-A 대원씨티에스,0,0,0,0,0,0,0,"143,990","144,000",0,0,0,0,0,0,0,0,0
102004853,ASUS PRIME B650EM-A 인텍앤컴퍼니,0,0,0,0,0,0,0,"158,990","158,990",0,0,0,0,0,0,0,0,0
19163258,ASUS PRIME B650M-A II STCOM,0,0,0,0,0,0,0,"227,000","227,000",0,0,0,0,0,0,0,0,0
19691519,ASUS PRIME B650M-A II 대원씨티에스,0,0,0,0,0,0,0,"134,000","134,000",0,0,0,0,0,0,0,0,0
19429325,ASUS PRIME B760-PLUS STCOM,0,0,0,0,0,0,0,"288,000","288,000",0,0,0,0,0,0,0,0,0
19772519,ASUS PRIME B760-PLUS 인텍앤컴퍼니,0,0,0,0,0,0,0,"279,000","279,000",0,0,0,0,0,0,0,0,0
19756130,ASUS PRIME B760-PLUS 코잇,0,0,0,0,0,0,0,"250,250","250,250",0,0,0,0,0,0,0,0,0
18652898,ASUS PRIME B760M-A D4 STCOM,0,0,0,0,0,0,0,"128,660","128,660",0,0,0,0,0,0,0,0,0
19605602,ASUS PRIME B760M-A STCOM,0,0,0,0,0,0,0,"154,290","154,290",0,0,0,0,0,0,0,0,0
19772375,ASUS PRIME B760M-A 인텍앤컴퍼니,0,0,0,0,0,0,0,"149,000","149,000",0,0,0,0,0,0,0,0,0
19704527,ASUS PRIME B760M-A 코잇,0,0,0,0,0,0,0,"141,000","141,000",0,0,0,0,0,0,0,0,0
18652895,ASUS PRIME B760M-K D4 STCOM,0,0,0,0,0,0,0,"124,010","124,010",0,0,0,0,0,0,0,0,0
18652442,ASUS PRIME B760M-K D4 코잇,0,0,0,0,0,0,0,"123,470","123,470",0,0,0,0,0,0,0,0,0
20710217,ASUS PRIME B760M-K 인텍앤컴퍼니,0,0,0,0,0,0,0,"130,890","130,890",0,0,0,0,0,0,0,0,0
20343650,ASUS PRIME B760M-K 코잇,0,0,0,0,0,0,0,"138,600","138,600",0,0,0,0,0,0,0,0,0
20612690,ASUS PRIME B760M-KS 코잇 (벌크),0,0,0,0,0,0,0,"134,710","134,710",0,0,0,0,0,0,0,0,0
34372580,ASUS PRIME B760M-PLUS-CSM STCOM,0,0,0,0,0,0,0,"225,540","225,540",0,0,0,0,0,0,0,0,0
34810925,ASUS PRIME B760M-PLUS-CSM 인텍앤컴퍼니,0,0,0,0,0,0,0,"169,000","169,000",0,0,0,0,0,0,0,0,0
73769357,ASUS PRIME B840-PLUS WIFI-CSM 대원씨티에스,0,0,0,0,0,0,0,"282,720","282,720",0,0,0,0,0,0,0,0,0
73884143,ASUS PRIME B840M-A WIFI-CSM STCOM,0,0,0,0,0,0,0,"239,400","239,400",0,0,0,0,0,0,0,0,0
73769318,ASUS PRIME B840M-A WIFI-CSM 대원씨티에스,0,0,0,0,0,0,0,"234,980","234,980",0,0,0,0,0,0,0,0,0
73884173,ASUS PRIME B840M-A-CSM STCOM,0,0,0,0,0,0,0,"221,350","221,350",0,0,0,0,0,0,0,0,0
73769342,ASUS PRIME B840M-A-CSM 대원씨티에스,0,0,0,0,0,0,0,"223,110","223,110",0,0,0,0,0,0,0,0,0
74491244,ASUS PRIME B840M-A-CSM 인텍앤컴퍼니,0,0,0,0,0,0,0,"144,240","144,240",0,0,0,0,0,0,0,0,0
95420537,ASUS PRIME B850M-A-CSM STCOM,0,0,0,0,0,0,0,"215,990","215,990",0,0,0,0,0,0,0,0,0
93022751,ASUS PRIME B850M-A-CSM 대원씨티에스,0,0,0,0,0,0,0,"190,680","190,680",0,0,0,0,0,0,0,0,0
101184890,ASUS PRIME B850M-A-CSM 인텍앤컴퍼니,0,0,0,0,0,0,0,"194,060","194,060",0,0,0,0,0,0,0,0,0
74255120,ASUS PRIME B860-PLUS WIFI-CSM STCOM,0,0,0,0,0,0,0,"293,850","293,830",0,0,0,0,0,0,0,0,0
74255327,ASUS PRIME B860-PLUS WIFI-CSM 인텍앤컴퍼니,0,0,0,0,0,0,0,"228,794","228,794",0,0,0,0,0,0,0,0,0
74255114,ASUS PRIME B860-PLUS-CSM STCOM,0,0,0,0,0,0,0,"289,800","289,800",0,0,0,0,0,0,0,0,0
74255033,ASUS PRIME B860M-A WIFI-CSM STCOM,0,0,0,0,0,0,0,"245,970","245,970",0,0,0,0,0,0,0,0,0
74255204,ASUS PRIME B860M-A WIFI-CSM 인텍앤컴퍼니,0,0,0,0,0,0,0,"207,600","207,600",0,0,0,0,0,0,0,0,0
100698416,ASUS PRIME B860M-A WIFI-CSM 코잇,0,0,0,0,0,0,0,"205,960","205,960",0,0,0,0,0,0,0,0,0
74255060,ASUS PRIME B860M-A-CSM STCOM,0,0,0,0,0,0,0,"226,850","226,850",0,0,0,0,0,0,0,0,0
74255321,ASUS PRIME B860M-A-CSM 인텍앤컴퍼니,0,0,0,0,0,0,0,"178,990","178,990",0,0,0,0,0,0,0,0,0
74337680,ASUS PRIME B860M-A-CSM 코잇,0,0,0,0,0,0,0,"178,050","178,050",0,0,0,0,0,0,0,0,0
74255084,ASUS PRIME B860M-K-CSM STCOM,0,0,0,0,0,0,0,"185,870","185,870",0,0,0,0,0,0,0,0,0
6024335,ASUS PRIME H310M-K STCOM,0,0,0,0,0,0,0,"156,000","156,000",0,0,0,0,0,0,0,0,0
16971290,ASUS PRIME H410M-A STCOM,0,0,0,0,0,0,0,"120,000","120,000",0,0,0,0,0,0,0,0,0
28511822,ASUS PRIME H510M-K R2.0 STCOM,0,0,0,0,0,0,0,"117,930","117,930",0,0,0,0,0,0,0,0,0
20027564,ASUS PRIME H510M-K R2.0 인텍앤컴퍼니,0,0,0,0,0,0,0,"300,000","300,000",0,0,0,0,0,0,0,0,0
14005334,ASUS PRIME H510M-K 인텍앤컴퍼니,0,0,0,0,0,0,0,"142,100","142,100",0,0,0,0,0,0,0,0,0
29393921,ASUS PRIME H610I-PLUS 코잇,0,0,0,0,0,0,0,"190,470","190,470",0,0,0,0,0,0,0,0,0
16103177,ASUS PRIME H610M-A D4 STCOM,0,0,0,0,0,0,0,"104,430","104,430",0,0,0,0,0,0,0,0,0
34739282,ASUS PRIME H610M-CS 2.5G 코잇,0,0,0,0,0,0,0,"112,990","112,990",0,0,0,0,0,0,0,0,0
20344700,ASUS PRIME H610M-CS D4 코잇,0,0,0,0,0,0,0,"75,080","75,080",0,0,0,0,0,0,0,0,0
29942195,ASUS PRIME H610M-D 코잇,0,0,0,0,0,0,0,"108,570","108,570",0,0,0,0,0,0,0,0,0
27572138,ASUS PRIME H610M-E 인텍앤컴퍼니,0,0,0,0,0,0,0,"169,990","169,990",0,0,0,0,0,0,0,0,0
27675110,ASUS PRIME H610M-E 코잇,0,0,0,0,0,0,0,"105,540","105,540",0,0,0,0,0,0,0,0,0
28857623,ASUS PRIME H610M-K ARGB 인텍앤컴퍼니,0,0,0,0,0,0,0,"127,000","127,000",0,0,0,0,0,0,0,0,0
16083650,ASUS PRIME H610M-K D4 인텍앤컴퍼니,0,0,0,0,0,0,0,"76,590","76,590",0,0,0,0,0,0,0,0,0
28857518,ASUS PRIME H610M-K D5 인텍앤컴퍼니,0,0,0,0,0,0,0,"79,900","79,900",0,0,0,0,0,0,0,0,0
74336033,ASUS PRIME H810M-A STCOM,0,0,0,0,0,0,0,"125,270","125,270",0,0,0,0,0,0,0,0,0
74336888,ASUS PRIME H810M-A WIFI STCOM,0,0,0,0,0,0,0,"153,970","153,970",0,0,0,0,0,0,0,0,0
77083238,ASUS PRIME H810M-A WIFI 코잇,0,0,0,0,0,0,0,"137,990",0,0,0,0,0,0,0,0,0,0
74336894,ASUS PRIME H810M-A WIFI-CSM STCOM,0,0,0,0,0,0,0,"157,970","157,970",0,0,0,0,0,0,0,0,0
75720068,ASUS PRIME H810M-A 인텍앤컴퍼니,0,0,0,0,0,0,0,"122,260","122,260",0,0,0,0,0,0,0,0,0
77083181,ASUS PRIME H810M-A 코잇,0,0,0,0,0,0,0,"120,420","120,420",0,0,0,0,0,0,0,0,0
74336102,ASUS PRIME H810M-A-CSM STCOM,0,0,0,0,0,0,0,"140,180","140,180",0,0,0,0,0,0,0,0,0
100691990,ASUS PRIME H810M-E 코잇,0,0,0,0,0,0,0,"113,170","113,170",0,0,0,0,0,0,0,0,0
104989499,ASUS PRIME H810M-K STCOM,0,0,0,0,0,0,0,"123,870","123,870",0,0,0,0,0,0,0,0,0
104616128,ASUS PRIME H810M-K 인텍앤컴퍼니,0,0,0,0,0,0,0,"94,330","94,330",0,0,0,0,0,0,0,0,0
108167225,ASUS PRIME H810M-X 2.5G Gen5 코잇,0,0,0,0,0,0,0,"118,340","118,340",0,0,0,0,0,0,0,0,0
67693886,ASUS PRIME X870-P WIFI-CSM STCOM,0,0,0,0,0,0,0,"377,930","377,930",0,0,0,0,0,0,0,0,0
67851653,ASUS PRIME X870-P WIFI-CSM 대원씨티에스,0,0,0,0,0,0,0,"327,650","327,650",0,0,0,0,0,0,0,0,0
67693952,ASUS PRIME X870-P-CSM STCOM,0,0,0,0,0,0,0,"345,990","345,990",0,0,0,0,0,0,0,0,0
67851971,ASUS PRIME X870-P-CSM 대원씨티에스,0,0,0,0,0,0,0,"321,000","321,000",0,0,0,0,0,0,0,0,0
18054881,ASUS PRIME Z790-P WIFI-CSM 코잇,0,0,0,0,0,0,0,"374,020","374,020",0,0,0,0,0,0,0,0,0
18054803,ASUS PRIME Z790-P-CSM 코잇,0,0,0,0,0,0,0,"340,180","340,180",0,0,0,0,0,0,0,0,0
20079008,ASUS PRIME Z790M-PLUS-CSM 코잇,0,0,0,0,0,0,0,"348,990","348,990",0,0,0,0,0,0,0,0,0
69661250,ASUS PRIME Z890-P WIFI-CSM STCOM,0,0,0,0,0,0,0,"406,970","406,970",0,0,0,0,0,0,0,0,0
69656816,ASUS PRIME Z890-P WIFI-CSM 인텍앤컴퍼니,0,0,0,0,0,0,0,"398,880","398,880",0,0,0,0,0,0,0,0,0
69696089,ASUS PRIME Z890-P WIFI-CSM 코잇,0,0,0,0,0,0,0,"375,900","375,900",0,0,0,0,0,0,0,0,0
69661526,ASUS PRIME Z890-P-CSM STCOM,0,0,0,0,0,0,0,"368,000","368,000",0,0,0,0,0,0,0,0,0
69656858,ASUS PRIME Z890-P-CSM 인텍앤컴퍼니,0,0,0,0,0,0,0,"335,990","338,990",0,0,0,0,0,0,0,0,0
69696269,ASUS PRIME Z890-P-CSM 코잇,0,0,0,0,0,0,0,"330,220","330,220",0,0,0,0,0,0,0,0,0
70002455,ASUS PRIME Z890M-PLUS WIFI-CSM STCOM,0,0,0,0,0,0,0,"375,950","375,950",0,0,0,0,0,0,0,0,0
69696464,ASUS PRIME Z890M-PLUS WIFI-CSM 코잇,0,0,0,0,0,0,0,"365,320","365,320",0,0,0,0,0,0,0,0,0
99913676,ASUS PRO WS B850M-ACE SE STCOM,0,0,0,0,0,0,0,"620,830","620,830",0,0,0,0,0,0,0,0,0
32126690,ASUS PRO WS TRX50-SAGE WiFi STCOM,0,0,0,0,0,0,0,"1,465,970","1,465,970",0,0,0,0,0,0,0,0,0
32487287,ASUS PRO WS TRX50-SAGE WiFi 대원씨티에스,0,0,0,0,0,0,0,"1,396,980","1,396,980",0,0,0,0,0,0,0,0,0
19556732,ASUS PRO WS W680-ACE IPMI STCOM,0,0,0,0,0,0,0,"721,440","720,950",0,0,0,0,0,0,0,0,0
19556996,ASUS PRO WS W680-ACE STCOM,0,0,0,0,0,0,0,"608,980","608,980",0,0,0,0,0,0,0,0,0
25208807,ASUS PRO WS W790-ACE STCOM,0,0,0,0,0,0,0,"1,539,960","1,539,960",0,0,0,0,0,0,0,0,0
25129808,ASUS PRO WS W790E-SAGE SE STCOM,0,0,0,0,0,0,0,"2,559,020","2,559,020",0,0,0,0,0,0,0,0,0
28780247,ASUS PRO WS W790E-SAGE SE 대원씨티에스,0,0,0,0,0,0,0,"2,475,640","2,475,640",0,0,0,0,0,0,0,0,0
92687522,ASUS PRO WS W880-ACE SE STCOM,0,0,0,0,0,0,0,"795,930","794,480",0,0,0,0,0,0,0,0,0
122701088,ASUS PRO WS W880-ACE SE 아이보라,0,0,0,0,0,0,0,"746,500","746,500",0,0,0,0,0,0,0,0,0
122718531,ASUS PRO WS W890-SAGE STCOM,0,0,0,0,0,0,0,"1,569,990","1,569,990",0,0,0,0,0,0,0,0,0
123775341,ASUS PRO WS W890-SAGE 아이보라,0,0,0,0,0,0,0,"1,579,980","1,579,980",0,0,0,0,0,0,0,0,0
122621970,ASUS PRO WS W890E-SAGE SE STCOM,0,0,0,0,0,0,0,"2,430,000","2,430,000",0,0,0,0,0,0,0,0,0
122718845,ASUS PRO WS W890E-SAGE SE 아이보라,0,0,0,0,0,0,0,"2,399,780","2,399,780",0,0,0,0,0,0,0,0,0
38347157,ASUS PRO WS WRX90E-SAGE SE STCOM,0,0,0,0,0,0,0,"2,199,930","2,199,930",0,0,0,0,0,0,0,0,0
45257993,ASUS PRO WS WRX90E-SAGE SE 대원씨티에스,0,0,0,0,0,0,0,"2,081,280","2,081,280",0,0,0,0,0,0,0,0,0
77382695,ASUS PRO WS Z890-ACE SE STCOM,0,0,0,0,0,0,0,"857,970","857,970",0,0,0,0,0,0,0,0,0
17192960,ASUS Pro H610T/CSM D4 코잇 (벌크),0,0,0,0,0,0,0,"기본_175,760|120W 어댑터_203,020","기본_175,760|120W 어댑터_205,520",0,0,0,0,0,0,0,0,0
122670803,ASUS ProArt B850-CREATOR WIFI NEO STCOM,0,0,0,0,0,0,0,"379,000","379,000",0,0,0,0,0,0,0,0,0
122641599,ASUS ProArt B850-CREATOR WIFI NEO 대원씨티에스,0,0,0,0,0,0,0,"367,230","367,230",0,0,0,0,0,0,0,0,0
122663533,ASUS ProArt B850-CREATOR WIFI NEO 인텍앤컴퍼니,0,0,0,0,0,0,0,"368,610","368,610",0,0,0,0,0,0,0,0,0
67694132,ASUS ProArt X870E-CREATOR WIFI STCOM,0,0,0,0,0,0,0,"767,970","767,970",0,0,0,0,0,0,0,0,0
67852106,ASUS ProArt X870E-CREATOR WIFI 대원씨티에스,0,0,0,0,0,0,0,"744,020","744,020",0,0,0,0,0,0,0,0,0
70001147,ASUS ProArt Z890-CREATOR WIFI STCOM,0,0,0,0,0,0,0,"828,790","828,790",0,0,0,0,0,0,0,0,0
69696563,ASUS ProArt Z890-CREATOR WIFI 코잇,0,0,0,0,0,0,0,"837,620","837,620",0,0,0,0,0,0,0,0,0
122690875,ASUS ROG CROSSHAIR 2006 STCOM,0,0,0,0,0,0,0,"1,244,960","1,244,960",0,0,0,0,0,0,0,0,0
123651170,ASUS ROG CROSSHAIR 2006 대원씨티에스,0,0,0,0,0,0,0,"1,245,390","1,245,390",0,0,0,0,0,0,0,0,0
122705643,ASUS ROG CROSSHAIR 2006 인텍앤컴퍼니,0,0,0,0,0,0,0,"1,189,050","1,189,050",0,0,0,0,0,0,0,0,0
12701975,ASUS ROG CROSSHAIR VIII DARK HERO STCOM,0,0,0,0,0,0,0,"750,000","750,000",0,0,0,0,0,0,0,0,0
92971469,ASUS ROG CROSSHAIR X870E APEX STCOM,0,0,0,0,0,0,0,"947,470","947,470",0,0,0,0,0,0,0,0,0
93019088,ASUS ROG CROSSHAIR X870E APEX 대원씨티에스,0,0,0,0,0,0,0,"958,500","958,500",0,0,0,0,0,0,0,0,0
104554913,ASUS ROG CROSSHAIR X870E DARK HERO STCOM,0,0,0,0,0,0,0,"1,151,060","1,151,060",0,0,0,0,0,0,0,0,0
104989463,ASUS ROG CROSSHAIR X870E DARK HERO 대원씨티에스,0,0,0,0,0,0,0,"1,062,420","1,062,410",0,0,0,0,0,0,0,0,0
93018986,ASUS ROG CROSSHAIR X870E EXTREME STCOM,0,0,0,0,0,0,0,"1,470,000","1,470,000",0,0,0,0,0,0,0,0,0
93022430,ASUS ROG CROSSHAIR X870E EXTREME 대원씨티에스,0,0,0,0,0,0,0,"1,474,790","1,474,790",0,0,0,0,0,0,0,0,0
97476398,ASUS ROG CROSSHAIR X870E HERO BTF STCOM,0,0,0,0,0,0,0,"1,097,070","1,097,070",0,0,0,0,0,0,0,0,0
67694456,ASUS ROG CROSSHAIR X870E HERO STCOM,0,0,0,0,0,0,0,"1,028,670","1,028,670",0,0,0,0,0,0,0,0,0
67852211,ASUS ROG CROSSHAIR X870E HERO 대원씨티에스,0,0,0,0,0,0,0,"1,357,700","1,357,700",0,0,0,0,0,0,0,0,0
77460956,ASUS ROG CROSSHAIR X870E HERO 인텍앤컴퍼니,0,0,0,0,0,0,0,"953,870","953,870",0,0,0,0,0,0,0,0,0
13875599,ASUS ROG MAXIMUS XIII APEX 인텍앤컴퍼니,0,0,0,0,0,0,0,"650,000","650,000",0,0,0,0,0,0,0,0,0
16285538,ASUS ROG MAXIMUS Z690 EXTREME GLACIAL STCOM,0,0,0,0,0,0,0,"3,500,000","3,500,000",0,0,0,0,0,0,0,0,0
28803482,ASUS ROG MAXIMUS Z790 APEX ENCORE STCOM,0,0,0,0,0,0,0,"897,980","897,990",0,0,0,0,0,0,0,0,0
18059849,ASUS ROG MAXIMUS Z790 HERO STCOM,0,0,0,0,0,0,0,"1,444,980","1,444,980",0,0,0,0,0,0,0,0,0
18254819,ASUS ROG MAXIMUS Z790 HERO 코잇,0,0,0,0,0,0,0,"1,038,490","1,038,490",0,0,0,0,0,0,0,0,0
69661643,ASUS ROG MAXIMUS Z890 APEX STCOM,0,0,0,0,0,0,0,"745,990","745,990",0,0,0,0,0,0,0,0,0
69566399,ASUS ROG MAXIMUS Z890 APEX 인텍앤컴퍼니,0,0,0,0,0,0,0,"724,350","724,350",0,0,0,0,0,0,0,0,0
69696602,ASUS ROG MAXIMUS Z890 APEX 코잇,0,0,0,0,0,0,0,"729,610","729,610",0,0,0,0,0,0,0,0,0
69696641,ASUS ROG MAXIMUS Z890 EXTREME 코잇,0,0,0,0,0,0,0,"1,760,000","1,757,000",0,0,0,0,0,0,0,0,0
69661799,ASUS ROG MAXIMUS Z890 HERO STCOM,0,0,0,0,0,0,0,"1,192,320","1,192,320",0,0,0,0,0,0,0,0,0
69566996,ASUS ROG MAXIMUS Z890 HERO 인텍앤컴퍼니,0,0,0,0,0,0,0,"935,000","935,000",0,0,0,0,0,0,0,0,0
69696719,ASUS ROG MAXIMUS Z890 HERO 코잇,0,0,0,0,0,0,0,"905,500","905,500",0,0,0,0,0,0,0,0,0
13924805,ASUS ROG STRIX B560-A GAMING WIFI STCOM,0,0,0,0,0,0,0,"500,000","500,000",0,0,0,0,0,0,0,0,0
18044567,ASUS ROG STRIX B650-A GAMING WIFI STCOM,0,0,0,0,0,0,0,"364,000","364,000",0,0,0,0,0,0,0,0,0
18021842,ASUS ROG STRIX B650-A GAMING WIFI 대원씨티에스,0,0,0,0,0,0,0,"302,150","302,150",0,0,0,0,0,0,0,0,0
18044582,ASUS ROG STRIX B650E-E GAMING WIFI STCOM,0,0,0,0,0,0,0,"476,500","476,500",0,0,0,0,0,0,0,0,0
18265715,ASUS ROG STRIX B650E-F GAMING WIFI 대원씨티에스,0,0,0,0,0,0,0,"593,000","593,000",0,0,0,0,0,0,0,0,0
19903481,ASUS ROG STRIX B760-G GAMING WIFI 코잇,0,0,0,0,0,0,0,"219,230","219,230",0,0,0,0,0,0,0,0,0
18662789,ASUS ROG STRIX B760-I GAMING WIFI STCOM,0,0,0,0,0,0,0,"389,550","386,550",0,0,0,0,0,0,0,0,0
18716924,ASUS ROG STRIX B760-I GAMING WIFI 코잇,0,0,0,0,0,0,0,"376,990","376,990",0,0,0,0,0,0,0,0,0
73883867,ASUS ROG STRIX B850-A GAMING WIFI STCOM,0,0,0,0,0,0,0,"365,620","365,620",0,0,0,0,0,0,0,0,0
73764137,ASUS ROG STRIX B850-A GAMING WIFI 대원씨티에스,0,0,0,0,0,0,0,"408,770","418,770",0,0,0,0,0,0,0,0,0
78099548,ASUS ROG STRIX B850-A GAMING WIFI 인텍앤컴퍼니,0,0,0,0,0,0,0,"408,990","408,990",0,0,0,0,0,0,0,0,0
122670765,ASUS ROG STRIX B850-A GAMING WIFI7 NEO STCOM,0,0,0,0,0,0,0,"399,140","399,140",0,0,0,0,0,0,0,0,0
122642245,ASUS ROG STRIX B850-A GAMING WIFI7 NEO 대원씨티에스,0,0,0,0,0,0,0,"375,580","375,580",0,0,0,0,0,0,0,0,0
122663567,ASUS ROG STRIX B850-A GAMING WIFI7 NEO 인텍앤컴퍼니,0,0,0,0,0,0,0,"392,630","392,630",0,0,0,0,0,0,0,0,0
77618858,ASUS ROG STRIX B850-E GAMING WIFI STCOM,0,0,0,0,0,0,0,"510,840","510,740",0,0,0,0,0,0,0,0,0
73767836,ASUS ROG STRIX B850-E GAMING WIFI 대원씨티에스,0,0,0,0,0,0,0,"510,350","510,350",0,0,0,0,0,0,0,0,0
77460890,ASUS ROG STRIX B850-E GAMING WIFI 인텍앤컴퍼니,0,0,0,0,0,0,0,"547,290","547,290",0,0,0,0,0,0,0,0,0
73883918,ASUS ROG STRIX B850-F GAMING WIFI STCOM,0,0,0,0,0,0,0,"384,410","384,410",0,0,0,0,0,0,0,0,0
73767989,ASUS ROG STRIX B850-F GAMING WIFI 대원씨티에스,0,0,0,0,0,0,0,"422,550","422,550",0,0,0,0,0,0,0,0,0
76944080,ASUS ROG STRIX B850-F GAMING WIFI 인텍앤컴퍼니,0,0,0,0,0,0,0,"448,990","448,990",0,0,0,0,0,0,0,0,0
122637941,ASUS ROG STRIX B850-F GAMING WIFI7 NEO STCOM,0,0,0,0,0,0,0,"432,370","432,370",0,0,0,0,0,0,0,0,0
122642236,ASUS ROG STRIX B850-F GAMING WIFI7 NEO 대원씨티에스,0,0,0,0,0,0,0,"425,320","425,320",0,0,0,0,0,0,0,0,0
122663559,ASUS ROG STRIX B850-F GAMING WIFI7 NEO 인텍앤컴퍼니,0,0,0,0,0,0,0,"446,130","446,130",0,0,0,0,0,0,0,0,0
95420465,ASUS ROG STRIX B850-G GAMING WIFI STCOM,0,0,0,0,0,0,0,"369,820","369,820",0,0,0,0,0,0,0,0,0
94815752,ASUS ROG STRIX B850-G GAMING WIFI 대원씨티에스,0,0,0,0,0,0,0,"349,000","349,000",0,0,0,0,0,0,0,0,0
73883963,ASUS ROG STRIX B850-I GAMING WIFI STCOM,0,0,0,0,0,0,0,"439,840","439,840",0,0,0,0,0,0,0,0,0
73768364,ASUS ROG STRIX B850-I GAMING WIFI 대원씨티에스,0,0,0,0,0,0,0,"460,740","460,740",0,0,0,0,0,0,0,0,0
76946525,ASUS ROG STRIX B850-I GAMING WIFI 인텍앤컴퍼니,0,0,0,0,0,0,0,"376,670","376,670",0,0,0,0,0,0,0,0,0
74254586,ASUS ROG STRIX B860-A GAMING WIFI STCOM,0,0,0,0,0,0,0,"399,000","399,000",0,0,0,0,0,0,0,0,0
74255333,ASUS ROG STRIX B860-A GAMING WIFI 인텍앤컴퍼니,0,0,0,0,0,0,0,"398,990","398,990",0,0,0,0,0,0,0,0,0
74253692,ASUS ROG STRIX B860-F GAMING WIFI STCOM,0,0,0,0,0,0,0,"439,870","439,870",0,0,0,0,0,0,0,0,0
74255336,ASUS ROG STRIX B860-F GAMING WIFI 인텍앤컴퍼니,0,0,0,0,0,0,0,"431,940","431,940",0,0,0,0,0,0,0,0,0
74338013,ASUS ROG STRIX B860-F GAMING WIFI 코잇,0,0,0,0,0,0,0,"427,400","427,400",0,0,0,0,0,0,0,0,0
74338115,ASUS ROG STRIX B860-G GAMING WIFI 코잇,0,0,0,0,0,0,0,"279,990","279,990",0,0,0,0,0,0,0,0,0
74253203,ASUS ROG STRIX B860-I GAMING WIFI STCOM,0,0,0,0,0,0,0,"419,000","419,000",0,0,0,0,0,0,0,0,0
74255369,ASUS ROG STRIX B860-I GAMING WIFI 인텍앤컴퍼니,0,0,0,0,0,0,0,"424,700","424,700",0,0,0,0,0,0,0,0,0
74338499,ASUS ROG STRIX B860-I GAMING WIFI 코잇,0,0,0,0,0,0,0,"416,230","416,230",0,0,0,0,0,0,0,0,0
17926748,ASUS ROG STRIX X670E-A GAMING WIFI STCOM,0,0,0,0,0,0,0,"670,890","670,890",0,0,0,0,0,0,0,0,0
17926787,ASUS ROG STRIX X670E-A GAMING WIFI 대원씨티에스,0,0,0,0,0,0,0,"421,940","421,940",0,0,0,0,0,0,0,0,0
13158504,ASUS ROG STRIX X670E-F GAMING WIFI STCOM,0,0,0,0,0,0,0,"749,000","749,000",0,0,0,0,0,0,0,0,0
67694840,ASUS ROG STRIX X870-A GAMING WIFI STCOM,0,0,0,0,0,0,0,"537,990","537,990",0,0,0,0,0,0,0,0,0
67852265,ASUS ROG STRIX X870-A GAMING WIFI 대원씨티에스,0,0,0,0,0,0,0,"716,510","716,510",0,0,0,0,0,0,0,0,0
77460980,ASUS ROG STRIX X870-A GAMING WIFI 인텍앤컴퍼니,0,0,0,0,0,0,0,"539,000","539,000",0,0,0,0,0,0,0,0,0
67695545,ASUS ROG STRIX X870-F GAMING WIFI STCOM,0,0,0,0,0,0,0,"712,000","712,000",0,0,0,0,0,0,0,0,0
67852793,ASUS ROG STRIX X870-F GAMING WIFI 대원씨티에스,0,0,0,0,0,0,0,"647,460","647,460",0,0,0,0,0,0,0,0,0
67976948,ASUS ROG STRIX X870-I GAMING WIFI STCOM,0,0,0,0,0,0,0,"746,610","746,610",0,0,0,0,0,0,0,0,0
67852946,ASUS ROG STRIX X870-I GAMING WIFI 대원씨티에스,0,0,0,0,0,0,0,"740,000","740,000",0,0,0,0,0,0,0,0,0
122930700,ASUS ROG STRIX X870-I GAMING WIFI 인텍앤컴퍼니,0,0,0,0,0,0,0,"520,000","520,000",0,0,0,0,0,0,0,0,0
122676913,ASUS ROG STRIX X870E-A GAMING WIFI7 NEO STCOM,0,0,0,0,0,0,0,"687,270","687,270",0,0,0,0,0,0,0,0,0
122645205,ASUS ROG STRIX X870E-A GAMING WIFI7 NEO 대원씨티에스,0,0,0,0,0,0,0,"671,830","671,830",0,0,0,0,0,0,0,0,0
122663659,ASUS ROG STRIX X870E-A GAMING WIFI7 NEO 인텍앤컴퍼니,0,0,0,0,0,0,0,"663,140","663,140",0,0,0,0,0,0,0,0,0
67694921,ASUS ROG STRIX X870E-E GAMING WIFI STCOM,0,0,0,0,0,0,0,"835,000","835,000",0,0,0,0,0,0,0,0,0
67852766,ASUS ROG STRIX X870E-E GAMING WIFI 대원씨티에스,0,0,0,0,0,0,0,"1,050,000","1,050,000",0,0,0,0,0,0,0,0,0
122684807,ASUS ROG STRIX X870E-E GAMING WIFI7 NEO STCOM,0,0,0,0,0,0,0,"910,980","910,980",0,0,0,0,0,0,0,0,0
122642210,ASUS ROG STRIX X870E-E GAMING WIFI7 NEO 대원씨티에스,0,0,0,0,0,0,0,"891,340","891,340",0,0,0,0,0,0,0,0,0
97476215,ASUS ROG STRIX X870E-H GAMING WIFI7 STCOM,0,0,0,0,0,0,0,"568,970","568,970",0,0,0,0,0,0,0,0,0
98544125,ASUS ROG STRIX X870E-H GAMING WIFI7 대원씨티에스,0,0,0,0,0,0,0,"626,000","626,000",0,0,0,0,0,0,0,0,0
11210097,ASUS ROG STRIX Z490-E GAMING STCOM,0,0,0,0,0,0,0,"500,000","500,000",0,0,0,0,0,0,0,0,0
13355441,ASUS ROG STRIX Z590-F GAMING WIFI 인텍앤컴퍼니,0,0,0,0,0,0,0,"600,000","600,000",0,0,0,0,0,0,0,0,0
69656168,ASUS ROG STRIX Z890-A GAMING WIFI 인텍앤컴퍼니,0,0,0,0,0,0,0,"518,900","518,900",0,0,0,0,0,0,0,0,0
69662105,ASUS ROG STRIX Z890-E GAMING WIFI STCOM,0,0,0,0,0,0,0,"826,000","823,000",0,0,0,0,0,0,0,0,0
69656276,ASUS ROG STRIX Z890-E GAMING WIFI 인텍앤컴퍼니,0,0,0,0,0,0,0,"788,240","788,240",0,0,0,0,0,0,0,0,0
69696863,ASUS ROG STRIX Z890-E GAMING WIFI 코잇,0,0,0,0,0,0,0,"814,970","814,970",0,0,0,0,0,0,0,0,0
69662114,ASUS ROG STRIX Z890-F GAMING WIFI STCOM,0,0,0,0,0,0,0,"730,000","730,000",0,0,0,0,0,0,0,0,0
69656426,ASUS ROG STRIX Z890-F GAMING WIFI 인텍앤컴퍼니,0,0,0,0,0,0,0,"720,040","720,040",0,0,0,0,0,0,0,0,0
69696959,ASUS ROG STRIX Z890-F GAMING WIFI 코잇,0,0,0,0,0,0,0,"744,500","744,500",0,0,0,0,0,0,0,0,0
74808266,ASUS ROG STRIX Z890-I GAMING WIFI 인텍앤컴퍼니,0,0,0,0,0,0,0,"788,240","788,240",0,0,0,0,0,0,0,0,0
69697016,ASUS ROG STRIX Z890-I GAMING WIFI 코잇,0,0,0,0,0,0,0,"738,280","738,280",0,0,0,0,0,0,0,0,0
12761789,ASUS ROG ZENITH EXTREME ALPHA 대원씨티에스,0,0,0,0,0,0,0,"741,930","741,930",0,0,0,0,0,0,0,0,0
13396157,ASUS TUF B450M-PRO GAMING (해외구매),0,0,0,0,0,0,0,"182,770","182,770",0,0,0,0,0,0,0,0,0
20318291,ASUS TUF Gaming A620-PRO WIFI STCOM,0,0,0,0,0,0,0,"276,770","276,770",0,0,0,0,0,0,0,0,0
19925807,ASUS TUF Gaming A620M-PLUS STCOM,0,0,0,0,0,0,0,"186,000","186,000",0,0,0,0,0,0,0,0,0
19926059,ASUS TUF Gaming A620M-PLUS WIFI STCOM,0,0,0,0,0,0,0,"205,000","205,000",0,0,0,0,0,0,0,0,0
19927037,ASUS TUF Gaming A620M-PLUS WIFI 대원씨티에스,0,0,0,0,0,0,0,"181,000","181,000",0,0,0,0,0,0,0,0,0
19926731,ASUS TUF Gaming A620M-PLUS 대원씨티에스,0,0,0,0,0,0,0,"154,990","154,990",0,0,0,0,0,0,0,0,0
11571368,ASUS TUF Gaming B550M-PLUS STCOM,0,0,0,0,0,0,0,"154,930","154,930",0,0,0,0,0,0,0,0,0
18398498,ASUS TUF Gaming B560M-PLUS WIFI (해외구매),0,0,0,0,0,0,0,"279,550","282,590",0,0,0,0,0,0,0,0,0
13561976,ASUS TUF Gaming B560M-PLUS WIFI 인텍앤컴퍼니,0,0,0,0,0,0,0,"330,000","330,000",0,0,0,0,0,0,0,0,0
18044558,ASUS TUF Gaming B650-PLUS WIFI STCOM,0,0,0,0,0,0,0,"389,000","358,710",0,0,0,0,0,0,0,0,0
95421218,ASUS TUF Gaming B650EM-E WIFI STCOM,0,0,0,0,0,0,0,"207,000","207,000",0,0,0,0,0,0,0,0,0
93703418,ASUS TUF Gaming B650EM-E WIFI 대원씨티에스,0,0,0,0,0,0,0,"200,650","200,650",0,0,0,0,0,0,0,0,0
99893756,ASUS TUF Gaming B650EM-E WIFI 인텍앤컴퍼니,0,0,0,0,0,0,0,"199,000","199,000",0,0,0,0,0,0,0,0,0
48476933,ASUS TUF Gaming B650M-E STCOM,0,0,0,0,0,0,0,"214,950","214,950",0,0,0,0,0,0,0,0,0
21427535,ASUS TUF Gaming B650M-E WIFI 대원씨티에스,0,0,0,0,0,0,0,"267,000","267,000",0,0,0,0,0,0,0,0,0
18044519,ASUS TUF Gaming B650M-PLUS STCOM,0,0,0,0,0,0,0,"267,430","267,430",0,0,0,0,0,0,0,0,0
18044522,ASUS TUF Gaming B650M-PLUS WIFI STCOM,0,0,0,0,0,0,0,"249,100","249,100",0,0,0,0,0,0,0,0,0
16085327,ASUS TUF Gaming B660M-E D4 인텍앤컴퍼니,0,0,0,0,0,0,0,"226,900","226,900",0,0,0,0,0,0,0,0,0
19306598,ASUS TUF Gaming B760-PLUS WIFI 인텍앤컴퍼니,0,0,0,0,0,0,0,"462,000","462,000",0,0,0,0,0,0,0,0,0
19756199,ASUS TUF Gaming B760-PLUS WIFI 코잇,0,0,0,0,0,0,0,"281,560","281,560",0,0,0,0,0,0,0,0,0
34815659,ASUS TUF Gaming B760M-PLUS II 코잇,0,0,0,0,0,0,0,"161,960","161,960",0,0,0,0,0,0,0,0,0
19628207,ASUS TUF Gaming B760M-PLUS 코잇,0,0,0,0,0,0,0,"190,890","190,890",0,0,0,0,0,0,0,0,0
96656717,ASUS TUF Gaming B850-BTF WIFI W STCOM,0,0,0,0,0,0,0,"401,410","401,410",0,0,0,0,0,0,0,0,0
92678840,ASUS TUF Gaming B850-BTF WIFI W 인텍앤컴퍼니,0,0,0,0,0,0,0,"390,140","390,140",0,0,0,0,0,0,0,0,0
73884083,ASUS TUF Gaming B850-PLUS WIFI STCOM,0,0,0,0,0,0,0,"319,680","319,680",0,0,0,0,0,0,0,0,0
73763492,ASUS TUF Gaming B850-PLUS WIFI 대원씨티에스,0,0,0,0,0,0,0,"303,450","303,460",0,0,0,0,0,0,0,0,0
77460911,ASUS TUF Gaming B850-PLUS WIFI 인텍앤컴퍼니,0,0,0,0,0,0,0,"310,070","310,070",0,0,0,0,0,0,0,0,0
122670820,ASUS TUF Gaming B850-PRO WIFI7 W NEO STCOM,0,0,0,0,0,0,0,"337,570","337,570",0,0,0,0,0,0,0,0,0
122642328,ASUS TUF Gaming B850-PRO WIFI7 W NEO 대원씨티에스,0,0,0,0,0,0,0,"327,750","327,750",0,0,0,0,0,0,0,0,0
122663671,ASUS TUF Gaming B850-PRO WIFI7 W NEO 인텍앤컴퍼니,0,0,0,0,0,0,0,"328,400","328,400",0,0,0,0,0,0,0,0,0
95988443,ASUS TUF Gaming B850M-E WIFI STCOM,0,0,0,0,0,0,0,"252,980","252,980",0,0,0,0,0,0,0,0,0
97121303,ASUS TUF Gaming B850M-E WIFI 대원씨티에스,0,0,0,0,0,0,0,"240,360","240,360",0,0,0,0,0,0,0,0,0
95988578,ASUS TUF Gaming B850M-PLUS II STCOM,0,0,0,0,0,0,0,"243,620","243,620",0,0,0,0,0,0,0,0,0
97119116,ASUS TUF Gaming B850M-PLUS II 대원씨티에스,0,0,0,0,0,0,0,"233,490","233,490",0,0,0,0,0,0,0,0,0
103188215,ASUS TUF Gaming B850M-PLUS II 인텍앤컴퍼니,0,0,0,0,0,0,0,"240,370","240,370",0,0,0,0,0,0,0,0,0
73884029,ASUS TUF Gaming B850M-PLUS STCOM,0,0,0,0,0,0,0,"254,000","254,000",0,0,0,0,0,0,0,0,0
73884041,ASUS TUF Gaming B850M-PLUS WIFI STCOM,0,0,0,0,0,0,0,"251,000","251,000",0,0,0,0,0,0,0,0,0
73763909,ASUS TUF Gaming B850M-PLUS WIFI 대원씨티에스,0,0,0,0,0,0,0,"233,030","233,030",0,0,0,0,0,0,0,0,0
74491250,ASUS TUF Gaming B850M-PLUS WIFI 인텍앤컴퍼니,0,0,0,0,0,0,0,"275,650","275,650",0,0,0,0,0,0,0,0,0
95988710,ASUS TUF Gaming B850M-PLUS WIFI7 STCOM,0,0,0,0,0,0,0,"260,660","260,660",0,0,0,0,0,0,0,0,0
95988944,ASUS TUF Gaming B850M-PLUS WIFI7 W STCOM,0,0,0,0,0,0,0,"268,760","268,760",0,0,0,0,0,0,0,0,0
97120361,ASUS TUF Gaming B850M-PLUS WIFI7 W 대원씨티에스,0,0,0,0,0,0,0,"271,820","271,810",0,0,0,0,0,0,0,0,0
101184935,ASUS TUF Gaming B850M-PLUS WIFI7 W 인텍앤컴퍼니,0,0,0,0,0,0,0,"269,950","269,950",0,0,0,0,0,0,0,0,0
97118543,ASUS TUF Gaming B850M-PLUS WIFI7 대원씨티에스,0,0,0,0,0,0,0,"261,100","261,080",0,0,0,0,0,0,0,0,0
99894263,ASUS TUF Gaming B850M-PLUS WIFI7 인텍앤컴퍼니,0,0,0,0,0,0,0,"265,880","265,880",0,0,0,0,0,0,0,0,0
73883426,ASUS TUF Gaming B850M-PLUS 대원씨티에스,0,0,0,0,0,0,0,"328,890","328,890",0,0,0,0,0,0,0,0,0
74254724,ASUS TUF Gaming B860-PLUS WIFI STCOM,0,0,0,0,0,0,0,"282,940","282,940",0,0,0,0,0,0,0,0,0
74255378,ASUS TUF Gaming B860-PLUS WIFI 인텍앤컴퍼니,0,0,0,0,0,0,0,"281,270","281,270",0,0,0,0,0,0,0,0,0
74254832,ASUS TUF Gaming B860M-PLUS STCOM,0,0,0,0,0,0,0,"241,970","241,970",0,0,0,0,0,0,0,0,0
74254814,ASUS TUF Gaming B860M-PLUS WIFI STCOM,0,0,0,0,0,0,0,"273,970","273,970",0,0,0,0,0,0,0,0,0
67695563,ASUS TUF Gaming X870-PLUS WIFI STCOM,0,0,0,0,0,0,0,"437,000","437,000",0,0,0,0,0,0,0,0,0
67852838,ASUS TUF Gaming X870-PLUS WIFI 대원씨티에스,0,0,0,0,0,0,0,"381,960","381,960",0,0,0,0,0,0,0,0,0
74814188,ASUS TUF Gaming X870-PLUS WIFI 인텍앤컴퍼니,0,0,0,0,0,0,0,"334,370","334,370",0,0,0,0,0,0,0,0,0
122621357,ASUS TUF Gaming X870-PRO WIFI7 W NEO STCOM,0,0,0,0,0,0,0,"406,390","406,390",0,0,0,0,0,0,0,0,0
106746452,ASUS TUF Gaming X870-PRO WIFI7 W NEO 대원씨티에스,0,0,0,0,0,0,0,"391,700","391,700",0,0,0,0,0,0,0,0,0
97475957,ASUS TUF Gaming X870E-PLUS WIFI7 STCOM,0,0,0,0,0,0,0,"417,880","417,880",0,0,0,0,0,0,0,0,0
99288923,ASUS TUF Gaming X870E-PLUS WIFI7 대원씨티에스,0,0,0,0,0,0,0,"402,230","402,210",0,0,0,0,0,0,0,0,0
103183034,ASUS TUF Gaming X870E-PLUS WIFI7 인텍앤컴퍼니,0,0,0,0,0,0,0,"418,990","418,990",0,0,0,0,0,0,0,0,0
13587644,ASUS TUF Gaming Z590-PLUS 인텍앤컴퍼니,0,0,0,0,0,0,0,"500,000","500,000",0,0,0,0,0,0,0,0,0
69697058,ASUS TUF Gaming Z890-PLUS WIFI 코잇,0,0,0,0,0,0,0,"395,890","395,890",0,0,0,0,0,0,0,0,0
69662171,ASUS TUF Gaming Z890-PRO WIFI STCOM,0,0,0,0,0,0,0,"412,770","412,770",0,0,0,0,0,0,0,0,0
8345859,ASUS WS X299 SAGE/10G STCOM,0,0,0,0,0,0,0,"1,219,000","1,219,000",0,0,0,0,0,0,0,0,0
42860537,ASUS Z13PE-D16 STCOM,0,0,0,0,0,0,0,"2,054,960","2,054,960",0,0,0,0,0,0,0,0,0
69662327,ASUS Z890 AYW GAMING WIFI W STCOM,0,0,0,0,0,0,0,"424,890","424,890",0,0,0,0,0,0,0,0,0
69661004,ASUS Z890 AYW GAMING WIFI W 인텍앤컴퍼니,0,0,0,0,0,0,0,"393,630","393,630",0,0,0,0,0,0,0,0,0
69697280,ASUS Z890 AYW GAMING WIFI W 코잇,0,0,0,0,0,0,0,"392,290","392,290",0,0,0,0,0,0,0,0,0
6897841,B150 M-ATX (중고),0,0,0,0,0,0,0,"31,150","31,130",0,0,0,0,0,0,0,0,0
11973377,B360 (중고),0,0,0,0,0,0,0,"34,900","34,900",0,0,0,0,0,0,0,0,0
11973419,B365 (중고),0,0,0,0,0,0,0,"39,890","39,890",0,0,0,0,0,0,0,0,0
13902929,B450 (중고),0,0,0,0,0,0,0,"61,000","61,000",0,0,0,0,0,0,0,0,0
108411866,BIOSTAR A520MSP 제이씨현,0,0,0,0,0,0,0,"61,980","61,980",0,0,0,0,0,0,0,0,0
97903310,BIOSTAR A620MS-E 제이씨현,0,0,0,0,0,0,0,"76,000","76,000",0,0,0,0,0,0,0,0,0
29759561,BIOSTAR B650MT-E PRO 제이씨현,0,0,0,0,0,0,0,"118,810","118,810",0,0,0,0,0,0,0,0,0
78102320,BIOSTAR B850MT-E PRO 제이씨현,0,0,0,0,0,0,0,"128,990","128,990",0,0,0,0,0,0,0,0,0
95930900,BIOSTAR B850MT2-E DJ 제이씨현,0,0,0,0,0,0,0,"99,000","99,000",0,0,0,0,0,0,0,0,0
20178734,BIOSTAR H610MH D5 이엠텍,0,0,0,0,0,0,0,"98,050","98,050",0,0,0,0,0,0,0,0,0
28248743,BIOSTAR H610MHD D5 제이씨현,0,0,0,0,0,0,0,"84,980","79,050",0,0,0,0,0,0,0,0,0
28248950,BIOSTAR H610MS 제이씨현,0,0,0,0,0,0,0,"65,000","65,000",0,0,0,0,0,0,0,0,0
103694657,BIOSTAR H610MT-E D5 제이씨현,0,0,0,0,0,0,0,"82,730","82,730",0,0,0,0,0,0,0,0,0
122645671,BIOSTAR H810MT-E 2.0 제이씨현,0,0,0,0,0,0,0,"107,900","107,900",0,0,0,0,0,0,0,0,0
30311870,COLORFUL BATTLE-AX A520M-K M.2 V14 STCOM,0,0,0,0,0,0,0,"161,220","161,220",0,0,0,0,0,0,0,0,0
106785044,COLORFUL BATTLE-AX A520M-K M.2 V14 도우정보,0,0,0,0,0,0,0,"68,000","68,000",0,0,0,0,0,0,0,0,0
106784699,COLORFUL BATTLE-AX B650M-E PRO V14 도우정보,0,0,0,0,0,0,0,"116,000","116,000",0,0,0,0,0,0,0,0,0
60151763,COLORFUL BATTLE-AX B650M-PLUS V14 STCOM,0,0,0,0,0,0,0,"138,270","133,040",0,0,0,0,0,0,0,0,0
106785122,COLORFUL BATTLE-AX B760M-D PRO D4 V20 도우정보,0,0,0,0,0,0,0,"125,000","125,000",0,0,0,0,0,0,0,0,0
20738630,COLORFUL BATTLE-AX B760M-K V20 D5 STCOM,0,0,0,0,0,0,0,"124,610","124,610",0,0,0,0,0,0,0,0,0
18663323,COLORFUL BATTLE-AX B760M-PLUS V20 D5 STCOM,0,0,0,0,0,0,0,"154,720","149,750",0,0,0,0,0,0,0,0,0
94129904,COLORFUL BATTLE-AX B850M-PLUS PRO WIFI V14 STCOM,0,0,0,0,0,0,0,"178,580","178,580",0,0,0,0,0,0,0,0,0
124075601,COLORFUL BATTLE-AX B850M-PLUS S WIFI7 V14 도우정보,0,0,0,0,0,0,0,"191,020","191,020",0,0,0,0,0,0,0,0,0
106784549,COLORFUL BATTLE-AX B850M-T WIFI V14 도우정보,0,0,0,0,0,0,0,"165,000","165,000",0,0,0,0,0,0,0,0,0
58115534,COLORFUL COLORFIRE B760M-MEOW WIFI D5 ORANGE STCOM,0,0,0,0,0,0,0,"236,990","236,990",0,0,0,0,0,0,0,0,0
89861528,COLORFUL CVN X870 ARK FROZEN V14 STCOM,0,0,0,0,0,0,0,"340,360","340,360",0,0,0,0,0,0,0,0,0
124076275,COLORFUL CVN X870E ARK FROZEN V14 도우정보,0,0,0,0,0,0,0,"355,530","355,530",0,0,0,0,0,0,0,0,0
106785227,COLORFUL H610M-D V20A 도우정보,0,0,0,0,0,0,0,"75,000","75,000",0,0,0,0,0,0,0,0,0
19523846,COLORFUL H610M-E M.2 V20 D4 STCOM,0,0,0,0,0,0,0,"77,740","77,740",0,0,0,0,0,0,0,0,0
19753526,ECS DURATHON2 B760H7-M8 코잇,0,0,0,0,0,0,0,"142,580","142,580",0,0,0,0,0,0,0,0,0
19673975,ECS DURATHON2 B760H7-M8 코잇 (벌크),0,0,0,0,0,0,0,"142,140","142,140",0,0,0,0,0,0,0,0,0
10525335,ECS DURATHON2 GLKD-I-J4005 코잇 (벌크),0,0,0,0,0,0,0,"기본_475,990|65W 어댑터_470,580","기본_475,990|65W 어댑터_470,580",0,0,0,0,0,0,0,0,0
16313690,ECS DURATHON2 GLKD-I-N4020 코잇 (벌크),0,0,0,0,0,0,0,"기본_475,990|65W 어댑터_495,990","기본_475,990|65W 어댑터_495,990",0,0,0,0,0,0,0,0,0
17395088,ECS DURATHON2 H610H7-M2 코잇,0,0,0,0,0,0,0,"103,220","103,220",0,0,0,0,0,0,0,0,0
19240112,ECS H610H7-TI5 코잇,0,0,0,0,0,0,0,"기본_165,000","기본_165,000",0,0,0,0,0,0,0,0,0
122678230,ECS H810H8-TI 코잇,0,0,0,0,0,0,0,"175,460||","175,460||",0,0,0,0,0,0,0,0,0
6500307,GIGABYTE A320M-H 듀러블에디션 피씨디렉트,0,0,0,0,0,0,0,"110,000","110,000",0,0,0,0,0,0,0,0,0
20459081,GIGABYTE A520M K V2 제이씨현,0,0,0,0,0,0,0,"55,990","55,990",0,0,0,0,0,0,0,0,0
19431530,GIGABYTE A520M K V2 피씨디렉트,0,0,0,0,0,0,0,"55,990","55,990",0,0,0,0,0,0,0,0,0
12077093,GIGABYTE A520M S2H 듀러블에디션 제이씨현,0,0,0,0,0,0,0,"465,000","465,000",0,0,0,0,0,0,0,0,0
19673600,GIGABYTE A620M GAMING X 제이씨현,0,0,0,0,0,0,0,"151,520","151,520",0,0,0,0,0,0,0,0,0
19725299,GIGABYTE A620M GAMING X 피씨디렉트,0,0,0,0,0,0,0,"168,230","168,230",0,0,0,0,0,0,0,0,0
106465508,GIGABYTE A620M H 피씨디렉트,0,0,0,0,0,0,0,"96,110","96,110",0,0,0,0,0,0,0,0,0
11684576,GIGABYTE B550M AORUS ELITE 제이씨현,0,0,0,0,0,0,0,"117,680","117,680",0,0,0,0,0,0,0,0,0
11751599,GIGABYTE B550M AORUS ELITE 피씨디렉트,0,0,0,0,0,0,0,"117,330","117,330",0,0,0,0,0,0,0,0,0
124298817,GIGABYTE B550M X AORUS ELITE 피씨디렉트,0,0,0,0,0,0,0,"143,990","143,990",0,0,0,0,0,0,0,0,0
30070400,GIGABYTE B650 AORUS ELITE AX ICE 제이씨현,0,0,0,0,0,0,0,"262,000","281,000",0,0,0,0,0,0,0,0,0
32078006,GIGABYTE B650 AORUS ELITE V2 제이씨현,0,0,0,0,0,0,0,"200,000","200,000",0,0,0,0,0,0,0,0,0
32071067,GIGABYTE B650 AORUS ELITE V2 피씨디렉트,0,0,0,0,0,0,0,"361,300","361,300",0,0,0,0,0,0,0,0,0
18189497,GIGABYTE B650 AORUS ELITE 피씨디렉트,0,0,0,0,0,0,0,"212,500","212,500",0,0,0,0,0,0,0,0,0
34741730,GIGABYTE B650E AORUS ELITE X AX ICE 제이씨현,0,0,0,0,0,0,0,"251,690","251,690",0,0,0,0,0,0,0,0,0
102553601,GIGABYTE B650EM DS3H WIFI6E 피씨디렉트,0,0,0,0,0,0,0,"160,380","160,380",0,0,0,0,0,0,0,0,0
29863127,GIGABYTE B650M AORUS ELITE AX ICE 제이씨현,0,0,0,0,0,0,0,"291,400","240,000",0,0,0,0,0,0,0,0,0
29916821,GIGABYTE B650M AORUS ELITE AX ICE 피씨디렉트,0,0,0,0,0,0,0,"239,040","239,040",0,0,0,0,0,0,0,0,0
18113015,GIGABYTE B650M AORUS ELITE AX 피씨디렉트,0,0,0,0,0,0,0,"198,910","198,910",0,0,0,0,0,0,0,0,0
17970338,GIGABYTE B650M AORUS ELITE 제이씨현,0,0,0,0,0,0,0,"173,230","170,230",0,0,0,0,0,0,0,0,0
20324882,GIGABYTE B650M K 제이씨현,0,0,0,0,0,0,0,"112,980","112,980",0,0,0,0,0,0,0,0,0
21727307,GIGABYTE B650M K 피씨디렉트,0,0,0,0,0,0,0,"115,910","115,900",0,0,0,0,0,0,0,0,0
21731021,GIGABYTE B650M S2H 제이씨현,0,0,0,0,0,0,0,"174,720","174,720",0,0,0,0,0,0,0,0,0
105817802,GIGABYTE B760M AORUS ELITE D4 GEN5 제이씨현,0,0,0,0,0,0,0,"177,480","177,480",0,0,0,0,0,0,0,0,0
105813494,GIGABYTE B760M AORUS ELITE D4 GEN5 피씨디렉트,0,0,0,0,0,0,0,"172,910","172,910",0,0,0,0,0,0,0,0,0
18651545,GIGABYTE B760M AORUS ELITE D4 피씨디렉트,0,0,0,0,0,0,0,"197,330","197,330",0,0,0,0,0,0,0,0,0
90271250,GIGABYTE B760M AORUS ELITE GEN5 제이씨현,0,0,0,0,0,0,0,"174,450","174,450",0,0,0,0,0,0,0,0,0
90502931,GIGABYTE B760M AORUS ELITE GEN5 피씨디렉트,0,0,0,0,0,0,0,"176,230","176,230",0,0,0,0,0,0,0,0,0
18649997,GIGABYTE B760M AORUS ELITE 제이씨현,0,0,0,0,0,0,0,"190,000","190,000",0,0,0,0,0,0,0,0,0
18651431,GIGABYTE B760M AORUS ELITE 피씨디렉트,0,0,0,0,0,0,0,"190,000","190,000",0,0,0,0,0,0,0,0,0
94888226,GIGABYTE B760M D2HX LITE SI GEN5 피씨디렉트 (벌크),0,0,0,0,0,0,0,"98,180","98,180",0,0,0,0,0,0,0,0,0
106044725,GIGABYTE B760M DS3H D4 GEN5 제이씨현,0,0,0,0,0,0,0,"130,620","130,620",0,0,0,0,0,0,0,0,0
109597367,GIGABYTE B760M DS3H D4 GEN5 피씨디렉트,0,0,0,0,0,0,0,"131,630","131,630",0,0,0,0,0,0,0,0,0
18650483,GIGABYTE B760M DS3H D4 제이씨현,0,0,0,0,0,0,0,"123,180","123,180",0,0,0,0,0,0,0,0,0
18651560,GIGABYTE B760M DS3H D4 피씨디렉트,0,0,0,0,0,0,0,"122,270","122,270",0,0,0,0,0,0,0,0,0
91871951,GIGABYTE B760M DS3H GEN5 제이씨현,0,0,0,0,0,0,0,"132,990","132,990",0,0,0,0,0,0,0,0,0
91872095,GIGABYTE B760M DS3H GEN5 피씨디렉트,0,0,0,0,0,0,0,"135,840","135,840",0,0,0,0,0,0,0,0,0
106047329,GIGABYTE B760M DS3H WIFI6E D4 GEN5 제이씨현,0,0,0,0,0,0,0,"155,120","155,120",0,0,0,0,0,0,0,0,0
105968915,GIGABYTE B760M DS3H WIFI6E D4 GEN5 피씨디렉트,0,0,0,0,0,0,0,"145,220","145,220",0,0,0,0,0,0,0,0,0
18813608,GIGABYTE B760M DS3H 제이씨현,0,0,0,0,0,0,0,"139,000","139,000",0,0,0,0,0,0,0,0,0
18781991,GIGABYTE B760M DS3H 피씨디렉트,0,0,0,0,0,0,0,"151,720","151,720",0,0,0,0,0,0,0,0,0
73892279,GIGABYTE B850 AORUS ELITE WIFI7 ICE 제이씨현,0,0,0,0,0,0,0,"289,030","289,030",0,0,0,0,0,0,0,0,0
73891778,GIGABYTE B850 AORUS ELITE WIFI7 ICE 피씨디렉트,0,0,0,0,0,0,0,"291,490","291,490",0,0,0,0,0,0,0,0,0
73892309,GIGABYTE B850 AORUS ELITE WIFI7 제이씨현,0,0,0,0,0,0,0,"260,000","260,000",0,0,0,0,0,0,0,0,0
73891739,GIGABYTE B850 AORUS ELITE WIFI7 피씨디렉트,0,0,0,0,0,0,0,"279,290","279,290",0,0,0,0,0,0,0,0,0
122726156,GIGABYTE B850 AORUS ELITE X3D 제이씨현,0,0,0,0,0,0,0,"317,980","317,980",0,0,0,0,0,0,0,0,0
122718466,GIGABYTE B850 AORUS ELITE X3D 피씨디렉트,0,0,0,0,0,0,0,"310,280","310,280",0,0,0,0,0,0,0,0,0
124088229,GIGABYTE B850 AORUS ELITE-P ICE 제이씨현,0,0,0,0,0,0,0,"319,020","319,020",0,0,0,0,0,0,0,0,0
124130429,GIGABYTE B850 AORUS ELITE-P ICE 피씨디렉트,0,0,0,0,0,0,0,"319,700","319,700",0,0,0,0,0,0,0,0,0
93500939,GIGABYTE B850 AORUS STEALTH ICE 제이씨현,0,0,0,0,0,0,0,"379,000","379,000",0,0,0,0,0,0,0,0,0
93442604,GIGABYTE B850 AORUS STEALTH ICE 피씨디렉트,0,0,0,0,0,0,0,"378,220","378,220",0,0,0,0,0,0,0,0,0
108227489,GIGABYTE B850 AORUS STEALTH 제이씨현,0,0,0,0,0,0,0,"378,990","378,990",0,0,0,0,0,0,0,0,0
104966336,GIGABYTE B850 AORUS STEALTH 피씨디렉트,0,0,0,0,0,0,0,"378,180","378,180",0,0,0,0,0,0,0,0,0
99746582,GIGABYTE B850 EAGLE ICE 제이씨현,0,0,0,0,0,0,0,"224,890","224,890",0,0,0,0,0,0,0,0,0
100192475,GIGABYTE B850 EAGLE ICE 피씨디렉트,0,0,0,0,0,0,0,"220,090","220,070",0,0,0,0,0,0,0,0,0
77856971,GIGABYTE B850I AORUS PRO 피씨디렉트,0,0,0,0,0,0,0,"317,750","317,750",0,0,0,0,0,0,0,0,0
73892423,GIGABYTE B850M AORUS ELITE WIFI6E ICE 제이씨현,0,0,0,0,0,0,0,"209,000","209,000",0,0,0,0,0,0,0,0,0
73892000,GIGABYTE B850M AORUS ELITE WIFI6E ICE 피씨디렉트,0,0,0,0,0,0,0,"221,650","221,640",0,0,0,0,0,0,0,0,0
78843671,GIGABYTE B850M AORUS ELITE WIFI6E 제이씨현,0,0,0,0,0,0,0,"214,630","214,630",0,0,0,0,0,0,0,0,0
79000790,GIGABYTE B850M AORUS ELITE WIFI6E 피씨디렉트,0,0,0,0,0,0,0,"222,430","222,430",0,0,0,0,0,0,0,0,0
99746822,GIGABYTE B850M AORUS ELITE WIFI7 ICE-P 제이씨현,0,0,0,0,0,0,0,"315,000","315,000",0,0,0,0,0,0,0,0,0
99945386,GIGABYTE B850M AORUS ELITE WIFI7 ICE-P 피씨디렉트,0,0,0,0,0,0,0,"236,500","236,500",0,0,0,0,0,0,0,0,0
106727312,GIGABYTE B850M AORUS PRO WIFI7 제이씨현,0,0,0,0,0,0,0,"250,870","250,870",0,0,0,0,0,0,0,0,0
106695713,GIGABYTE B850M AORUS PRO WIFI7 피씨디렉트,0,0,0,0,0,0,0,"252,800","252,800",0,0,0,0,0,0,0,0,0
122711070,GIGABYTE B850M AORUS STEALTH ICE 제이씨현,0,0,0,0,0,0,0,"298,790","298,790",0,0,0,0,0,0,0,0,0
122710775,GIGABYTE B850M AORUS STEALTH ICE 피씨디렉트,0,0,0,0,0,0,0,"280,970","280,970",0,0,0,0,0,0,0,0,0
122711072,GIGABYTE B850M AORUS STEALTH 제이씨현,0,0,0,0,0,0,0,"278,750","278,750",0,0,0,0,0,0,0,0,0
122710792,GIGABYTE B850M AORUS STEALTH 피씨디렉트,0,0,0,0,0,0,0,"281,000","281,000",0,0,0,0,0,0,0,0,0
77460818,GIGABYTE B850M DS3H ICE 제이씨현,0,0,0,0,0,0,0,"164,270","164,270",0,0,0,0,0,0,0,0,0
77620880,GIGABYTE B850M DS3H ICE 피씨디렉트,0,0,0,0,0,0,0,"154,090","154,090",0,0,0,0,0,0,0,0,0
73892354,GIGABYTE B850M DS3H 제이씨현,0,0,0,0,0,0,0,"158,990","158,990",0,0,0,0,0,0,0,0,0
73892084,GIGABYTE B850M DS3H 피씨디렉트,0,0,0,0,0,0,0,"154,580","154,580",0,0,0,0,0,0,0,0,0
122699665,GIGABYTE B850M FORCE V2 제이씨현,0,0,0,0,0,0,0,"139,000","139,000",0,0,0,0,0,0,0,0,0
106704263,GIGABYTE B850M FORCE V2 피씨디렉트,0,0,0,0,0,0,0,"150,570","150,570",0,0,0,0,0,0,0,0,0
95280263,GIGABYTE B850M FORCE 제이씨현,0,0,0,0,0,0,0,"147,300","147,300",0,0,0,0,0,0,0,0,0
95200499,GIGABYTE B850M FORCE 피씨디렉트,0,0,0,0,0,0,0,"150,070","150,070",0,0,0,0,0,0,0,0,0
122697197,GIGABYTE B850M GAMING X WIFI6E 제이씨현,0,0,0,0,0,0,0,"188,070","188,070",0,0,0,0,0,0,0,0,0
122694530,GIGABYTE B850M GAMING X WIFI6E 피씨디렉트,0,0,0,0,0,0,0,"190,160","190,160",0,0,0,0,0,0,0,0,0
74250827,GIGABYTE B860 AORUS ELITE WIFI7 ICE 제이씨현,0,0,0,0,0,0,0,"279,770","279,770",0,0,0,0,0,0,0,0,0
74255381,GIGABYTE B860 AORUS ELITE WIFI7 ICE 피씨디렉트,0,0,0,0,0,0,0,"276,900","276,900",0,0,0,0,0,0,0,0,0
74250974,GIGABYTE B860M AORUS ELITE WIFI6E ICE 제이씨현,0,0,0,0,0,0,0,"258,470","258,470",0,0,0,0,0,0,0,0,0
74255387,GIGABYTE B860M AORUS ELITE WIFI6E ICE 피씨디렉트,0,0,0,0,0,0,0,"248,100","248,100",0,0,0,0,0,0,0,0,0
74251187,GIGABYTE B860M AORUS ELITE WIFI6E 제이씨현,0,0,0,0,0,0,0,"261,100","261,100",0,0,0,0,0,0,0,0,0
74255390,GIGABYTE B860M AORUS ELITE WIFI6E 피씨디렉트,0,0,0,0,0,0,0,"244,430","244,430",0,0,0,0,0,0,0,0,0
74251253,GIGABYTE B860M AORUS ELITE 제이씨현,0,0,0,0,0,0,0,"216,980","216,980",0,0,0,0,0,0,0,0,0
74255384,GIGABYTE B860M AORUS ELITE 피씨디렉트,0,0,0,0,0,0,0,"215,260","215,260",0,0,0,0,0,0,0,0,0
74251349,GIGABYTE B860M DS3H 제이씨현,0,0,0,0,0,0,0,"167,460","167,460",0,0,0,0,0,0,0,0,0
74255393,GIGABYTE B860M DS3H 피씨디렉트,0,0,0,0,0,0,0,"170,220","170,220",0,0,0,0,0,0,0,0,0
122676874,GIGABYTE B860M GAMING X 제이씨현,0,0,0,0,0,0,0,"181,590","181,590",0,0,0,0,0,0,0,0,0
122669173,GIGABYTE B860M GAMING X 피씨디렉트,0,0,0,0,0,0,0,"180,740","180,740",0,0,0,0,0,0,0,0,0
5997948,GIGABYTE GA-A320M-S2H 듀러블에디션 피씨디렉트,0,0,0,0,0,0,0,"110,000","110,000",0,0,0,0,0,0,0,0,0
3025492,GIGABYTE GA-B75M-D3H (중고),0,0,0,0,0,0,0,"28,230","28,230",0,0,0,0,0,0,0,0,0
4490529,GIGABYTE GA-B85M-D3H (중고),0,0,0,0,0,0,0,"38,710","38,710",0,0,0,0,0,0,0,0,0
4496138,GIGABYTE GA-B85M-DS3H (중고),0,0,0,0,0,0,0,"30,000","30,000",0,0,0,0,0,0,0,0,0
6153517,GIGABYTE GA-H110M-DS2V 듀러블에디션 (중고),0,0,0,0,0,0,0,"32,000","32,000",0,0,0,0,0,0,0,0,0
6016659,GIGABYTE H370 HD3 듀러블에디션 피씨디렉트,0,0,0,0,0,0,0,"200,000","200,000",0,0,0,0,0,0,0,0,0
13830011,GIGABYTE H510M H 듀러블에디션 제이씨현,0,0,0,0,0,0,0,"960,000","960,000",0,0,0,0,0,0,0,0,0
17697992,GIGABYTE H610I D4 듀러블에디션 피씨디렉트,0,0,0,0,0,0,0,"161,960","161,960",0,0,0,0,0,0,0,0,0
16102367,GIGABYTE H610M H D4 듀러블에디션 제이씨현,0,0,0,0,0,0,0,"102,000","102,000",0,0,0,0,0,0,0,0,0
20462924,GIGABYTE H610M H V2 D4 제이씨현,0,0,0,0,0,0,0,"92,120","92,120",0,0,0,0,0,0,0,0,0
20119583,GIGABYTE H610M H V2 D4 피씨디렉트,0,0,0,0,0,0,0,"78,350","78,350",0,0,0,0,0,0,0,0,0
66046259,GIGABYTE H610M H V2 제이씨현,0,0,0,0,0,0,0,"96,420","96,420",0,0,0,0,0,0,0,0,0
64375265,GIGABYTE H610M H V2 피씨디렉트,0,0,0,0,0,0,0,"99,500","99,500",0,0,0,0,0,0,0,0,0
19619507,GIGABYTE H610M H 듀러블에디션 제이씨현,0,0,0,0,0,0,0,"108,000","108,000",0,0,0,0,0,0,0,0,0
18670778,GIGABYTE H610M K D4 제이씨현,0,0,0,0,0,0,0,"64,000","64,000",0,0,0,0,0,0,0,0,0
32002067,GIGABYTE H610M K D4 제이씨현 (벌크),0,0,0,0,0,0,0,"68,790","68,790",0,0,0,0,0,0,0,0,0
18663455,GIGABYTE H610M K D4 피씨디렉트,0,0,0,0,0,0,0,"67,870","67,870",0,0,0,0,0,0,0,0,0
66046349,GIGABYTE H610M K V2 제이씨현,0,0,0,0,0,0,0,"74,500","74,500",0,0,0,0,0,0,0,0,0
67678283,GIGABYTE H610M K V2 피씨디렉트,0,0,0,0,0,0,0,"77,110","77,100",0,0,0,0,0,0,0,0,0
19938515,GIGABYTE H610M K 제이씨현,0,0,0,0,0,0,0,"79,000","79,000",0,0,0,0,0,0,0,0,0
19999916,GIGABYTE H610M K 피씨디렉트,0,0,0,0,0,0,0,"81,000","81,000",0,0,0,0,0,0,0,0,0
16102667,GIGABYTE H610M S2H D4 듀러블에디션 제이씨현,0,0,0,0,0,0,0,"129,000","129,000",0,0,0,0,0,0,0,0,0
19242146,GIGABYTE H610M S2H V2 D4 듀러블에디션 제이씨현,0,0,0,0,0,0,0,"107,080","107,080",0,0,0,0,0,0,0,0,0
19170107,GIGABYTE H610M S2H V2 D4 듀러블에디션 피씨디렉트,0,0,0,0,0,0,0,"116,000","116,000",0,0,0,0,0,0,0,0,0
66046067,GIGABYTE H610M S2H V2 제이씨현,0,0,0,0,0,0,0,"112,040","112,040",0,0,0,0,0,0,0,0,0
65307479,GIGABYTE H610M S2H V2 피씨디렉트,0,0,0,0,0,0,0,"107,320","107,320",0,0,0,0,0,0,0,0,0
106454201,GIGABYTE H810M D2HX SI GEN5 제이씨현,0,0,0,0,0,0,0,"115,530","115,520",0,0,0,0,0,0,0,0,0
106735550,GIGABYTE H810M D2HX SI GEN5 피씨디렉트,0,0,0,0,0,0,0,"115,330","115,330",0,0,0,0,0,0,0,0,0
124033966,GIGABYTE H810M H GEN5 제이씨현,0,0,0,0,0,0,0,"113,900","113,900",0,0,0,0,0,0,0,0,0
106045001,GIGABYTE H810M H GEN5 피씨디렉트,0,0,0,0,0,0,0,"112,740","112,740",0,0,0,0,0,0,0,0,0
76941815,GIGABYTE H810M H 제이씨현,0,0,0,0,0,0,0,"98,220","98,220",0,0,0,0,0,0,0,0,0
76942061,GIGABYTE H810M H 피씨디렉트,0,0,0,0,0,0,0,"112,480","112,480",0,0,0,0,0,0,0,0,0
108401528,GIGABYTE H810M K GEN5 제이씨현,0,0,0,0,0,0,0,"101,030","101,030",0,0,0,0,0,0,0,0,0
106045718,GIGABYTE H810M K GEN5 피씨디렉트,0,0,0,0,0,0,0,"102,210","102,210",0,0,0,0,0,0,0,0,0
76941983,GIGABYTE H810M K 제이씨현,0,0,0,0,0,0,0,"106,130","106,130",0,0,0,0,0,0,0,0,0
76942073,GIGABYTE H810M K 피씨디렉트,0,0,0,0,0,0,0,"102,220","102,220",0,0,0,0,0,0,0,0,0
122687782,GIGABYTE H810M S2H GEN5 제이씨현,0,0,0,0,0,0,0,"114,850","114,850",0,0,0,0,0,0,0,0,0
106688174,GIGABYTE H810M S2H GEN5 피씨디렉트,0,0,0,0,0,0,0,"115,920","115,920",0,0,0,0,0,0,0,0,0
76941716,GIGABYTE H810M S2H 제이씨현,0,0,0,0,0,0,0,"118,990","118,970",0,0,0,0,0,0,0,0,0
76942094,GIGABYTE H810M S2H 피씨디렉트,0,0,0,0,0,0,0,"115,920","115,920",0,0,0,0,0,0,0,0,0
31472456,GIGABYTE TRX50 AERO D 피씨디렉트,0,0,0,0,0,0,0,"1,039,690","1,039,690",0,0,0,0,0,0,0,0,0
63938699,GIGABYTE TRX50 AI TOP 제이씨현,0,0,0,0,0,0,0,"1,403,130","1,403,130",0,0,0,0,0,0,0,0,0
64267934,GIGABYTE TRX50 AI TOP 피씨디렉트,0,0,0,0,0,0,0,"1,384,230","1,384,230",0,0,0,0,0,0,0,0,0
75988922,GIGABYTE W790 AI TOP 제이씨현,0,0,0,0,0,0,0,"1,410,000","1,410,000",0,0,0,0,0,0,0,0,0
75856148,GIGABYTE W790 AI TOP 피씨디렉트,0,0,0,0,0,0,0,"1,488,460","1,488,460",0,0,0,0,0,0,0,0,0
17915426,GIGABYTE X670 AORUS ELITE AX 제이씨현,0,0,0,0,0,0,0,"279,000","279,000",0,0,0,0,0,0,0,0,0
67845863,GIGABYTE X870 AORUS ELITE WIFI7 ICE 제이씨현,0,0,0,0,0,0,0,"341,320","341,320",0,0,0,0,0,0,0,0,0
67847492,GIGABYTE X870 AORUS ELITE WIFI7 ICE 피씨디렉트,0,0,0,0,0,0,0,"343,510","343,510",0,0,0,0,0,0,0,0,0
67845815,GIGABYTE X870 AORUS ELITE WIFI7 제이씨현,0,0,0,0,0,0,0,"334,510","334,510",0,0,0,0,0,0,0,0,0
67847474,GIGABYTE X870 AORUS ELITE WIFI7 피씨디렉트,0,0,0,0,0,0,0,"340,630","340,630",0,0,0,0,0,0,0,0,0
122728388,GIGABYTE X870 AORUS INFINITY 제이씨현,0,0,0,0,0,0,0,"1,064,510","1,064,510",0,0,0,0,0,0,0,0,0
122726583,GIGABYTE X870 AORUS INFINITY 피씨디렉트,0,0,0,0,0,0,0,"1,022,690","1,022,690",0,0,0,0,0,0,0,0,0
93073223,GIGABYTE X870 AORUS STEALTH ICE 제이씨현,0,0,0,0,0,0,0,"444,790","444,790",0,0,0,0,0,0,0,0,0
93073367,GIGABYTE X870 AORUS STEALTH ICE 피씨디렉트,0,0,0,0,0,0,0,"445,650","445,650",0,0,0,0,0,0,0,0,0
108227564,GIGABYTE X870 AORUS STEALTH 제이씨현,0,0,0,0,0,0,0,"444,570","444,570",0,0,0,0,0,0,0,0,0
104966306,GIGABYTE X870 AORUS STEALTH 피씨디렉트,0,0,0,0,0,0,0,"447,180","447,180",0,0,0,0,0,0,0,0,0
67846052,GIGABYTE X870 EAGLE WIFI7 제이씨현,0,0,0,0,0,0,0,"321,990","321,990",0,0,0,0,0,0,0,0,0
67852706,GIGABYTE X870 EAGLE WIFI7 피씨디렉트,0,0,0,0,0,0,0,"285,380","285,380",0,0,0,0,0,0,0,0,0
122662050,GIGABYTE X870E AERO X3D DARK WOOD 제이씨현,0,0,0,0,0,0,0,"559,870","559,870",0,0,0,0,0,0,0,0,0
122681102,GIGABYTE X870E AERO X3D DARK WOOD 피씨디렉트,0,0,0,0,0,0,0,"562,110","562,110",0,0,0,0,0,0,0,0,0
122829806,GIGABYTE X870E AERO X3D WOOD 피씨디렉트,0,0,0,0,0,0,0,"562,080","562,080",0,0,0,0,0,0,0,0,0
106767464,GIGABYTE X870E AORUS ELITE X3D ICE 제이씨현,0,0,0,0,0,0,0,"418,960","418,960",0,0,0,0,0,0,0,0,0
106765016,GIGABYTE X870E AORUS ELITE X3D ICE 피씨디렉트,0,0,0,0,0,0,0,"416,870","416,870",0,0,0,0,0,0,0,0,0
107989658,GIGABYTE X870E AORUS ELITE X3D 제이씨현,0,0,0,0,0,0,0,"419,150","419,150",0,0,0,0,0,0,0,0,0
106764977,GIGABYTE X870E AORUS ELITE X3D 피씨디렉트,0,0,0,0,0,0,0,"416,850","416,850",0,0,0,0,0,0,0,0,0
98227940,GIGABYTE X870E AORUS MASTER X3D ICE 제이씨현,0,0,0,0,0,0,0,"833,430","833,430",0,0,0,0,0,0,0,0,0
98613731,GIGABYTE X870E AORUS MASTER X3D ICE 피씨디렉트,0,0,0,0,0,0,0,"792,310","792,310",0,0,0,0,0,0,0,0,0
67845785,GIGABYTE X870E AORUS PRO ICE 제이씨현,0,0,0,0,0,0,0,"697,490","697,490",0,0,0,0,0,0,0,0,0
67847609,GIGABYTE X870E AORUS PRO ICE 피씨디렉트,0,0,0,0,0,0,0,"510,080","507,080",0,0,0,0,0,0,0,0,0
98229074,GIGABYTE X870E AORUS PRO X3D ICE 제이씨현,0,0,0,0,0,0,0,"599,860","599,860",0,0,0,0,0,0,0,0,0
98543660,GIGABYTE X870E AORUS PRO X3D ICE 피씨디렉트,0,0,0,0,0,0,0,"594,950","594,950",0,0,0,0,0,0,0,0,0
75600170,GIGABYTE X870E AORUS PRO 제이씨현,0,0,0,0,0,0,0,"393,900","393,900",0,0,0,0,0,0,0,0,0
73560548,GIGABYTE X870E AORUS PRO 피씨디렉트,0,0,0,0,0,0,0,"449,990","449,990",0,0,0,0,0,0,0,0,0
73770854,GIGABYTE X870E AORUS XTREME AI TOP 피씨디렉트,0,0,0,0,0,0,0,"939,000","939,000",0,0,0,0,0,0,0,0,0
79402439,GIGABYTE X870I AORUS PRO ICE 제이씨현,0,0,0,0,0,0,0,"518,990","518,990",0,0,0,0,0,0,0,0,0
77791190,GIGABYTE X870I AORUS PRO ICE 피씨디렉트,0,0,0,0,0,0,0,"460,680","458,990",0,0,0,0,0,0,0,0,0
6508375,GIGABYTE Z390 AORUS ULTRA 제이씨현,0,0,0,0,0,0,0,"350,000","350,000",0,0,0,0,0,0,0,0,0
13537568,GIGABYTE Z590 AORUS ULTRA 제이씨현,0,0,0,0,0,0,0,"550,000","550,000",0,0,0,0,0,0,0,0,0
13448285,GIGABYTE Z590 AORUS ULTRA 피씨디렉트,0,0,0,0,0,0,0,"550,000","550,000",0,0,0,0,0,0,0,0,0
15653582,GIGABYTE Z690 AORUS ELITE 피씨디렉트,0,0,0,0,0,0,0,"450,000","450,000",0,0,0,0,0,0,0,0,0
15932150,GIGABYTE Z690 AORUS XTREME WATERFORCE 피씨디렉트,0,0,0,0,0,0,0,"1,080,000","1,080,000",0,0,0,0,0,0,0,0,0
18264857,GIGABYTE Z790 AORUS ELITE AX 제이씨현,0,0,0,0,0,0,0,"450,000","450,000",0,0,0,0,0,0,0,0,0
18261176,GIGABYTE Z790 AORUS ELITE AX 피씨디렉트,0,0,0,0,0,0,0,"450,000","450,000",0,0,0,0,0,0,0,0,0
18112316,GIGABYTE Z790 AORUS ELITE 제이씨현,0,0,0,0,0,0,0,"253,670","253,670",0,0,0,0,0,0,0,0,0
54326606,GIGABYTE Z790 AORUS XTREME X ICE + AORUS 지포스 RTX 4080 SUPER XTREME ICE 패키지 피씨디렉트,0,0,0,0,0,0,0,"3,115,260","3,115,260",0,0,0,0,0,0,0,0,0
18460412,GIGABYTE Z790 AORUS XTREME 제이씨현,0,0,0,0,0,0,0,"1,550,000","1,550,000",0,0,0,0,0,0,0,0,0
18265187,GIGABYTE Z790 UD 제이씨현,0,0,0,0,0,0,0,"514,500","514,500",0,0,0,0,0,0,0,0,0
18261245,GIGABYTE Z790 UD 피씨디렉트,0,0,0,0,0,0,0,"301,970","301,970",0,0,0,0,0,0,0,0,0
122618006,GIGABYTE Z890 AORUS ELITE DUO X 제이씨현,0,0,0,0,0,0,0,"445,900","445,900",0,0,0,0,0,0,0,0,0
109680482,GIGABYTE Z890 AORUS ELITE DUO X 피씨디렉트,0,0,0,0,0,0,0,"423,100","423,080",0,0,0,0,0,0,0,0,0
69699071,GIGABYTE Z890 AORUS ELITE WIFI7 ICE 제이씨현,0,0,0,0,0,0,0,"348,030","348,030",0,0,0,0,0,0,0,0,0
69699599,GIGABYTE Z890 AORUS ELITE WIFI7 ICE 피씨디렉트,0,0,0,0,0,0,0,"348,490","348,490",0,0,0,0,0,0,0,0,0
122618900,GIGABYTE Z890 AORUS ELITE WIFI7 PLUS 제이씨현,0,0,0,0,0,0,0,"341,710","341,710",0,0,0,0,0,0,0,0,0
122617802,GIGABYTE Z890 AORUS ELITE WIFI7 PLUS 피씨디렉트,0,0,0,0,0,0,0,"342,670","342,670",0,0,0,0,0,0,0,0,0
69699182,GIGABYTE Z890 AORUS ELITE WIFI7 제이씨현,0,0,0,0,0,0,0,"344,050","344,050",0,0,0,0,0,0,0,0,0
69699671,GIGABYTE Z890 AORUS ELITE WIFI7 피씨디렉트,0,0,0,0,0,0,0,"357,000","357,000",0,0,0,0,0,0,0,0,0
69699467,GIGABYTE Z890 AORUS MASTER 피씨디렉트,0,0,0,0,0,0,0,"633,890","633,890",0,0,0,0,0,0,0,0,0
69698870,GIGABYTE Z890 AORUS PRO ICE 제이씨현,0,0,0,0,0,0,0,"406,490","406,490",0,0,0,0,0,0,0,0,0
69699584,GIGABYTE Z890 AORUS PRO ICE 피씨디렉트,0,0,0,0,0,0,0,"421,790","421,790",0,0,0,0,0,0,0,0,0
72227675,GIGABYTE Z890 AORUS XTREME AI TOP 피씨디렉트,0,0,0,0,0,0,0,"1,650,240","1,650,240",0,0,0,0,0,0,0,0,0
69699317,GIGABYTE Z890 UD 제이씨현,0,0,0,0,0,0,0,"287,850","287,850",0,0,0,0,0,0,0,0,0
69699425,GIGABYTE Z890 UD 피씨디렉트,0,0,0,0,0,0,0,"290,520","290,520",0,0,0,0,0,0,0,0,0
69699389,GIGABYTE Z890I AORUS ULTRA 제이씨현,0,0,0,0,0,0,0,"486,920","486,920",0,0,0,0,0,0,0,0,0
69699695,GIGABYTE Z890I AORUS ULTRA 피씨디렉트,0,0,0,0,0,0,0,"476,520","476,520",0,0,0,0,0,0,0,0,0
122617854,GIGABYTE Z890M AORUS ELITE WIFI7 ICE 피씨디렉트,0,0,0,0,0,0,0,"319,670","319,670",0,0,0,0,0,0,0,0,0
122617914,GIGABYTE Z890M AORUS ELITE WIFI7 피씨디렉트,0,0,0,0,0,0,0,"300,920","300,910",0,0,0,0,0,0,0,0,0
6898267,H110 M-ATX (중고),0,0,0,0,0,0,0,"22,900","22,900",0,0,0,0,0,0,0,0,0
11973338,H310 (중고),0,0,0,0,0,0,0,"23,000","23,000",0,0,0,0,0,0,0,0,0
16275566,H510 (중고),0,0,0,0,0,0,0,"47,740","47,720",0,0,0,0,0,0,0,0,0
76948292,MAXSUN e스포츠 B650ITX WIFI ICE 디앤디컴,0,0,0,0,0,0,0,"182,830","182,830",0,0,0,0,0,0,0,0,0
92043230,MAXSUN e스포츠 B850ITX WIFI ICE 디앤디컴,0,0,0,0,0,0,0,"210,790","210,790",0,0,0,0,0,0,0,0,0
103452395,MAXSUN e스포츠 B850M WIFI ICE 디앤디컴,0,0,0,0,0,0,0,"138,640","138,640",0,0,0,0,0,0,0,0,0
124364751,MAXSUN 마일스톤 H610M 2.5G V3 디앤디컴,0,0,0,0,0,0,0,가격비교예정,가격비교예정,0,0,0,0,0,0,0,0,0
77283125,MAXSUN 아이크레프트 Z890 아크틱 디앤디컴,0,0,0,0,0,0,0,"445,970","445,970",0,0,0,0,0,0,0,0,0
122616566,MAXSUN 아이크레프트 Z890 퍼시픽 디앤디컴,0,0,0,0,0,0,0,"449,990","449,990",0,0,0,0,0,0,0,0,0
76948274,MAXSUN 챌린저 A620A 2.5G 디앤디컴,0,0,0,0,0,0,0,"119,000","119,000",0,0,0,0,0,0,0,0,0
124087254,MAXSUN 챌린저 B460M-D 디앤디컴,0,0,0,0,0,0,0,"101,360","101,360",0,0,0,0,0,0,0,0,0
77313929,MAXSUN 챌린저 B760ITX D5 디앤디컴,0,0,0,0,0,0,0,"184,000","184,000",0,0,0,0,0,0,0,0,0
58837484,MAXSUN 챌린저 H610ITX 2LAN 디앤디컴,0,0,0,0,0,0,0,"141,450","141,450",0,0,0,0,0,0,0,0,0
102004862,MAXSUN 챌린저 H810ITX WIFI 디앤디컴,0,0,0,0,0,0,0,"197,880","197,880",0,0,0,0,0,0,0,0,0
102004859,MAXSUN 챌린저 H810M 2.5G 디앤디컴,0,0,0,0,0,0,0,"125,370","125,370",0,0,0,0,0,0,0,0,0
103130498,MAXSUN 챌린저 H810M-F 디앤디컴,0,0,0,0,0,0,0,"93,310","93,310",0,0,0,0,0,0,0,0,0
77319245,MAXSUN 터미네이터 Z890-A WIFI 디앤디컴,0,0,0,0,0,0,0,"223,500","223,500",0,0,0,0,0,0,0,0,0
12067598,MSI A520M-A PRO,0,0,0,0,0,0,0,"69,640","69,640",0,0,0,0,0,0,0,0,0
18036965,MSI B550M PRO-VDH WIFI (해외구매),0,0,0,0,0,0,0,0,"167,800",0,0,0,0,0,0,0,0,0
122694411,MSI B550M-A PRO,0,0,0,0,0,0,0,"96,800","96,800",0,0,0,0,0,0,0,0,0
53418977,MSI B650M 프로젝트 제로,0,0,0,0,0,0,0,"223,230","223,230",0,0,0,0,0,0,0,0,0
53419463,MSI B760M 프로젝트 제로,0,0,0,0,0,0,0,"233,700","233,700",0,0,0,0,0,0,0,0,0
122639563,MSI B850M 게이밍 플러스 WIFI6E,0,0,0,0,0,0,0,"204,400","204,400",0,0,0,0,0,0,0,0,0
13628021,MSI H510M-A PRO,0,0,0,0,0,0,0,"150,000","150,000",0,0,0,0,0,0,0,0,0
13631252,MSI MAG B550 토마호크 (해외구매),0,0,0,0,0,0,0,"304,530","304,530",0,0,0,0,0,0,0,0,0
17971181,MSI MAG B650 토마호크 WIFI,0,0,0,0,0,0,0,"249,200","249,200",0,0,0,0,0,0,0,0,0
17971187,MSI MAG B650M 박격포 WIFI,0,0,0,0,0,0,0,"205,050","205,050",0,0,0,0,0,0,0,0,0
16089002,MSI MAG B660M 박격포 DDR4,0,0,0,0,0,0,0,"196,000","196,000",0,0,0,0,0,0,0,0,0
18652865,MSI MAG B760 토마호크 WIFI,0,0,0,0,0,0,0,"227,600","227,600",0,0,0,0,0,0,0,0,0
37226114,MSI MAG B760M 박격포 II,0,0,0,0,0,0,0,"175,600","175,600",0,0,0,0,0,0,0,0,0
74814341,MSI MAG B850 토마호크 맥스 WIFI,0,0,0,0,0,0,0,"325,000","325,000",0,0,0,0,0,0,0,0,0
91493696,MSI MAG B850M 박격포,0,0,0,0,0,0,0,"248,940","248,940",0,0,0,0,0,0,0,0,0
79397648,MSI MAG B850M 박격포 WIFI,0,0,0,0,0,0,0,"264,010","264,010",0,0,0,0,0,0,0,0,0
74340455,MSI MAG B860 토마호크 WIFI,0,0,0,0,0,0,0,"285,980","283,480",0,0,0,0,0,0,0,0,0
122636609,MSI MAG B860M 박격포,0,0,0,0,0,0,0,"243,020","243,020",0,0,0,0,0,0,0,0,0
74340266,MSI MAG B860M 박격포 WIFI,0,0,0,0,0,0,0,"265,000","265,000",0,0,0,0,0,0,0,0,0
67852370,MSI MAG X870 토마호크 WIFI,0,0,0,0,0,0,0,"418,160","379,630",0,0,0,0,0,0,0,0,0
75857021,MSI MAG X870E 토마호크 WIFI,0,0,0,0,0,0,0,"449,730","449,730",0,0,0,0,0,0,0,0,0
124011856,MSI MAG X870E 토마호크 맥스 WIFI,0,0,0,0,0,0,0,"472,990","472,990",0,0,0,0,0,0,0,0,0
104325440,MSI MAG X870E 토마호크 맥스 WIFI PZ,0,0,0,0,0,0,0,"526,480","526,480",0,0,0,0,0,0,0,0,0
69697766,MSI MAG Z890 토마호크 WIFI,0,0,0,0,0,0,0,"458,990","458,990",0,0,0,0,0,0,0,0,0
124011866,MSI MAG Z890 토마호크 WIFI II,0,0,0,0,0,0,0,"472,990","472,990",0,0,0,0,0,0,0,0,0
124335753,MSI MEG X870E 에이스 맥스,0,0,0,0,0,0,0,"868,980","868,980",0,0,0,0,0,0,0,0,0
69697592,MSI MEG Z890 에이스,0,0,0,0,0,0,0,"948,960","948,960",0,0,0,0,0,0,0,0,0
69698594,MSI MEG Z890 유니파이-X,0,0,0,0,0,0,0,"690,000","690,000",0,0,0,0,0,0,0,0,0
18172115,MSI MPG B650 엣지 WIFI,0,0,0,0,0,0,0,"401,490","401,490",0,0,0,0,0,0,0,0,0
17971178,MSI MPG B650 카본 WIFI,0,0,0,0,0,0,0,"915,000","915,000",0,0,0,0,0,0,0,0,0
74814380,MSI MPG B850 엣지 TI WIFI,0,0,0,0,0,0,0,"365,000","365,000",0,0,0,0,0,0,0,0,0
97121510,MSI MPG B850I 엣지 TI WIFI,0,0,0,0,0,0,0,"375,000","375,000",0,0,0,0,0,0,0,0,0
9500100,MSI MPG X470 게이밍 플러스 맥스,0,0,0,0,0,0,0,"186,990","186,990",0,0,0,0,0,0,0,0,0
75538472,MSI MPG X870E 엣지 TI WIFI,0,0,0,0,0,0,0,"495,000","495,000",0,0,0,0,0,0,0,0,0
67852652,MSI MPG X870E 카본 WIFI,0,0,0,0,0,0,0,"513,450","513,450",0,0,0,0,0,0,0,0,0
124335598,MSI MPG X870E 카본 맥스 WIFI,0,0,0,0,0,0,0,"691,490","691,490",0,0,0,0,0,0,0,0,0
69698492,MSI MPG Z890 엣지 TI WIFI,0,0,0,0,0,0,0,"545,000","545,000",0,0,0,0,0,0,0,0,0
69698066,MSI MPG Z890 카본 WIFI,0,0,0,0,0,0,0,"595,000","595,000",0,0,0,0,0,0,0,0,0
100192175,MSI PRO A620AM-B EVO,0,0,0,0,0,0,0,"98,000","98,000",0,0,0,0,0,0,0,0,0
39249221,MSI PRO A620M-C EX,0,0,0,0,0,0,0,"118,500","118,490",0,0,0,0,0,0,0,0,0
19705316,MSI PRO A620M-E,0,0,0,0,0,0,0,"109,000","109,000",0,0,0,0,0,0,0,0,0
122694479,MSI PRO B550M-P,0,0,0,0,0,0,0,"115,000","115,000",0,0,0,0,0,0,0,0,0
62568890,MSI PRO B650M-A,0,0,0,0,0,0,0,"148,720","148,720",0,0,0,0,0,0,0,0,0
17971184,MSI PRO B650M-A WIFI,0,0,0,0,0,0,0,"165,370","165,370",0,0,0,0,0,0,0,0,0
57295043,MSI PRO B650M-B,0,0,0,0,0,0,0,"111,130","111,130",0,0,0,0,0,0,0,0,0
20108249,MSI PRO B650M-P,0,0,0,0,0,0,0,"124,800","124,800",0,0,0,0,0,0,0,0,0
27474755,MSI PRO B760M-A DDR4 II,0,0,0,0,0,0,0,"141,480","141,480",0,0,0,0,0,0,0,0,0
19241759,MSI PRO B760M-A WIFI,0,0,0,0,0,0,0,"154,950","154,950",0,0,0,0,0,0,0,0,0
122637313,MSI PRO B760M-E DDR4,0,0,0,0,0,0,0,"117,490","117,490",0,0,0,0,0,0,0,0,0
20171636,MSI PRO B760M-P,0,0,0,0,0,0,0,"134,500","134,490",0,0,0,0,0,0,0,0,0
18652889,MSI PRO B760M-P DDR4,0,0,0,0,0,0,0,"125,090","125,090",0,0,0,0,0,0,0,0,0
73948922,MSI PRO B840-P WIFI,0,0,0,0,0,0,0,"191,490","191,490",0,0,0,0,0,0,0,0,0
93502442,MSI PRO B850M-A WIFI,0,0,0,0,0,0,0,"182,800","182,800",0,0,0,0,0,0,0,0,0
98544692,MSI PRO B850M-P,0,0,0,0,0,0,0,"176,340","176,340",0,0,0,0,0,0,0,0,0
74339975,MSI PRO B860M-A WIFI,0,0,0,0,0,0,0,"208,990","208,990",0,0,0,0,0,0,0,0,0
123668879,MSI PRO B860M-A WIFI6E,0,0,0,0,0,0,0,"204,400","204,400",0,0,0,0,0,0,0,0,0
16637543,MSI PRO H610M-C EX,0,0,0,0,0,0,0,"109,990","109,990",0,0,0,0,0,0,0,0,0
18109313,MSI PRO H610M-E DDR4,0,0,0,0,0,0,0,"86,900","86,900",0,0,0,0,0,0,0,0,0
97837412,MSI PRO H610M-E DDR5,0,0,0,0,0,0,0,"90,980","90,980",0,0,0,0,0,0,0,0,0
16314863,MSI PRO H610M-G DDR4,0,0,0,0,0,0,0,"122,000","122,000",0,0,0,0,0,0,0,0,0
97121798,MSI PRO H810M-B,0,0,0,0,0,0,0,"126,140","126,140",0,0,0,0,0,0,0,0,0
105969161,MSI PRO H810M-C EX,0,0,0,0,0,0,0,"134,500","134,500",0,0,0,0,0,0,0,0,0
122675438,MSI PRO H810M-E,0,0,0,0,0,0,0,"116,570","116,570",0,0,0,0,0,0,0,0,0
27475169,MSI PRO Z790-P WIFI,0,0,0,0,0,0,0,"283,270","283,250",0,0,0,0,0,0,0,0,0
69697916,MSI PRO Z890-A WIFI,0,0,0,0,0,0,0,"373,900","373,900",0,0,0,0,0,0,0,0,0
13164092,MSI 프레스티지 X570 크리에이션 (해외구매),0,0,0,0,0,0,0,"600,000","600,000",0,0,0,0,0,0,0,0,0
90957212,NZXT N9 X870E Black,0,0,0,0,0,0,0,"659,000","659,000",0,0,0,0,0,0,0,0,0
90957218,NZXT N9 X870E White,0,0,0,0,0,0,0,"659,000","659,000",0,0,0,0,0,0,0,0,0
77460638,NZXT N9 Z890 Black,0,0,0,0,0,0,0,"711,450","711,450",0,0,0,0,0,0,0,0,0
77460707,NZXT N9 Z890 White,0,0,0,0,0,0,0,"639,900","639,900",0,0,0,0,0,0,0,0,0
2191233,PEGATRON IPMSB/H61 (B3) (중고) 인텍앤컴퍼니,0,0,0,0,0,0,0,"25,000","25,000",0,0,0,0,0,0,0,0,0
71502050,Supermicro H13SSL-NT R2.0 STCOM,0,0,0,0,0,0,0,"1,404,990","1,404,990",0,0,0,0,0,0,0,0,0
20226770,Supermicro X13SAZ-Q STCOM,0,0,0,0,0,0,0,"703,790","703,790",0,0,0,0,0,0,0,0,0
20606708,Supermicro X13SRA-TF STCOM,0,0,0,0,0,0,0,"1,273,400","1,273,400",0,0,0,0,0,0,0,0,0
16276364,X570 (중고),0,0,0,0,0,0,0,"125,000","125,000",0,0,0,0,0,0,0,0,0
11973272,Z370 (중고),0,0,0,0,0,0,0,"51,990","51,990",0,0,0,0,0,0,0,0,0
11973482,Z390 (중고),0,0,0,0,0,0,0,"68,990","68,990",0,0,0,0,0,0,0,0,0
16275491,Z490 (중고),0,0,0,0,0,0,0,"85,000","85,000",0,0,0,0,0,0,0,0,0
13170663,Z690 DDR4 (중고),0,0,0,0,0,0,0,"149,000","149,000",0,0,0,0,0,0,0,0,0
101956625,액슬 MBAIH310 R2 에즈윈,0,0,0,0,0,0,0,"96,260","96,260",0,0,0,0,0,0,0,0,0
16734461,에너지옵티머스 B250 BTC-12P (벌크),0,0,0,0,0,0,0,"141,000","141,000",0,0,0,0,0,0,0,0,0
16991345,에너지옵티머스 B75USB BTC (벌크),0,0,0,0,0,0,0,"103,000","103,000",0,0,0,0,0,0,0,0,0
99640991,타무즈 B760M-ID5 (벌크),0,0,0,0,0,0,0,"103,580","103,580",0,0,0,0,0,0,0,0,0
92678384,타무즈 H610M-ID4,0,0,0,0,0,0,0,"75,750","75,750",0,0,0,0,0,0,0,0,0
92678408,타무즈 H610M-ID5,0,0,0,0,0,0,0,"78,370","78,370",0,0,0,0,0,0,0,0,0
